ISO-10303-21;
HEADER;
/* Generated by software containing ST-Developer
 * from STEP Tools, Inc. (www.steptools.com) 
 */

FILE_DESCRIPTION(
/* description */ (''),
/* implementation_level */ '2;1');

FILE_NAME(
/* name */ 'Body.step',
/* time_stamp */ '2026-07-02T19:15:13-04:00',
/* author */ (''),
/* organization */ (''),
/* preprocessor_version */ 'ST-DEVELOPER v20.1',
/* originating_system */ 'Autodesk Translation Framework v15.8.0.0',
/* authorisation */ '');

FILE_SCHEMA (('AUTOMOTIVE_DESIGN { 1 0 10303 214 3 1 1 }'));
ENDSEC;

DATA;
#10=MECHANICAL_DESIGN_GEOMETRIC_PRESENTATION_REPRESENTATION('',(#13),#9887);
#11=SHAPE_REPRESENTATION_RELATIONSHIP('SRR','None',#9894,#12);
#12=ADVANCED_BREP_SHAPE_REPRESENTATION('',(#14),#9886);
#13=STYLED_ITEM('',(#9903),#14);
#14=MANIFOLD_SOLID_BREP('Body',#5617);
#15=(
BOUNDED_CURVE()
B_SPLINE_CURVE(2,(#8271,#8272,#8273),.UNSPECIFIED.,.F.,.F.)
B_SPLINE_CURVE_WITH_KNOTS((3,3),(2.24389972949559,2.26634046082626),
 .UNSPECIFIED.)
CURVE()
GEOMETRIC_REPRESENTATION_ITEM()
RATIONAL_B_SPLINE_CURVE((0.999071700476704,0.999070222052224,0.99906880690127))
REPRESENTATION_ITEM('')
);
#16=(
BOUNDED_CURVE()
B_SPLINE_CURVE(2,(#8622,#8623,#8624),.UNSPECIFIED.,.F.,.F.)
B_SPLINE_CURVE_WITH_KNOTS((3,3),(2.24389972949559,2.26634046082626),
 .UNSPECIFIED.)
CURVE()
GEOMETRIC_REPRESENTATION_ITEM()
RATIONAL_B_SPLINE_CURVE((0.999071700476704,0.999070222052224,0.99906880690127))
REPRESENTATION_ITEM('')
);
#17=(
BOUNDED_CURVE()
B_SPLINE_CURVE(2,(#9023,#9024,#9025,#9026,#9027,#9028,#9029,#9030,#9031,
#9032),.UNSPECIFIED.,.F.,.F.)
B_SPLINE_CURVE_WITH_KNOTS((3,1,1,1,1,1,1,1,3),(0.,0.0438856775609512,0.0839486311232073,
0.120286225810981,0.152935508411681,0.181945841152552,0.20738087102799,
0.229321212173715,0.300686137896736),.UNSPECIFIED.)
CURVE()
GEOMETRIC_REPRESENTATION_ITEM()
RATIONAL_B_SPLINE_CURVE((1.,0.998399153947587,0.996230786947598,0.995000032189818,
0.994496933481881,0.994535717498585,0.99495319149138,0.995608821398826,
0.997396775759797,1.))
REPRESENTATION_ITEM('')
);
#18=(
BOUNDED_CURVE()
B_SPLINE_CURVE(2,(#9221,#9222,#9223),.UNSPECIFIED.,.F.,.F.)
B_SPLINE_CURVE_WITH_KNOTS((3,3),(2.24389972949559,2.26634046082626),
 .UNSPECIFIED.)
CURVE()
GEOMETRIC_REPRESENTATION_ITEM()
RATIONAL_B_SPLINE_CURVE((0.999071700476704,0.999070222052224,0.99906880690127))
REPRESENTATION_ITEM('')
);
#19=(
BOUNDED_CURVE()
B_SPLINE_CURVE(2,(#9468,#9469,#9470),.UNSPECIFIED.,.F.,.F.)
B_SPLINE_CURVE_WITH_KNOTS((3,3),(2.24389972949559,2.26634046082626),
 .UNSPECIFIED.)
CURVE()
GEOMETRIC_REPRESENTATION_ITEM()
RATIONAL_B_SPLINE_CURVE((0.999071700476704,0.999070222052224,0.99906880690127))
REPRESENTATION_ITEM('')
);
#20=FACE_BOUND('',#583,.T.);
#21=FACE_BOUND('',#584,.T.);
#22=FACE_BOUND('',#630,.T.);
#23=FACE_BOUND('',#711,.T.);
#24=FACE_BOUND('',#751,.T.);
#25=FACE_BOUND('',#752,.T.);
#26=FACE_BOUND('',#799,.T.);
#27=FACE_BOUND('',#802,.T.);
#28=FACE_BOUND('',#804,.T.);
#29=FACE_BOUND('',#806,.T.);
#30=FACE_BOUND('',#811,.T.);
#31=FACE_BOUND('',#814,.T.);
#32=FACE_BOUND('',#818,.T.);
#33=FACE_BOUND('',#820,.T.);
#34=FACE_BOUND('',#831,.T.);
#35=FACE_BOUND('',#834,.T.);
#36=FACE_BOUND('',#836,.T.);
#37=FACE_BOUND('',#838,.T.);
#38=FACE_BOUND('',#842,.T.);
#39=FACE_BOUND('',#844,.T.);
#40=FACE_BOUND('',#848,.T.);
#41=FACE_BOUND('',#850,.T.);
#42=FACE_BOUND('',#866,.T.);
#43=FACE_BOUND('',#869,.T.);
#44=FACE_BOUND('',#871,.T.);
#45=FACE_BOUND('',#873,.T.);
#46=FACE_BOUND('',#877,.T.);
#47=FACE_BOUND('',#879,.T.);
#48=FACE_BOUND('',#883,.T.);
#49=FACE_BOUND('',#885,.T.);
#50=FACE_BOUND('',#903,.T.);
#51=FACE_BOUND('',#906,.T.);
#52=FACE_BOUND('',#908,.T.);
#53=FACE_BOUND('',#910,.T.);
#54=FACE_BOUND('',#914,.T.);
#55=FACE_BOUND('',#916,.T.);
#56=FACE_BOUND('',#920,.T.);
#57=FACE_BOUND('',#922,.T.);
#58=B_SPLINE_CURVE_WITH_KNOTS('',3,(#8088,#8089,#8090,#8091,#8092,#8093,
#8094,#8095),.UNSPECIFIED.,.F.,.F.,(4,2,2,4),(0.0319316924306895,0.121829848968392,
0.210610707830774,0.211427992374293),.UNSPECIFIED.);
#59=B_SPLINE_CURVE_WITH_KNOTS('',3,(#8105,#8106,#8107,#8108,#8109,#8110,
#8111,#8112,#8113,#8114),.UNSPECIFIED.,.F.,.F.,(4,2,2,2,4),(-0.000745196043267932,
0.,0.0545348431176249,0.130096648278284,0.168578946391508),
 .UNSPECIFIED.);
#60=B_SPLINE_CURVE_WITH_KNOTS('',3,(#8360,#8361,#8362,#8363,#8364,#8365,
#8366,#8367),.UNSPECIFIED.,.F.,.F.,(4,2,2,4),(-0.00108933392578469,0.,0.0285845998608468,
0.0906481622041473),.UNSPECIFIED.);
#61=B_SPLINE_CURVE_WITH_KNOTS('',3,(#8374,#8375,#8376,#8377,#8378,#8379,
#8380,#8381),.UNSPECIFIED.,.F.,.F.,(4,2,2,4),(0.0906481622041473,0.152711724547448,
0.181296324408295,0.182385658334079),.UNSPECIFIED.);
#62=B_SPLINE_CURVE_WITH_KNOTS('',3,(#8400,#8401,#8402,#8403,#8404,#8405,
#8406,#8407,#8408,#8409,#8410,#8411,#8412,#8413),.UNSPECIFIED.,.F.,.F.,
(4,2,2,2,2,2,4),(-0.000907605713317914,0.,0.062675749853129,0.124734864649739,
0.186793979446343,0.249469729297798,0.250377335011184),.UNSPECIFIED.);
#63=B_SPLINE_CURVE_WITH_KNOTS('',3,(#8525,#8526,#8527,#8528,#8529,#8530,
#8531,#8532),.UNSPECIFIED.,.F.,.F.,(4,2,2,4),(0.0319316924306895,0.121829848968391,
0.210610707830758,0.211427992374275),.UNSPECIFIED.);
#64=B_SPLINE_CURVE_WITH_KNOTS('',3,(#8538,#8539,#8540,#8541,#8542,#8543,
#8544,#8545,#8546,#8547),.UNSPECIFIED.,.F.,.F.,(4,2,2,2,4),(-0.00074519610255025,
0.,0.0545348441275755,0.130096652057262,0.168578951578996),
 .UNSPECIFIED.);
#65=B_SPLINE_CURVE_WITH_KNOTS('',3,(#8738,#8739,#8740,#8741,#8742,#8743,
#8744,#8745,#8746,#8747),.UNSPECIFIED.,.F.,.F.,(4,2,2,2,4),(-0.182084295162162,
-0.18055055235629,-0.153073960791736,-0.116214726410394,-0.0902752761781384),
 .UNSPECIFIED.);
#66=B_SPLINE_CURVE_WITH_KNOTS('',3,(#8749,#8750,#8751,#8752,#8753,#8754,
#8755,#8756,#8757,#8758),.UNSPECIFIED.,.F.,.F.,(4,2,2,2,4),(-0.0902752761781384,
-0.0643358259458829,-0.0274765915645375,0.,0.00153374280587111),
 .UNSPECIFIED.);
#67=B_SPLINE_CURVE_WITH_KNOTS('',3,(#8783,#8784,#8785,#8786,#8787,#8788,
#8789,#8790,#8791,#8792,#8793,#8794,#8795,#8796,#8797,#8798,#8799,#8800),
 .UNSPECIFIED.,.F.,.F.,(4,2,2,2,2,2,2,2,4),(-0.250146041606207,-0.248979739809435,
-0.185294610488015,-0.14936847746864,-0.124489869904675,-0.0996112623407159,
-0.0636851293213667,0.,0.00116630179688346),.UNSPECIFIED.);
#68=B_SPLINE_CURVE_WITH_KNOTS('',3,(#8888,#8889,#8890,#8891,#8892,#8893,
#8894,#8895,#8896,#8897,#8898,#8899,#8900,#8901),.UNSPECIFIED.,.F.,.F.,
(4,2,2,2,2,2,4),(-0.000907605846574829,0.,0.0626757520609299,0.124734871017129,
0.186793989973328,0.249469742034258,0.250377347880833),.UNSPECIFIED.);
#69=B_SPLINE_CURVE_WITH_KNOTS('',3,(#8927,#8928,#8929,#8930,#8931,#8932,
#8933,#8934),.UNSPECIFIED.,.F.,.F.,(4,2,2,4),(-0.00108933400141724,0.,0.0285846003181344,
0.0906481645780276),.UNSPECIFIED.);
#70=B_SPLINE_CURVE_WITH_KNOTS('',3,(#8941,#8942,#8943,#8944,#8945,#8946,
#8947,#8948),.UNSPECIFIED.,.F.,.F.,(4,2,2,4),(0.0906481645780276,0.152711728837929,
0.181296329155999,0.182385663157901),.UNSPECIFIED.);
#71=B_SPLINE_CURVE_WITH_KNOTS('',3,(#9073,#9074,#9075,#9076,#9077,#9078,
#9079,#9080),.UNSPECIFIED.,.F.,.F.,(4,2,2,4),(0.0319316924306881,0.121829848968521,
0.210610707852538,0.211427992394418),.UNSPECIFIED.);
#72=B_SPLINE_CURVE_WITH_KNOTS('',3,(#9090,#9091,#9092,#9093,#9094,#9095,
#9096,#9097,#9098,#9099),.UNSPECIFIED.,.F.,.F.,(4,2,2,2,4),(-0.000745196102552203,
0.,0.054534844143379,0.13009665211605,0.16857895165964),.UNSPECIFIED.);
#73=B_SPLINE_CURVE_WITH_KNOTS('',3,(#9377,#9378,#9379,#9380,#9381,#9382,
#9383,#9384),.UNSPECIFIED.,.F.,.F.,(4,2,2,4),(0.0319316924306877,0.121829848968278,
0.210610707851648,0.211427992393523),.UNSPECIFIED.);
#74=B_SPLINE_CURVE_WITH_KNOTS('',3,(#9390,#9391,#9392,#9393,#9394,#9395,
#9396,#9397,#9398,#9399),.UNSPECIFIED.,.F.,.F.,(4,2,2,2,4),(-0.000745196056860422,
0.,0.0545348432248016,0.13009664867932,0.168578946941964),.UNSPECIFIED.);
#75=TOROIDAL_SURFACE('',#5637,2.35,0.6);
#76=TOROIDAL_SURFACE('',#5648,2.35,0.6);
#77=TOROIDAL_SURFACE('',#5672,4.6,0.6);
#78=TOROIDAL_SURFACE('',#5677,4.6,0.6);
#79=TOROIDAL_SURFACE('',#5682,4.6,0.6);
#80=TOROIDAL_SURFACE('',#5684,4.6,0.6);
#81=TOROIDAL_SURFACE('',#5689,3.4,0.6);
#82=TOROIDAL_SURFACE('',#5721,2.35,0.6);
#83=TOROIDAL_SURFACE('',#5731,2.35,0.6);
#84=TOROIDAL_SURFACE('',#5750,1.4,0.6);
#85=TOROIDAL_SURFACE('',#5753,2.6,0.6);
#86=TOROIDAL_SURFACE('',#5759,2.6,0.6);
#87=TOROIDAL_SURFACE('',#5762,1.4,0.6);
#88=TOROIDAL_SURFACE('',#5766,2.35,0.6);
#89=TOROIDAL_SURFACE('',#5781,2.35,0.6);
#90=TOROIDAL_SURFACE('',#5785,4.6,0.6);
#91=TOROIDAL_SURFACE('',#5796,4.6,0.6);
#92=TOROIDAL_SURFACE('',#5801,4.6,0.6);
#93=TOROIDAL_SURFACE('',#5806,4.6,0.6);
#94=TOROIDAL_SURFACE('',#5810,3.4,0.6);
#95=TOROIDAL_SURFACE('',#5850,1.4,0.6);
#96=TOROIDAL_SURFACE('',#5856,2.6,0.6);
#97=TOROIDAL_SURFACE('',#5862,2.6,0.6);
#98=TOROIDAL_SURFACE('',#5868,1.4,0.6);
#99=TOROIDAL_SURFACE('',#5884,2.35,0.6);
#100=TOROIDAL_SURFACE('',#5892,2.35,0.6);
#101=TOROIDAL_SURFACE('',#5903,2.35,0.6);
#102=TOROIDAL_SURFACE('',#5914,2.35,0.6);
#103=TOROIDAL_SURFACE('',#5927,1.4,0.6);
#104=TOROIDAL_SURFACE('',#5930,2.6,0.6);
#105=TOROIDAL_SURFACE('',#5936,2.6,0.6);
#106=TOROIDAL_SURFACE('',#5939,1.4,0.6);
#107=TOROIDAL_SURFACE('',#5954,2.35,0.6);
#108=TOROIDAL_SURFACE('',#5965,2.35,0.6);
#109=TOROIDAL_SURFACE('',#5978,2.35,0.6);
#110=TOROIDAL_SURFACE('',#5993,4.6,0.6);
#111=TOROIDAL_SURFACE('',#5998,4.6,0.6);
#112=TOROIDAL_SURFACE('',#6003,4.6,0.6);
#113=TOROIDAL_SURFACE('',#6005,4.6,0.6);
#114=TOROIDAL_SURFACE('',#6010,3.4,0.6);
#115=TOROIDAL_SURFACE('',#6036,1.4,0.6);
#116=TOROIDAL_SURFACE('',#6042,2.6,0.6);
#117=TOROIDAL_SURFACE('',#6048,2.6,0.6);
#118=TOROIDAL_SURFACE('',#6054,1.4,0.6);
#119=TOROIDAL_SURFACE('',#6070,2.35,0.6);
#120=TOROIDAL_SURFACE('',#6074,4.6,0.6);
#121=TOROIDAL_SURFACE('',#6085,4.6,0.6);
#122=TOROIDAL_SURFACE('',#6090,4.6,0.6);
#123=TOROIDAL_SURFACE('',#6095,4.6,0.6);
#124=TOROIDAL_SURFACE('',#6099,3.4,0.6);
#125=PLANE('',#5634);
#126=PLANE('',#5653);
#127=PLANE('',#5700);
#128=PLANE('',#5704);
#129=PLANE('',#5707);
#130=PLANE('',#5710);
#131=PLANE('',#5713);
#132=PLANE('',#5716);
#133=PLANE('',#5717);
#134=PLANE('',#5718);
#135=PLANE('',#5720);
#136=PLANE('',#5765);
#137=PLANE('',#5771);
#138=PLANE('',#5821);
#139=PLANE('',#5825);
#140=PLANE('',#5828);
#141=PLANE('',#5831);
#142=PLANE('',#5834);
#143=PLANE('',#5837);
#144=PLANE('',#5838);
#145=PLANE('',#5839);
#146=PLANE('',#5841);
#147=PLANE('',#5874);
#148=PLANE('',#5875);
#149=PLANE('',#5878);
#150=PLANE('',#5883);
#151=PLANE('',#5891);
#152=PLANE('',#5898);
#153=PLANE('',#5945);
#154=PLANE('',#5946);
#155=PLANE('',#5950);
#156=PLANE('',#5952);
#157=PLANE('',#5953);
#158=PLANE('',#5970);
#159=PLANE('',#6015);
#160=PLANE('',#6019);
#161=PLANE('',#6022);
#162=PLANE('',#6025);
#163=PLANE('',#6028);
#164=PLANE('',#6031);
#165=PLANE('',#6032);
#166=PLANE('',#6063);
#167=PLANE('',#6069);
#168=PLANE('',#6109);
#169=PLANE('',#6113);
#170=PLANE('',#6116);
#171=PLANE('',#6119);
#172=PLANE('',#6122);
#173=PLANE('',#6125);
#174=PLANE('',#6126);
#175=PLANE('',#6127);
#176=PLANE('',#6128);
#177=PLANE('',#6129);
#178=PLANE('',#6130);
#179=PLANE('',#6131);
#180=PLANE('',#6132);
#181=PLANE('',#6133);
#182=PLANE('',#6134);
#183=PLANE('',#6137);
#184=PLANE('',#6138);
#185=PLANE('',#6141);
#186=PLANE('',#6146);
#187=PLANE('',#6148);
#188=PLANE('',#6149);
#189=PLANE('',#6151);
#190=PLANE('',#6153);
#191=PLANE('',#6160);
#192=PLANE('',#6164);
#193=PLANE('',#6169);
#194=PLANE('',#6170);
#195=PLANE('',#6171);
#196=PLANE('',#6172);
#197=PLANE('',#6173);
#198=PLANE('',#6174);
#199=PLANE('',#6175);
#200=PLANE('',#6176);
#201=PLANE('',#6177);
#202=PLANE('',#6178);
#203=PLANE('',#6179);
#204=PLANE('',#6180);
#205=PLANE('',#6182);
#206=PLANE('',#6183);
#207=PLANE('',#6185);
#208=PLANE('',#6187);
#209=PLANE('',#6192);
#210=PLANE('',#6194);
#211=PLANE('',#6199);
#212=PLANE('',#6200);
#213=PLANE('',#6201);
#214=PLANE('',#6202);
#215=PLANE('',#6203);
#216=PLANE('',#6204);
#217=PLANE('',#6205);
#218=PLANE('',#6206);
#219=PLANE('',#6207);
#220=PLANE('',#6210);
#221=PLANE('',#6211);
#222=PLANE('',#6214);
#223=PLANE('',#6219);
#224=PLANE('',#6221);
#225=PLANE('',#6222);
#226=PLANE('',#6224);
#227=PLANE('',#6226);
#228=PLANE('',#6231);
#229=PLANE('',#6233);
#230=PLANE('',#6238);
#231=PLANE('',#6239);
#232=PLANE('',#6240);
#233=PLANE('',#6241);
#234=PLANE('',#6242);
#235=PLANE('',#6243);
#236=PLANE('',#6244);
#237=PLANE('',#6245);
#238=PLANE('',#6246);
#239=PLANE('',#6247);
#240=PLANE('',#6248);
#241=PLANE('',#6251);
#242=PLANE('',#6252);
#243=PLANE('',#6255);
#244=PLANE('',#6260);
#245=PLANE('',#6262);
#246=PLANE('',#6263);
#247=PLANE('',#6265);
#248=PLANE('',#6267);
#249=PLANE('',#6272);
#250=PLANE('',#6274);
#251=PLANE('',#6279);
#252=PLANE('',#6280);
#253=PLANE('',#6281);
#254=PLANE('',#6282);
#255=PLANE('',#6283);
#256=PLANE('',#6284);
#257=PLANE('',#6285);
#258=PLANE('',#6286);
#259=FACE_OUTER_BOUND('',#575,.T.);
#260=FACE_OUTER_BOUND('',#576,.T.);
#261=FACE_OUTER_BOUND('',#577,.T.);
#262=FACE_OUTER_BOUND('',#578,.T.);
#263=FACE_OUTER_BOUND('',#579,.T.);
#264=FACE_OUTER_BOUND('',#580,.T.);
#265=FACE_OUTER_BOUND('',#581,.T.);
#266=FACE_OUTER_BOUND('',#582,.T.);
#267=FACE_OUTER_BOUND('',#585,.T.);
#268=FACE_OUTER_BOUND('',#586,.T.);
#269=FACE_OUTER_BOUND('',#587,.T.);
#270=FACE_OUTER_BOUND('',#588,.T.);
#271=FACE_OUTER_BOUND('',#589,.T.);
#272=FACE_OUTER_BOUND('',#590,.T.);
#273=FACE_OUTER_BOUND('',#591,.T.);
#274=FACE_OUTER_BOUND('',#592,.T.);
#275=FACE_OUTER_BOUND('',#593,.T.);
#276=FACE_OUTER_BOUND('',#594,.T.);
#277=FACE_OUTER_BOUND('',#595,.T.);
#278=FACE_OUTER_BOUND('',#596,.T.);
#279=FACE_OUTER_BOUND('',#597,.T.);
#280=FACE_OUTER_BOUND('',#598,.T.);
#281=FACE_OUTER_BOUND('',#599,.T.);
#282=FACE_OUTER_BOUND('',#600,.T.);
#283=FACE_OUTER_BOUND('',#601,.T.);
#284=FACE_OUTER_BOUND('',#602,.T.);
#285=FACE_OUTER_BOUND('',#603,.T.);
#286=FACE_OUTER_BOUND('',#604,.T.);
#287=FACE_OUTER_BOUND('',#605,.T.);
#288=FACE_OUTER_BOUND('',#606,.T.);
#289=FACE_OUTER_BOUND('',#607,.T.);
#290=FACE_OUTER_BOUND('',#608,.T.);
#291=FACE_OUTER_BOUND('',#609,.T.);
#292=FACE_OUTER_BOUND('',#610,.T.);
#293=FACE_OUTER_BOUND('',#611,.T.);
#294=FACE_OUTER_BOUND('',#612,.T.);
#295=FACE_OUTER_BOUND('',#613,.T.);
#296=FACE_OUTER_BOUND('',#614,.T.);
#297=FACE_OUTER_BOUND('',#615,.T.);
#298=FACE_OUTER_BOUND('',#616,.T.);
#299=FACE_OUTER_BOUND('',#617,.T.);
#300=FACE_OUTER_BOUND('',#618,.T.);
#301=FACE_OUTER_BOUND('',#619,.T.);
#302=FACE_OUTER_BOUND('',#620,.T.);
#303=FACE_OUTER_BOUND('',#621,.T.);
#304=FACE_OUTER_BOUND('',#622,.T.);
#305=FACE_OUTER_BOUND('',#623,.T.);
#306=FACE_OUTER_BOUND('',#624,.T.);
#307=FACE_OUTER_BOUND('',#625,.T.);
#308=FACE_OUTER_BOUND('',#626,.T.);
#309=FACE_OUTER_BOUND('',#627,.T.);
#310=FACE_OUTER_BOUND('',#628,.T.);
#311=FACE_OUTER_BOUND('',#629,.T.);
#312=FACE_OUTER_BOUND('',#631,.T.);
#313=FACE_OUTER_BOUND('',#632,.T.);
#314=FACE_OUTER_BOUND('',#633,.T.);
#315=FACE_OUTER_BOUND('',#634,.T.);
#316=FACE_OUTER_BOUND('',#635,.T.);
#317=FACE_OUTER_BOUND('',#636,.T.);
#318=FACE_OUTER_BOUND('',#637,.T.);
#319=FACE_OUTER_BOUND('',#638,.T.);
#320=FACE_OUTER_BOUND('',#639,.T.);
#321=FACE_OUTER_BOUND('',#640,.T.);
#322=FACE_OUTER_BOUND('',#641,.T.);
#323=FACE_OUTER_BOUND('',#642,.T.);
#324=FACE_OUTER_BOUND('',#643,.T.);
#325=FACE_OUTER_BOUND('',#644,.T.);
#326=FACE_OUTER_BOUND('',#645,.T.);
#327=FACE_OUTER_BOUND('',#646,.T.);
#328=FACE_OUTER_BOUND('',#647,.T.);
#329=FACE_OUTER_BOUND('',#648,.T.);
#330=FACE_OUTER_BOUND('',#649,.T.);
#331=FACE_OUTER_BOUND('',#650,.T.);
#332=FACE_OUTER_BOUND('',#651,.T.);
#333=FACE_OUTER_BOUND('',#652,.T.);
#334=FACE_OUTER_BOUND('',#653,.T.);
#335=FACE_OUTER_BOUND('',#654,.T.);
#336=FACE_OUTER_BOUND('',#655,.T.);
#337=FACE_OUTER_BOUND('',#656,.T.);
#338=FACE_OUTER_BOUND('',#657,.T.);
#339=FACE_OUTER_BOUND('',#658,.T.);
#340=FACE_OUTER_BOUND('',#659,.T.);
#341=FACE_OUTER_BOUND('',#660,.T.);
#342=FACE_OUTER_BOUND('',#661,.T.);
#343=FACE_OUTER_BOUND('',#662,.T.);
#344=FACE_OUTER_BOUND('',#663,.T.);
#345=FACE_OUTER_BOUND('',#664,.T.);
#346=FACE_OUTER_BOUND('',#665,.T.);
#347=FACE_OUTER_BOUND('',#666,.T.);
#348=FACE_OUTER_BOUND('',#667,.T.);
#349=FACE_OUTER_BOUND('',#668,.T.);
#350=FACE_OUTER_BOUND('',#669,.T.);
#351=FACE_OUTER_BOUND('',#670,.T.);
#352=FACE_OUTER_BOUND('',#671,.T.);
#353=FACE_OUTER_BOUND('',#672,.T.);
#354=FACE_OUTER_BOUND('',#673,.T.);
#355=FACE_OUTER_BOUND('',#674,.T.);
#356=FACE_OUTER_BOUND('',#675,.T.);
#357=FACE_OUTER_BOUND('',#676,.T.);
#358=FACE_OUTER_BOUND('',#677,.T.);
#359=FACE_OUTER_BOUND('',#678,.T.);
#360=FACE_OUTER_BOUND('',#679,.T.);
#361=FACE_OUTER_BOUND('',#680,.T.);
#362=FACE_OUTER_BOUND('',#681,.T.);
#363=FACE_OUTER_BOUND('',#682,.T.);
#364=FACE_OUTER_BOUND('',#683,.T.);
#365=FACE_OUTER_BOUND('',#684,.T.);
#366=FACE_OUTER_BOUND('',#685,.T.);
#367=FACE_OUTER_BOUND('',#686,.T.);
#368=FACE_OUTER_BOUND('',#687,.T.);
#369=FACE_OUTER_BOUND('',#688,.T.);
#370=FACE_OUTER_BOUND('',#689,.T.);
#371=FACE_OUTER_BOUND('',#690,.T.);
#372=FACE_OUTER_BOUND('',#691,.T.);
#373=FACE_OUTER_BOUND('',#692,.T.);
#374=FACE_OUTER_BOUND('',#693,.T.);
#375=FACE_OUTER_BOUND('',#694,.T.);
#376=FACE_OUTER_BOUND('',#695,.T.);
#377=FACE_OUTER_BOUND('',#696,.T.);
#378=FACE_OUTER_BOUND('',#697,.T.);
#379=FACE_OUTER_BOUND('',#698,.T.);
#380=FACE_OUTER_BOUND('',#699,.T.);
#381=FACE_OUTER_BOUND('',#700,.T.);
#382=FACE_OUTER_BOUND('',#701,.T.);
#383=FACE_OUTER_BOUND('',#702,.T.);
#384=FACE_OUTER_BOUND('',#703,.T.);
#385=FACE_OUTER_BOUND('',#704,.T.);
#386=FACE_OUTER_BOUND('',#705,.T.);
#387=FACE_OUTER_BOUND('',#706,.T.);
#388=FACE_OUTER_BOUND('',#707,.T.);
#389=FACE_OUTER_BOUND('',#708,.T.);
#390=FACE_OUTER_BOUND('',#709,.T.);
#391=FACE_OUTER_BOUND('',#710,.T.);
#392=FACE_OUTER_BOUND('',#712,.T.);
#393=FACE_OUTER_BOUND('',#713,.T.);
#394=FACE_OUTER_BOUND('',#714,.T.);
#395=FACE_OUTER_BOUND('',#715,.T.);
#396=FACE_OUTER_BOUND('',#716,.T.);
#397=FACE_OUTER_BOUND('',#717,.T.);
#398=FACE_OUTER_BOUND('',#718,.T.);
#399=FACE_OUTER_BOUND('',#719,.T.);
#400=FACE_OUTER_BOUND('',#720,.T.);
#401=FACE_OUTER_BOUND('',#721,.T.);
#402=FACE_OUTER_BOUND('',#722,.T.);
#403=FACE_OUTER_BOUND('',#723,.T.);
#404=FACE_OUTER_BOUND('',#724,.T.);
#405=FACE_OUTER_BOUND('',#725,.T.);
#406=FACE_OUTER_BOUND('',#726,.T.);
#407=FACE_OUTER_BOUND('',#727,.T.);
#408=FACE_OUTER_BOUND('',#728,.T.);
#409=FACE_OUTER_BOUND('',#729,.T.);
#410=FACE_OUTER_BOUND('',#730,.T.);
#411=FACE_OUTER_BOUND('',#731,.T.);
#412=FACE_OUTER_BOUND('',#732,.T.);
#413=FACE_OUTER_BOUND('',#733,.T.);
#414=FACE_OUTER_BOUND('',#734,.T.);
#415=FACE_OUTER_BOUND('',#735,.T.);
#416=FACE_OUTER_BOUND('',#736,.T.);
#417=FACE_OUTER_BOUND('',#737,.T.);
#418=FACE_OUTER_BOUND('',#738,.T.);
#419=FACE_OUTER_BOUND('',#739,.T.);
#420=FACE_OUTER_BOUND('',#740,.T.);
#421=FACE_OUTER_BOUND('',#741,.T.);
#422=FACE_OUTER_BOUND('',#742,.T.);
#423=FACE_OUTER_BOUND('',#743,.T.);
#424=FACE_OUTER_BOUND('',#744,.T.);
#425=FACE_OUTER_BOUND('',#745,.T.);
#426=FACE_OUTER_BOUND('',#746,.T.);
#427=FACE_OUTER_BOUND('',#747,.T.);
#428=FACE_OUTER_BOUND('',#748,.T.);
#429=FACE_OUTER_BOUND('',#749,.T.);
#430=FACE_OUTER_BOUND('',#750,.T.);
#431=FACE_OUTER_BOUND('',#753,.T.);
#432=FACE_OUTER_BOUND('',#754,.T.);
#433=FACE_OUTER_BOUND('',#755,.T.);
#434=FACE_OUTER_BOUND('',#756,.T.);
#435=FACE_OUTER_BOUND('',#757,.T.);
#436=FACE_OUTER_BOUND('',#758,.T.);
#437=FACE_OUTER_BOUND('',#759,.T.);
#438=FACE_OUTER_BOUND('',#760,.T.);
#439=FACE_OUTER_BOUND('',#761,.T.);
#440=FACE_OUTER_BOUND('',#762,.T.);
#441=FACE_OUTER_BOUND('',#763,.T.);
#442=FACE_OUTER_BOUND('',#764,.T.);
#443=FACE_OUTER_BOUND('',#765,.T.);
#444=FACE_OUTER_BOUND('',#766,.T.);
#445=FACE_OUTER_BOUND('',#767,.T.);
#446=FACE_OUTER_BOUND('',#768,.T.);
#447=FACE_OUTER_BOUND('',#769,.T.);
#448=FACE_OUTER_BOUND('',#770,.T.);
#449=FACE_OUTER_BOUND('',#771,.T.);
#450=FACE_OUTER_BOUND('',#772,.T.);
#451=FACE_OUTER_BOUND('',#773,.T.);
#452=FACE_OUTER_BOUND('',#774,.T.);
#453=FACE_OUTER_BOUND('',#775,.T.);
#454=FACE_OUTER_BOUND('',#776,.T.);
#455=FACE_OUTER_BOUND('',#777,.T.);
#456=FACE_OUTER_BOUND('',#778,.T.);
#457=FACE_OUTER_BOUND('',#779,.T.);
#458=FACE_OUTER_BOUND('',#780,.T.);
#459=FACE_OUTER_BOUND('',#781,.T.);
#460=FACE_OUTER_BOUND('',#782,.T.);
#461=FACE_OUTER_BOUND('',#783,.T.);
#462=FACE_OUTER_BOUND('',#784,.T.);
#463=FACE_OUTER_BOUND('',#785,.T.);
#464=FACE_OUTER_BOUND('',#786,.T.);
#465=FACE_OUTER_BOUND('',#787,.T.);
#466=FACE_OUTER_BOUND('',#788,.T.);
#467=FACE_OUTER_BOUND('',#789,.T.);
#468=FACE_OUTER_BOUND('',#790,.T.);
#469=FACE_OUTER_BOUND('',#791,.T.);
#470=FACE_OUTER_BOUND('',#792,.T.);
#471=FACE_OUTER_BOUND('',#793,.T.);
#472=FACE_OUTER_BOUND('',#794,.T.);
#473=FACE_OUTER_BOUND('',#795,.T.);
#474=FACE_OUTER_BOUND('',#796,.T.);
#475=FACE_OUTER_BOUND('',#797,.T.);
#476=FACE_OUTER_BOUND('',#798,.T.);
#477=FACE_OUTER_BOUND('',#800,.T.);
#478=FACE_OUTER_BOUND('',#801,.T.);
#479=FACE_OUTER_BOUND('',#803,.T.);
#480=FACE_OUTER_BOUND('',#805,.T.);
#481=FACE_OUTER_BOUND('',#807,.T.);
#482=FACE_OUTER_BOUND('',#808,.T.);
#483=FACE_OUTER_BOUND('',#809,.T.);
#484=FACE_OUTER_BOUND('',#810,.T.);
#485=FACE_OUTER_BOUND('',#812,.T.);
#486=FACE_OUTER_BOUND('',#813,.T.);
#487=FACE_OUTER_BOUND('',#815,.T.);
#488=FACE_OUTER_BOUND('',#816,.T.);
#489=FACE_OUTER_BOUND('',#817,.T.);
#490=FACE_OUTER_BOUND('',#819,.T.);
#491=FACE_OUTER_BOUND('',#821,.T.);
#492=FACE_OUTER_BOUND('',#822,.T.);
#493=FACE_OUTER_BOUND('',#823,.T.);
#494=FACE_OUTER_BOUND('',#824,.T.);
#495=FACE_OUTER_BOUND('',#825,.T.);
#496=FACE_OUTER_BOUND('',#826,.T.);
#497=FACE_OUTER_BOUND('',#827,.T.);
#498=FACE_OUTER_BOUND('',#828,.T.);
#499=FACE_OUTER_BOUND('',#829,.T.);
#500=FACE_OUTER_BOUND('',#830,.T.);
#501=FACE_OUTER_BOUND('',#832,.T.);
#502=FACE_OUTER_BOUND('',#833,.T.);
#503=FACE_OUTER_BOUND('',#835,.T.);
#504=FACE_OUTER_BOUND('',#837,.T.);
#505=FACE_OUTER_BOUND('',#839,.T.);
#506=FACE_OUTER_BOUND('',#840,.T.);
#507=FACE_OUTER_BOUND('',#841,.T.);
#508=FACE_OUTER_BOUND('',#843,.T.);
#509=FACE_OUTER_BOUND('',#845,.T.);
#510=FACE_OUTER_BOUND('',#846,.T.);
#511=FACE_OUTER_BOUND('',#847,.T.);
#512=FACE_OUTER_BOUND('',#849,.T.);
#513=FACE_OUTER_BOUND('',#851,.T.);
#514=FACE_OUTER_BOUND('',#852,.T.);
#515=FACE_OUTER_BOUND('',#853,.T.);
#516=FACE_OUTER_BOUND('',#854,.T.);
#517=FACE_OUTER_BOUND('',#855,.T.);
#518=FACE_OUTER_BOUND('',#856,.T.);
#519=FACE_OUTER_BOUND('',#857,.T.);
#520=FACE_OUTER_BOUND('',#858,.T.);
#521=FACE_OUTER_BOUND('',#859,.T.);
#522=FACE_OUTER_BOUND('',#860,.T.);
#523=FACE_OUTER_BOUND('',#861,.T.);
#524=FACE_OUTER_BOUND('',#862,.T.);
#525=FACE_OUTER_BOUND('',#863,.T.);
#526=FACE_OUTER_BOUND('',#864,.T.);
#527=FACE_OUTER_BOUND('',#865,.T.);
#528=FACE_OUTER_BOUND('',#867,.T.);
#529=FACE_OUTER_BOUND('',#868,.T.);
#530=FACE_OUTER_BOUND('',#870,.T.);
#531=FACE_OUTER_BOUND('',#872,.T.);
#532=FACE_OUTER_BOUND('',#874,.T.);
#533=FACE_OUTER_BOUND('',#875,.T.);
#534=FACE_OUTER_BOUND('',#876,.T.);
#535=FACE_OUTER_BOUND('',#878,.T.);
#536=FACE_OUTER_BOUND('',#880,.T.);
#537=FACE_OUTER_BOUND('',#881,.T.);
#538=FACE_OUTER_BOUND('',#882,.T.);
#539=FACE_OUTER_BOUND('',#884,.T.);
#540=FACE_OUTER_BOUND('',#886,.T.);
#541=FACE_OUTER_BOUND('',#887,.T.);
#542=FACE_OUTER_BOUND('',#888,.T.);
#543=FACE_OUTER_BOUND('',#889,.T.);
#544=FACE_OUTER_BOUND('',#890,.T.);
#545=FACE_OUTER_BOUND('',#891,.T.);
#546=FACE_OUTER_BOUND('',#892,.T.);
#547=FACE_OUTER_BOUND('',#893,.T.);
#548=FACE_OUTER_BOUND('',#894,.T.);
#549=FACE_OUTER_BOUND('',#895,.T.);
#550=FACE_OUTER_BOUND('',#896,.T.);
#551=FACE_OUTER_BOUND('',#897,.T.);
#552=FACE_OUTER_BOUND('',#898,.T.);
#553=FACE_OUTER_BOUND('',#899,.T.);
#554=FACE_OUTER_BOUND('',#900,.T.);
#555=FACE_OUTER_BOUND('',#901,.T.);
#556=FACE_OUTER_BOUND('',#902,.T.);
#557=FACE_OUTER_BOUND('',#904,.T.);
#558=FACE_OUTER_BOUND('',#905,.T.);
#559=FACE_OUTER_BOUND('',#907,.T.);
#560=FACE_OUTER_BOUND('',#909,.T.);
#561=FACE_OUTER_BOUND('',#911,.T.);
#562=FACE_OUTER_BOUND('',#912,.T.);
#563=FACE_OUTER_BOUND('',#913,.T.);
#564=FACE_OUTER_BOUND('',#915,.T.);
#565=FACE_OUTER_BOUND('',#917,.T.);
#566=FACE_OUTER_BOUND('',#918,.T.);
#567=FACE_OUTER_BOUND('',#919,.T.);
#568=FACE_OUTER_BOUND('',#921,.T.);
#569=FACE_OUTER_BOUND('',#923,.T.);
#570=FACE_OUTER_BOUND('',#924,.T.);
#571=FACE_OUTER_BOUND('',#925,.T.);
#572=FACE_OUTER_BOUND('',#926,.T.);
#573=FACE_OUTER_BOUND('',#927,.T.);
#574=FACE_OUTER_BOUND('',#928,.T.);
#575=EDGE_LOOP('',(#3525,#3526,#3527,#3528));
#576=EDGE_LOOP('',(#3529,#3530,#3531,#3532,#3533));
#577=EDGE_LOOP('',(#3534,#3535,#3536,#3537));
#578=EDGE_LOOP('',(#3538,#3539,#3540,#3541,#3542,#3543,#3544,#3545));
#579=EDGE_LOOP('',(#3546,#3547,#3548,#3549,#3550));
#580=EDGE_LOOP('',(#3551,#3552,#3553,#3554,#3555));
#581=EDGE_LOOP('',(#3556,#3557,#3558,#3559,#3560));
#582=EDGE_LOOP('',(#3561,#3562,#3563,#3564,#3565,#3566,#3567,#3568,#3569,
#3570,#3571,#3572,#3573,#3574,#3575,#3576,#3577,#3578,#3579,#3580,#3581,
#3582,#3583,#3584,#3585,#3586,#3587,#3588,#3589,#3590,#3591,#3592,#3593,
#3594,#3595,#3596));
#583=EDGE_LOOP('',(#3597));
#584=EDGE_LOOP('',(#3598));
#585=EDGE_LOOP('',(#3599,#3600,#3601,#3602,#3603));
#586=EDGE_LOOP('',(#3604,#3605,#3606,#3607));
#587=EDGE_LOOP('',(#3608,#3609,#3610,#3611));
#588=EDGE_LOOP('',(#3612,#3613,#3614,#3615));
#589=EDGE_LOOP('',(#3616,#3617,#3618,#3619));
#590=EDGE_LOOP('',(#3620,#3621,#3622,#3623));
#591=EDGE_LOOP('',(#3624,#3625,#3626,#3627));
#592=EDGE_LOOP('',(#3628,#3629,#3630,#3631,#3632));
#593=EDGE_LOOP('',(#3633,#3634,#3635,#3636));
#594=EDGE_LOOP('',(#3637,#3638,#3639,#3640));
#595=EDGE_LOOP('',(#3641,#3642,#3643,#3644));
#596=EDGE_LOOP('',(#3645,#3646,#3647,#3648));
#597=EDGE_LOOP('',(#3649,#3650,#3651,#3652));
#598=EDGE_LOOP('',(#3653,#3654,#3655,#3656));
#599=EDGE_LOOP('',(#3657,#3658,#3659,#3660));
#600=EDGE_LOOP('',(#3661,#3662,#3663,#3664,#3665,#3666));
#601=EDGE_LOOP('',(#3667,#3668,#3669,#3670));
#602=EDGE_LOOP('',(#3671,#3672,#3673,#3674));
#603=EDGE_LOOP('',(#3675,#3676,#3677,#3678));
#604=EDGE_LOOP('',(#3679,#3680,#3681,#3682));
#605=EDGE_LOOP('',(#3683,#3684,#3685,#3686,#3687,#3688,#3689,#3690,#3691,
#3692,#3693,#3694));
#606=EDGE_LOOP('',(#3695,#3696,#3697,#3698));
#607=EDGE_LOOP('',(#3699,#3700,#3701,#3702));
#608=EDGE_LOOP('',(#3703,#3704,#3705,#3706));
#609=EDGE_LOOP('',(#3707,#3708,#3709,#3710,#3711,#3712,#3713,#3714,#3715));
#610=EDGE_LOOP('',(#3716,#3717,#3718,#3719));
#611=EDGE_LOOP('',(#3720,#3721,#3722,#3723,#3724,#3725,#3726,#3727,#3728,
#3729));
#612=EDGE_LOOP('',(#3730,#3731,#3732,#3733));
#613=EDGE_LOOP('',(#3734,#3735,#3736,#3737,#3738,#3739,#3740));
#614=EDGE_LOOP('',(#3741,#3742,#3743,#3744,#3745,#3746,#3747));
#615=EDGE_LOOP('',(#3748,#3749,#3750,#3751,#3752));
#616=EDGE_LOOP('',(#3753,#3754,#3755,#3756,#3757,#3758,#3759));
#617=EDGE_LOOP('',(#3760,#3761,#3762,#3763,#3764,#3765));
#618=EDGE_LOOP('',(#3766,#3767,#3768,#3769,#3770));
#619=EDGE_LOOP('',(#3771,#3772,#3773,#3774,#3775));
#620=EDGE_LOOP('',(#3776,#3777,#3778,#3779));
#621=EDGE_LOOP('',(#3780,#3781,#3782,#3783));
#622=EDGE_LOOP('',(#3784,#3785,#3786,#3787));
#623=EDGE_LOOP('',(#3788,#3789,#3790,#3791));
#624=EDGE_LOOP('',(#3792,#3793,#3794,#3795));
#625=EDGE_LOOP('',(#3796,#3797,#3798,#3799));
#626=EDGE_LOOP('',(#3800,#3801,#3802,#3803));
#627=EDGE_LOOP('',(#3804,#3805,#3806,#3807,#3808,#3809,#3810,#3811,#3812,
#3813,#3814,#3815,#3816,#3817,#3818,#3819,#3820,#3821,#3822));
#628=EDGE_LOOP('',(#3823,#3824,#3825,#3826,#3827));
#629=EDGE_LOOP('',(#3828,#3829,#3830,#3831,#3832,#3833,#3834,#3835,#3836,
#3837,#3838,#3839,#3840,#3841,#3842,#3843,#3844));
#630=EDGE_LOOP('',(#3845));
#631=EDGE_LOOP('',(#3846,#3847,#3848,#3849,#3850));
#632=EDGE_LOOP('',(#3851,#3852,#3853,#3854,#3855,#3856,#3857,#3858));
#633=EDGE_LOOP('',(#3859,#3860,#3861,#3862,#3863));
#634=EDGE_LOOP('',(#3864,#3865,#3866,#3867,#3868));
#635=EDGE_LOOP('',(#3869,#3870,#3871,#3872,#3873));
#636=EDGE_LOOP('',(#3874,#3875,#3876,#3877));
#637=EDGE_LOOP('',(#3878,#3879,#3880,#3881));
#638=EDGE_LOOP('',(#3882,#3883,#3884,#3885));
#639=EDGE_LOOP('',(#3886,#3887,#3888,#3889));
#640=EDGE_LOOP('',(#3890,#3891,#3892,#3893));
#641=EDGE_LOOP('',(#3894,#3895,#3896,#3897));
#642=EDGE_LOOP('',(#3898,#3899,#3900,#3901));
#643=EDGE_LOOP('',(#3902,#3903,#3904,#3905));
#644=EDGE_LOOP('',(#3906,#3907,#3908,#3909));
#645=EDGE_LOOP('',(#3910,#3911,#3912,#3913));
#646=EDGE_LOOP('',(#3914,#3915,#3916,#3917));
#647=EDGE_LOOP('',(#3918,#3919,#3920,#3921));
#648=EDGE_LOOP('',(#3922,#3923,#3924,#3925));
#649=EDGE_LOOP('',(#3926,#3927,#3928,#3929,#3930,#3931));
#650=EDGE_LOOP('',(#3932,#3933,#3934,#3935));
#651=EDGE_LOOP('',(#3936,#3937,#3938,#3939));
#652=EDGE_LOOP('',(#3940,#3941,#3942,#3943));
#653=EDGE_LOOP('',(#3944,#3945,#3946,#3947));
#654=EDGE_LOOP('',(#3948,#3949,#3950,#3951,#3952,#3953,#3954,#3955,#3956,
#3957,#3958,#3959));
#655=EDGE_LOOP('',(#3960,#3961,#3962,#3963));
#656=EDGE_LOOP('',(#3964,#3965,#3966,#3967));
#657=EDGE_LOOP('',(#3968,#3969,#3970,#3971));
#658=EDGE_LOOP('',(#3972,#3973,#3974,#3975,#3976,#3977,#3978,#3979,#3980));
#659=EDGE_LOOP('',(#3981,#3982,#3983,#3984));
#660=EDGE_LOOP('',(#3985,#3986,#3987,#3988,#3989,#3990,#3991,#3992,#3993,
#3994));
#661=EDGE_LOOP('',(#3995,#3996,#3997,#3998));
#662=EDGE_LOOP('',(#3999,#4000,#4001,#4002,#4003));
#663=EDGE_LOOP('',(#4004,#4005,#4006,#4007,#4008,#4009));
#664=EDGE_LOOP('',(#4010,#4011,#4012,#4013));
#665=EDGE_LOOP('',(#4014,#4015,#4016,#4017));
#666=EDGE_LOOP('',(#4018,#4019,#4020,#4021,#4022,#4023,#4024));
#667=EDGE_LOOP('',(#4025,#4026,#4027,#4028));
#668=EDGE_LOOP('',(#4029,#4030,#4031,#4032));
#669=EDGE_LOOP('',(#4033,#4034,#4035,#4036));
#670=EDGE_LOOP('',(#4037,#4038,#4039,#4040,#4041,#4042));
#671=EDGE_LOOP('',(#4043,#4044,#4045,#4046));
#672=EDGE_LOOP('',(#4047,#4048,#4049,#4050));
#673=EDGE_LOOP('',(#4051,#4052,#4053,#4054,#4055));
#674=EDGE_LOOP('',(#4056,#4057,#4058,#4059,#4060));
#675=EDGE_LOOP('',(#4061,#4062,#4063,#4064));
#676=EDGE_LOOP('',(#4065,#4066,#4067,#4068));
#677=EDGE_LOOP('',(#4069,#4070,#4071,#4072));
#678=EDGE_LOOP('',(#4073,#4074,#4075,#4076));
#679=EDGE_LOOP('',(#4077,#4078,#4079,#4080));
#680=EDGE_LOOP('',(#4081,#4082,#4083,#4084,#4085,#4086,#4087));
#681=EDGE_LOOP('',(#4088,#4089,#4090,#4091));
#682=EDGE_LOOP('',(#4092,#4093,#4094,#4095,#4096));
#683=EDGE_LOOP('',(#4097,#4098,#4099,#4100,#4101,#4102,#4103));
#684=EDGE_LOOP('',(#4104,#4105,#4106,#4107,#4108,#4109,#4110,#4111,#4112,
#4113,#4114,#4115,#4116,#4117,#4118,#4119,#4120));
#685=EDGE_LOOP('',(#4121,#4122,#4123,#4124,#4125));
#686=EDGE_LOOP('',(#4126,#4127,#4128,#4129,#4130));
#687=EDGE_LOOP('',(#4131,#4132,#4133,#4134,#4135,#4136,#4137));
#688=EDGE_LOOP('',(#4138,#4139,#4140,#4141,#4142,#4143));
#689=EDGE_LOOP('',(#4144,#4145,#4146,#4147,#4148));
#690=EDGE_LOOP('',(#4149,#4150,#4151,#4152,#4153,#4154,#4155));
#691=EDGE_LOOP('',(#4156,#4157,#4158,#4159,#4160,#4161,#4162));
#692=EDGE_LOOP('',(#4163,#4164,#4165,#4166,#4167));
#693=EDGE_LOOP('',(#4168,#4169,#4170,#4171));
#694=EDGE_LOOP('',(#4172,#4173,#4174,#4175));
#695=EDGE_LOOP('',(#4176,#4177,#4178,#4179));
#696=EDGE_LOOP('',(#4180,#4181,#4182,#4183));
#697=EDGE_LOOP('',(#4184,#4185,#4186,#4187));
#698=EDGE_LOOP('',(#4188,#4189,#4190,#4191));
#699=EDGE_LOOP('',(#4192,#4193,#4194,#4195));
#700=EDGE_LOOP('',(#4196,#4197,#4198,#4199,#4200,#4201,#4202,#4203,#4204,
#4205,#4206,#4207,#4208,#4209,#4210,#4211,#4212,#4213,#4214));
#701=EDGE_LOOP('',(#4215,#4216,#4217,#4218,#4219,#4220));
#702=EDGE_LOOP('',(#4221,#4222,#4223,#4224,#4225));
#703=EDGE_LOOP('',(#4226,#4227,#4228,#4229,#4230,#4231));
#704=EDGE_LOOP('',(#4232,#4233,#4234,#4235,#4236,#4237,#4238,#4239));
#705=EDGE_LOOP('',(#4240,#4241,#4242,#4243,#4244,#4245,#4246,#4247,#4248,
#4249));
#706=EDGE_LOOP('',(#4250,#4251,#4252,#4253,#4254,#4255,#4256,#4257));
#707=EDGE_LOOP('',(#4258,#4259,#4260,#4261,#4262));
#708=EDGE_LOOP('',(#4263,#4264,#4265,#4266,#4267));
#709=EDGE_LOOP('',(#4268,#4269,#4270,#4271,#4272));
#710=EDGE_LOOP('',(#4273,#4274,#4275,#4276,#4277,#4278,#4279,#4280,#4281,
#4282,#4283,#4284,#4285,#4286,#4287,#4288,#4289));
#711=EDGE_LOOP('',(#4290));
#712=EDGE_LOOP('',(#4291,#4292,#4293,#4294,#4295));
#713=EDGE_LOOP('',(#4296,#4297,#4298,#4299,#4300));
#714=EDGE_LOOP('',(#4301,#4302,#4303,#4304,#4305));
#715=EDGE_LOOP('',(#4306,#4307,#4308,#4309));
#716=EDGE_LOOP('',(#4310,#4311,#4312,#4313));
#717=EDGE_LOOP('',(#4314,#4315,#4316,#4317));
#718=EDGE_LOOP('',(#4318,#4319,#4320,#4321));
#719=EDGE_LOOP('',(#4322,#4323,#4324,#4325));
#720=EDGE_LOOP('',(#4326,#4327,#4328,#4329));
#721=EDGE_LOOP('',(#4330,#4331,#4332,#4333));
#722=EDGE_LOOP('',(#4334,#4335,#4336,#4337));
#723=EDGE_LOOP('',(#4338,#4339,#4340,#4341));
#724=EDGE_LOOP('',(#4342,#4343,#4344,#4345,#4346));
#725=EDGE_LOOP('',(#4347,#4348,#4349,#4350));
#726=EDGE_LOOP('',(#4351,#4352,#4353,#4354));
#727=EDGE_LOOP('',(#4355,#4356,#4357,#4358));
#728=EDGE_LOOP('',(#4359,#4360,#4361,#4362));
#729=EDGE_LOOP('',(#4363,#4364,#4365,#4366,#4367,#4368));
#730=EDGE_LOOP('',(#4369,#4370,#4371,#4372));
#731=EDGE_LOOP('',(#4373,#4374,#4375,#4376));
#732=EDGE_LOOP('',(#4377,#4378,#4379,#4380));
#733=EDGE_LOOP('',(#4381,#4382,#4383,#4384));
#734=EDGE_LOOP('',(#4385,#4386,#4387,#4388,#4389,#4390,#4391,#4392,#4393,
#4394,#4395,#4396));
#735=EDGE_LOOP('',(#4397,#4398,#4399,#4400));
#736=EDGE_LOOP('',(#4401,#4402,#4403,#4404));
#737=EDGE_LOOP('',(#4405,#4406,#4407,#4408));
#738=EDGE_LOOP('',(#4409,#4410,#4411,#4412,#4413,#4414,#4415,#4416,#4417));
#739=EDGE_LOOP('',(#4418,#4419,#4420,#4421));
#740=EDGE_LOOP('',(#4422,#4423,#4424,#4425));
#741=EDGE_LOOP('',(#4426,#4427,#4428,#4429));
#742=EDGE_LOOP('',(#4430,#4431,#4432,#4433));
#743=EDGE_LOOP('',(#4434,#4435,#4436,#4437));
#744=EDGE_LOOP('',(#4438,#4439,#4440,#4441));
#745=EDGE_LOOP('',(#4442,#4443,#4444,#4445));
#746=EDGE_LOOP('',(#4446,#4447,#4448,#4449));
#747=EDGE_LOOP('',(#4450,#4451,#4452,#4453));
#748=EDGE_LOOP('',(#4454,#4455,#4456,#4457));
#749=EDGE_LOOP('',(#4458,#4459,#4460,#4461,#4462,#4463));
#750=EDGE_LOOP('',(#4464,#4465,#4466,#4467,#4468,#4469,#4470,#4471,#4472,
#4473,#4474,#4475));
#751=EDGE_LOOP('',(#4476));
#752=EDGE_LOOP('',(#4477));
#753=EDGE_LOOP('',(#4478,#4479,#4480,#4481,#4482));
#754=EDGE_LOOP('',(#4483,#4484,#4485,#4486,#4487,#4488,#4489,#4490,#4491,
#4492));
#755=EDGE_LOOP('',(#4493,#4494,#4495,#4496,#4497,#4498,#4499,#4500));
#756=EDGE_LOOP('',(#4501,#4502,#4503,#4504,#4505));
#757=EDGE_LOOP('',(#4506,#4507,#4508,#4509,#4510));
#758=EDGE_LOOP('',(#4511,#4512,#4513,#4514,#4515));
#759=EDGE_LOOP('',(#4516,#4517,#4518,#4519));
#760=EDGE_LOOP('',(#4520,#4521,#4522,#4523));
#761=EDGE_LOOP('',(#4524,#4525,#4526,#4527));
#762=EDGE_LOOP('',(#4528,#4529,#4530,#4531));
#763=EDGE_LOOP('',(#4532,#4533,#4534,#4535));
#764=EDGE_LOOP('',(#4536,#4537,#4538,#4539));
#765=EDGE_LOOP('',(#4540,#4541,#4542,#4543));
#766=EDGE_LOOP('',(#4544,#4545,#4546,#4547));
#767=EDGE_LOOP('',(#4548,#4549,#4550,#4551));
#768=EDGE_LOOP('',(#4552,#4553,#4554,#4555));
#769=EDGE_LOOP('',(#4556,#4557,#4558,#4559));
#770=EDGE_LOOP('',(#4560,#4561,#4562,#4563));
#771=EDGE_LOOP('',(#4564,#4565,#4566,#4567));
#772=EDGE_LOOP('',(#4568,#4569,#4570,#4571,#4572,#4573));
#773=EDGE_LOOP('',(#4574,#4575,#4576,#4577));
#774=EDGE_LOOP('',(#4578,#4579,#4580,#4581));
#775=EDGE_LOOP('',(#4582,#4583,#4584,#4585));
#776=EDGE_LOOP('',(#4586,#4587,#4588,#4589));
#777=EDGE_LOOP('',(#4590,#4591,#4592,#4593,#4594,#4595,#4596,#4597,#4598,
#4599,#4600,#4601));
#778=EDGE_LOOP('',(#4602,#4603,#4604,#4605));
#779=EDGE_LOOP('',(#4606,#4607,#4608,#4609));
#780=EDGE_LOOP('',(#4610,#4611,#4612,#4613));
#781=EDGE_LOOP('',(#4614,#4615,#4616,#4617,#4618,#4619,#4620,#4621,#4622));
#782=EDGE_LOOP('',(#4623,#4624,#4625,#4626));
#783=EDGE_LOOP('',(#4627,#4628,#4629,#4630,#4631));
#784=EDGE_LOOP('',(#4632,#4633,#4634,#4635,#4636));
#785=EDGE_LOOP('',(#4637,#4638,#4639,#4640,#4641,#4642,#4643));
#786=EDGE_LOOP('',(#4644,#4645,#4646,#4647,#4648,#4649,#4650,#4651,#4652,
#4653,#4654,#4655,#4656,#4657,#4658,#4659,#4660,#4661,#4662,#4663,#4664,
#4665,#4666,#4667,#4668,#4669,#4670,#4671,#4672,#4673,#4674,#4675,#4676,
#4677,#4678,#4679));
#787=EDGE_LOOP('',(#4680,#4681,#4682,#4683,#4684));
#788=EDGE_LOOP('',(#4685,#4686,#4687));
#789=EDGE_LOOP('',(#4688,#4689,#4690,#4691,#4692,#4693));
#790=EDGE_LOOP('',(#4694,#4695,#4696));
#791=EDGE_LOOP('',(#4697,#4698,#4699,#4700));
#792=EDGE_LOOP('',(#4701,#4702,#4703,#4704,#4705));
#793=EDGE_LOOP('',(#4706,#4707,#4708,#4709));
#794=EDGE_LOOP('',(#4710,#4711,#4712,#4713));
#795=EDGE_LOOP('',(#4714,#4715,#4716,#4717));
#796=EDGE_LOOP('',(#4718,#4719,#4720,#4721));
#797=EDGE_LOOP('',(#4722,#4723,#4724,#4725));
#798=EDGE_LOOP('',(#4726,#4727,#4728,#4729,#4730,#4731));
#799=EDGE_LOOP('',(#4732));
#800=EDGE_LOOP('',(#4733,#4734,#4735,#4736,#4737,#4738,#4739));
#801=EDGE_LOOP('',(#4740,#4741,#4742,#4743,#4744,#4745,#4746));
#802=EDGE_LOOP('',(#4747));
#803=EDGE_LOOP('',(#4748));
#804=EDGE_LOOP('',(#4749));
#805=EDGE_LOOP('',(#4750));
#806=EDGE_LOOP('',(#4751));
#807=EDGE_LOOP('',(#4752,#4753,#4754,#4755));
#808=EDGE_LOOP('',(#4756,#4757,#4758,#4759));
#809=EDGE_LOOP('',(#4760,#4761,#4762,#4763));
#810=EDGE_LOOP('',(#4764));
#811=EDGE_LOOP('',(#4765));
#812=EDGE_LOOP('',(#4766,#4767,#4768,#4769));
#813=EDGE_LOOP('',(#4770));
#814=EDGE_LOOP('',(#4771));
#815=EDGE_LOOP('',(#4772,#4773,#4774,#4775));
#816=EDGE_LOOP('',(#4776,#4777,#4778,#4779));
#817=EDGE_LOOP('',(#4780,#4781,#4782,#4783,#4784,#4785));
#818=EDGE_LOOP('',(#4786));
#819=EDGE_LOOP('',(#4787,#4788,#4789,#4790,#4791));
#820=EDGE_LOOP('',(#4792));
#821=EDGE_LOOP('',(#4793,#4794,#4795,#4796));
#822=EDGE_LOOP('',(#4797,#4798,#4799,#4800,#4801));
#823=EDGE_LOOP('',(#4802,#4803,#4804,#4805,#4806));
#824=EDGE_LOOP('',(#4807,#4808,#4809,#4810));
#825=EDGE_LOOP('',(#4811,#4812,#4813,#4814));
#826=EDGE_LOOP('',(#4815,#4816,#4817,#4818));
#827=EDGE_LOOP('',(#4819,#4820,#4821));
#828=EDGE_LOOP('',(#4822,#4823,#4824,#4825,#4826,#4827));
#829=EDGE_LOOP('',(#4828,#4829,#4830));
#830=EDGE_LOOP('',(#4831,#4832,#4833,#4834,#4835,#4836));
#831=EDGE_LOOP('',(#4837));
#832=EDGE_LOOP('',(#4838,#4839,#4840,#4841,#4842,#4843,#4844));
#833=EDGE_LOOP('',(#4845,#4846,#4847,#4848,#4849,#4850,#4851));
#834=EDGE_LOOP('',(#4852));
#835=EDGE_LOOP('',(#4853));
#836=EDGE_LOOP('',(#4854));
#837=EDGE_LOOP('',(#4855));
#838=EDGE_LOOP('',(#4856));
#839=EDGE_LOOP('',(#4857,#4858,#4859,#4860));
#840=EDGE_LOOP('',(#4861,#4862,#4863,#4864));
#841=EDGE_LOOP('',(#4865));
#842=EDGE_LOOP('',(#4866));
#843=EDGE_LOOP('',(#4867));
#844=EDGE_LOOP('',(#4868));
#845=EDGE_LOOP('',(#4869,#4870,#4871,#4872));
#846=EDGE_LOOP('',(#4873,#4874,#4875,#4876));
#847=EDGE_LOOP('',(#4877,#4878,#4879,#4880,#4881,#4882));
#848=EDGE_LOOP('',(#4883));
#849=EDGE_LOOP('',(#4884,#4885,#4886,#4887,#4888));
#850=EDGE_LOOP('',(#4889));
#851=EDGE_LOOP('',(#4890,#4891,#4892,#4893));
#852=EDGE_LOOP('',(#4894,#4895,#4896,#4897,#4898));
#853=EDGE_LOOP('',(#4899,#4900,#4901,#4902));
#854=EDGE_LOOP('',(#4903,#4904,#4905,#4906));
#855=EDGE_LOOP('',(#4907,#4908,#4909));
#856=EDGE_LOOP('',(#4910,#4911,#4912,#4913,#4914,#4915));
#857=EDGE_LOOP('',(#4916,#4917,#4918,#4919,#4920));
#858=EDGE_LOOP('',(#4921,#4922,#4923,#4924));
#859=EDGE_LOOP('',(#4925,#4926,#4927,#4928,#4929));
#860=EDGE_LOOP('',(#4930,#4931,#4932,#4933));
#861=EDGE_LOOP('',(#4934,#4935,#4936,#4937));
#862=EDGE_LOOP('',(#4938,#4939,#4940,#4941));
#863=EDGE_LOOP('',(#4942,#4943,#4944,#4945));
#864=EDGE_LOOP('',(#4946,#4947,#4948,#4949));
#865=EDGE_LOOP('',(#4950,#4951,#4952,#4953,#4954,#4955));
#866=EDGE_LOOP('',(#4956));
#867=EDGE_LOOP('',(#4957,#4958,#4959,#4960,#4961,#4962,#4963));
#868=EDGE_LOOP('',(#4964,#4965,#4966,#4967,#4968,#4969,#4970));
#869=EDGE_LOOP('',(#4971));
#870=EDGE_LOOP('',(#4972));
#871=EDGE_LOOP('',(#4973));
#872=EDGE_LOOP('',(#4974));
#873=EDGE_LOOP('',(#4975));
#874=EDGE_LOOP('',(#4976,#4977,#4978,#4979));
#875=EDGE_LOOP('',(#4980,#4981,#4982,#4983));
#876=EDGE_LOOP('',(#4984));
#877=EDGE_LOOP('',(#4985));
#878=EDGE_LOOP('',(#4986));
#879=EDGE_LOOP('',(#4987));
#880=EDGE_LOOP('',(#4988,#4989,#4990,#4991));
#881=EDGE_LOOP('',(#4992,#4993,#4994,#4995));
#882=EDGE_LOOP('',(#4996,#4997,#4998,#4999,#5000,#5001));
#883=EDGE_LOOP('',(#5002));
#884=EDGE_LOOP('',(#5003,#5004,#5005,#5006,#5007));
#885=EDGE_LOOP('',(#5008));
#886=EDGE_LOOP('',(#5009,#5010,#5011,#5012));
#887=EDGE_LOOP('',(#5013,#5014,#5015,#5016,#5017));
#888=EDGE_LOOP('',(#5018,#5019,#5020,#5021,#5022));
#889=EDGE_LOOP('',(#5023,#5024,#5025,#5026));
#890=EDGE_LOOP('',(#5027,#5028,#5029,#5030,#5031,#5032,#5033,#5034,#5035,
#5036,#5037,#5038));
#891=EDGE_LOOP('',(#5039,#5040,#5041,#5042));
#892=EDGE_LOOP('',(#5043,#5044,#5045));
#893=EDGE_LOOP('',(#5046,#5047,#5048,#5049,#5050,#5051));
#894=EDGE_LOOP('',(#5052,#5053,#5054));
#895=EDGE_LOOP('',(#5055,#5056,#5057,#5058));
#896=EDGE_LOOP('',(#5059,#5060,#5061,#5062,#5063));
#897=EDGE_LOOP('',(#5064,#5065,#5066,#5067));
#898=EDGE_LOOP('',(#5068,#5069,#5070,#5071));
#899=EDGE_LOOP('',(#5072,#5073,#5074,#5075));
#900=EDGE_LOOP('',(#5076,#5077,#5078,#5079));
#901=EDGE_LOOP('',(#5080,#5081,#5082,#5083));
#902=EDGE_LOOP('',(#5084,#5085,#5086,#5087,#5088,#5089));
#903=EDGE_LOOP('',(#5090));
#904=EDGE_LOOP('',(#5091,#5092,#5093,#5094,#5095,#5096,#5097));
#905=EDGE_LOOP('',(#5098,#5099,#5100,#5101,#5102,#5103,#5104));
#906=EDGE_LOOP('',(#5105));
#907=EDGE_LOOP('',(#5106));
#908=EDGE_LOOP('',(#5107));
#909=EDGE_LOOP('',(#5108));
#910=EDGE_LOOP('',(#5109));
#911=EDGE_LOOP('',(#5110,#5111,#5112,#5113));
#912=EDGE_LOOP('',(#5114,#5115,#5116,#5117));
#913=EDGE_LOOP('',(#5118));
#914=EDGE_LOOP('',(#5119));
#915=EDGE_LOOP('',(#5120));
#916=EDGE_LOOP('',(#5121));
#917=EDGE_LOOP('',(#5122,#5123,#5124,#5125));
#918=EDGE_LOOP('',(#5126,#5127,#5128,#5129));
#919=EDGE_LOOP('',(#5130,#5131,#5132,#5133,#5134,#5135));
#920=EDGE_LOOP('',(#5136));
#921=EDGE_LOOP('',(#5137,#5138,#5139,#5140,#5141));
#922=EDGE_LOOP('',(#5142));
#923=EDGE_LOOP('',(#5143,#5144,#5145,#5146));
#924=EDGE_LOOP('',(#5147,#5148,#5149,#5150,#5151));
#925=EDGE_LOOP('',(#5152,#5153,#5154,#5155,#5156));
#926=EDGE_LOOP('',(#5157,#5158,#5159,#5160));
#927=EDGE_LOOP('',(#5161,#5162,#5163,#5164));
#928=EDGE_LOOP('',(#5165,#5166,#5167,#5168));
#929=CIRCLE('',#5633,0.6);
#930=CIRCLE('',#5636,0.600000000000005);
#931=CIRCLE('',#5638,2.35);
#932=CIRCLE('',#5639,0.6);
#933=CIRCLE('',#5640,1.75);
#934=CIRCLE('',#5641,1.75);
#935=CIRCLE('',#5642,2.35);
#936=CIRCLE('',#5644,0.599999999999997);
#937=CIRCLE('',#5645,0.600000000000006);
#938=CIRCLE('',#5647,1.75);
#939=CIRCLE('',#5649,2.35);
#940=CIRCLE('',#5650,0.6);
#941=CIRCLE('',#5651,1.75);
#942=CIRCLE('',#5652,1.75);
#943=CIRCLE('',#5654,4.6);
#944=CIRCLE('',#5655,3.4);
#945=CIRCLE('',#5656,4.6);
#946=CIRCLE('',#5657,4.6);
#947=CIRCLE('',#5658,4.6);
#948=CIRCLE('',#5659,2.35);
#949=CIRCLE('',#5660,2.35);
#950=CIRCLE('',#5661,4.6);
#951=CIRCLE('',#5662,3.4);
#952=CIRCLE('',#5663,4.6);
#953=CIRCLE('',#5664,4.6);
#954=CIRCLE('',#5665,4.6);
#955=CIRCLE('',#5666,2.35);
#956=CIRCLE('',#5668,1.75);
#957=CIRCLE('',#5670,0.600000000000001);
#958=CIRCLE('',#5673,0.599999999999999);
#959=CIRCLE('',#5674,4.);
#960=CIRCLE('',#5676,0.6);
#961=CIRCLE('',#5678,0.599999999999996);
#962=CIRCLE('',#5679,4.);
#963=CIRCLE('',#5681,0.599999999999996);
#964=CIRCLE('',#5683,4.);
#965=CIRCLE('',#5685,4.);
#966=CIRCLE('',#5686,0.600000000000001);
#967=CIRCLE('',#5688,0.600000000000001);
#968=CIRCLE('',#5690,0.600000000000005);
#969=CIRCLE('',#5691,4.);
#970=CIRCLE('',#5693,0.6);
#971=CIRCLE('',#5699,0.6);
#972=CIRCLE('',#5702,4.);
#973=CIRCLE('',#5706,4.);
#974=CIRCLE('',#5709,4.);
#975=CIRCLE('',#5712,4.);
#976=CIRCLE('',#5715,4.);
#977=CIRCLE('',#5722,0.6);
#978=CIRCLE('',#5723,1.75);
#979=CIRCLE('',#5724,1.75);
#980=CIRCLE('',#5725,2.35);
#981=CIRCLE('',#5727,0.600000000000001);
#982=CIRCLE('',#5728,0.6);
#983=CIRCLE('',#5730,1.75);
#984=CIRCLE('',#5732,2.35);
#985=CIRCLE('',#5733,0.6);
#986=CIRCLE('',#5734,1.75);
#987=CIRCLE('',#5735,1.75);
#988=CIRCLE('',#5736,2.35);
#989=CIRCLE('',#5738,0.600000000000002);
#990=CIRCLE('',#5739,0.6);
#991=CIRCLE('',#5741,1.75);
#992=CIRCLE('',#5746,0.6);
#993=CIRCLE('',#5748,0.599999999999996);
#994=CIRCLE('',#5751,1.4);
#995=CIRCLE('',#5752,2.);
#996=CIRCLE('',#5754,0.600000000000005);
#997=CIRCLE('',#5755,2.6);
#998=CIRCLE('',#5756,2.);
#999=CIRCLE('',#5758,0.599999999999996);
#1000=CIRCLE('',#5760,2.6);
#1001=CIRCLE('',#5761,2.);
#1002=CIRCLE('',#5763,1.4);
#1003=CIRCLE('',#5764,2.);
#1004=CIRCLE('',#5767,2.35);
#1005=CIRCLE('',#5768,0.6);
#1006=CIRCLE('',#5769,1.75);
#1007=CIRCLE('',#5770,1.75);
#1008=CIRCLE('',#5772,2.35);
#1009=CIRCLE('',#5773,4.6);
#1010=CIRCLE('',#5774,3.4);
#1011=CIRCLE('',#5775,4.6);
#1012=CIRCLE('',#5776,4.6);
#1013=CIRCLE('',#5777,4.6);
#1014=CIRCLE('',#5778,2.35);
#1015=CIRCLE('',#5780,1.75);
#1016=CIRCLE('',#5782,0.6);
#1017=CIRCLE('',#5783,1.75);
#1018=CIRCLE('',#5784,1.75);
#1019=CIRCLE('',#5786,0.600000000000006);
#1020=CIRCLE('',#5787,4.);
#1021=CIRCLE('',#5788,0.600000000000001);
#1022=CIRCLE('',#5790,0.599999999999997);
#1023=CIRCLE('',#5792,1.75);
#1024=CIRCLE('',#5794,0.600000000000001);
#1025=CIRCLE('',#5797,0.599999999999999);
#1026=CIRCLE('',#5798,4.);
#1027=CIRCLE('',#5800,0.6);
#1028=CIRCLE('',#5802,0.599999999999996);
#1029=CIRCLE('',#5803,4.);
#1030=CIRCLE('',#5805,0.599999999999996);
#1031=CIRCLE('',#5807,4.);
#1032=CIRCLE('',#5809,0.600000000000001);
#1033=CIRCLE('',#5811,0.600000000000005);
#1034=CIRCLE('',#5812,4.);
#1035=CIRCLE('',#5814,0.6);
#1036=CIRCLE('',#5820,0.6);
#1037=CIRCLE('',#5823,4.);
#1038=CIRCLE('',#5827,4.);
#1039=CIRCLE('',#5830,4.);
#1040=CIRCLE('',#5833,4.);
#1041=CIRCLE('',#5836,4.);
#1042=CIRCLE('',#5847,0.6);
#1043=CIRCLE('',#5849,0.600000000000006);
#1044=CIRCLE('',#5851,0.600000000000006);
#1045=CIRCLE('',#5852,2.);
#1046=CIRCLE('',#5853,1.4);
#1047=CIRCLE('',#5855,0.600000000000006);
#1048=CIRCLE('',#5857,0.600000000000006);
#1049=CIRCLE('',#5858,2.);
#1050=CIRCLE('',#5859,2.6);
#1051=CIRCLE('',#5861,0.600000000000006);
#1052=CIRCLE('',#5863,0.600000000000006);
#1053=CIRCLE('',#5864,2.);
#1054=CIRCLE('',#5865,2.6);
#1055=CIRCLE('',#5867,0.600000000000006);
#1056=CIRCLE('',#5869,0.600000000000006);
#1057=CIRCLE('',#5870,2.);
#1058=CIRCLE('',#5871,1.4);
#1059=CIRCLE('',#5877,2.);
#1060=CIRCLE('',#5880,2.);
#1061=CIRCLE('',#5882,2.);
#1062=CIRCLE('',#5885,2.35);
#1063=CIRCLE('',#5886,0.6);
#1064=CIRCLE('',#5887,1.75);
#1065=CIRCLE('',#5888,1.75);
#1066=CIRCLE('',#5890,2.);
#1067=CIRCLE('',#5893,2.35);
#1068=CIRCLE('',#5894,0.6);
#1069=CIRCLE('',#5895,1.75);
#1070=CIRCLE('',#5896,1.75);
#1071=CIRCLE('',#5897,2.35);
#1072=CIRCLE('',#5900,1.75);
#1073=CIRCLE('',#5902,1.75);
#1074=CIRCLE('',#5904,2.35);
#1075=CIRCLE('',#5905,0.6);
#1076=CIRCLE('',#5906,1.75);
#1077=CIRCLE('',#5907,1.75);
#1078=CIRCLE('',#5908,2.35);
#1079=CIRCLE('',#5910,0.600000000000002);
#1080=CIRCLE('',#5911,0.6);
#1081=CIRCLE('',#5913,1.75);
#1082=CIRCLE('',#5915,0.6);
#1083=CIRCLE('',#5916,1.75);
#1084=CIRCLE('',#5917,1.75);
#1085=CIRCLE('',#5918,2.35);
#1086=CIRCLE('',#5920,0.6);
#1087=CIRCLE('',#5921,0.6);
#1088=CIRCLE('',#5923,1.75);
#1089=CIRCLE('',#5926,0.599999999999987);
#1090=CIRCLE('',#5928,1.4);
#1091=CIRCLE('',#5929,2.);
#1092=CIRCLE('',#5931,0.599999999999987);
#1093=CIRCLE('',#5932,2.6);
#1094=CIRCLE('',#5933,2.);
#1095=CIRCLE('',#5935,0.599999999999987);
#1096=CIRCLE('',#5937,2.6);
#1097=CIRCLE('',#5938,2.);
#1098=CIRCLE('',#5940,0.600000000000023);
#1099=CIRCLE('',#5941,1.4);
#1100=CIRCLE('',#5942,2.);
#1101=CIRCLE('',#5944,0.6);
#1102=CIRCLE('',#5951,0.6);
#1103=CIRCLE('',#5955,2.35);
#1104=CIRCLE('',#5956,0.6);
#1105=CIRCLE('',#5957,1.75);
#1106=CIRCLE('',#5958,1.75);
#1107=CIRCLE('',#5959,2.35);
#1108=CIRCLE('',#5961,0.60000000000001);
#1109=CIRCLE('',#5962,0.599999999999995);
#1110=CIRCLE('',#5964,1.75);
#1111=CIRCLE('',#5966,2.35);
#1112=CIRCLE('',#5967,0.6);
#1113=CIRCLE('',#5968,1.75);
#1114=CIRCLE('',#5969,1.75);
#1115=CIRCLE('',#5971,4.6);
#1116=CIRCLE('',#5972,3.4);
#1117=CIRCLE('',#5973,4.6);
#1118=CIRCLE('',#5974,4.6);
#1119=CIRCLE('',#5975,4.6);
#1120=CIRCLE('',#5977,1.75);
#1121=CIRCLE('',#5979,0.6);
#1122=CIRCLE('',#5980,1.75);
#1123=CIRCLE('',#5981,1.75);
#1124=CIRCLE('',#5983,1.75);
#1125=CIRCLE('',#5985,0.600000000000001);
#1126=CIRCLE('',#5992,0.6);
#1127=CIRCLE('',#5994,0.599999999999987);
#1128=CIRCLE('',#5995,4.);
#1129=CIRCLE('',#5997,0.59999999999998);
#1130=CIRCLE('',#5999,0.600000000000023);
#1131=CIRCLE('',#6000,4.);
#1132=CIRCLE('',#6002,0.599999999999987);
#1133=CIRCLE('',#6004,4.);
#1134=CIRCLE('',#6006,4.);
#1135=CIRCLE('',#6007,0.599999999999998);
#1136=CIRCLE('',#6009,0.600000000000001);
#1137=CIRCLE('',#6011,0.600000000000023);
#1138=CIRCLE('',#6012,4.);
#1139=CIRCLE('',#6014,0.6);
#1140=CIRCLE('',#6017,4.);
#1141=CIRCLE('',#6021,4.);
#1142=CIRCLE('',#6024,4.);
#1143=CIRCLE('',#6027,4.);
#1144=CIRCLE('',#6030,4.);
#1145=CIRCLE('',#6034,0.599999999999987);
#1146=CIRCLE('',#6037,0.600000000000002);
#1147=CIRCLE('',#6038,1.4);
#1148=CIRCLE('',#6039,2.);
#1149=CIRCLE('',#6041,0.6);
#1150=CIRCLE('',#6043,0.599999999999987);
#1151=CIRCLE('',#6044,2.6);
#1152=CIRCLE('',#6045,2.);
#1153=CIRCLE('',#6047,0.599999999999987);
#1154=CIRCLE('',#6049,0.600000000000001);
#1155=CIRCLE('',#6050,2.6);
#1156=CIRCLE('',#6051,2.);
#1157=CIRCLE('',#6053,0.6);
#1158=CIRCLE('',#6055,0.600000000000023);
#1159=CIRCLE('',#6056,1.4);
#1160=CIRCLE('',#6057,2.);
#1161=CIRCLE('',#6061,0.6);
#1162=CIRCLE('',#6064,1.75);
#1163=CIRCLE('',#6065,1.75);
#1164=CIRCLE('',#6071,0.6);
#1165=CIRCLE('',#6072,1.75);
#1166=CIRCLE('',#6073,1.75);
#1167=CIRCLE('',#6075,0.600000000000039);
#1168=CIRCLE('',#6076,4.);
#1169=CIRCLE('',#6077,0.599999999999998);
#1170=CIRCLE('',#6079,0.60000000000001);
#1171=CIRCLE('',#6081,1.75);
#1172=CIRCLE('',#6083,0.600000000000001);
#1173=CIRCLE('',#6086,0.599999999999987);
#1174=CIRCLE('',#6087,4.);
#1175=CIRCLE('',#6089,0.599999999999985);
#1176=CIRCLE('',#6091,0.600000000000023);
#1177=CIRCLE('',#6092,4.);
#1178=CIRCLE('',#6094,0.599999999999987);
#1179=CIRCLE('',#6096,4.);
#1180=CIRCLE('',#6098,0.600000000000001);
#1181=CIRCLE('',#6100,0.600000000000023);
#1182=CIRCLE('',#6101,4.);
#1183=CIRCLE('',#6103,0.6);
#1184=CIRCLE('',#6111,4.);
#1185=CIRCLE('',#6115,4.);
#1186=CIRCLE('',#6118,4.);
#1187=CIRCLE('',#6121,4.);
#1188=CIRCLE('',#6124,4.);
#1189=CIRCLE('',#6136,2.);
#1190=CIRCLE('',#6140,2.);
#1191=CIRCLE('',#6143,2.);
#1192=CIRCLE('',#6145,2.);
#1193=CIRCLE('',#6150,1.000000000002);
#1194=CIRCLE('',#6152,1.000000000002);
#1195=CIRCLE('',#6154,1.000000000002);
#1196=CIRCLE('',#6157,1.000000000002);
#1197=CIRCLE('',#6159,1.75);
#1198=CIRCLE('',#6163,1.75);
#1199=CIRCLE('',#6184,1.000000000002);
#1200=CIRCLE('',#6186,1.000000000002);
#1201=CIRCLE('',#6188,1.000000000002);
#1202=CIRCLE('',#6191,1.000000000002);
#1203=CIRCLE('',#6209,2.);
#1204=CIRCLE('',#6213,2.);
#1205=CIRCLE('',#6216,2.);
#1206=CIRCLE('',#6218,2.);
#1207=CIRCLE('',#6223,1.000000000002);
#1208=CIRCLE('',#6225,1.000000000002);
#1209=CIRCLE('',#6227,1.000000000002);
#1210=CIRCLE('',#6230,1.000000000002);
#1211=CIRCLE('',#6250,2.);
#1212=CIRCLE('',#6254,2.);
#1213=CIRCLE('',#6257,2.);
#1214=CIRCLE('',#6259,2.);
#1215=CIRCLE('',#6264,1.000000000002);
#1216=CIRCLE('',#6266,1.000000000002);
#1217=CIRCLE('',#6268,1.000000000002);
#1218=CIRCLE('',#6271,1.000000000002);
#1219=LINE('',#8067,#1679);
#1220=LINE('',#8070,#1680);
#1221=LINE('',#8073,#1681);
#1222=LINE('',#8075,#1682);
#1223=LINE('',#8077,#1683);
#1224=LINE('',#8078,#1684);
#1225=LINE('',#8081,#1685);
#1226=LINE('',#8084,#1686);
#1227=LINE('',#8117,#1687);
#1228=LINE('',#8121,#1688);
#1229=LINE('',#8125,#1689);
#1230=LINE('',#8139,#1690);
#1231=LINE('',#8143,#1691);
#1232=LINE('',#8145,#1692);
#1233=LINE('',#8147,#1693);
#1234=LINE('',#8149,#1694);
#1235=LINE('',#8151,#1695);
#1236=LINE('',#8153,#1696);
#1237=LINE('',#8155,#1697);
#1238=LINE('',#8157,#1698);
#1239=LINE('',#8161,#1699);
#1240=LINE('',#8165,#1700);
#1241=LINE('',#8169,#1701);
#1242=LINE('',#8177,#1702);
#1243=LINE('',#8181,#1703);
#1244=LINE('',#8183,#1704);
#1245=LINE('',#8185,#1705);
#1246=LINE('',#8187,#1706);
#1247=LINE('',#8189,#1707);
#1248=LINE('',#8191,#1708);
#1249=LINE('',#8195,#1709);
#1250=LINE('',#8199,#1710);
#1251=LINE('',#8205,#1711);
#1252=LINE('',#8210,#1712);
#1253=LINE('',#8220,#1713);
#1254=LINE('',#8228,#1714);
#1255=LINE('',#8238,#1715);
#1256=LINE('',#8246,#1716);
#1257=LINE('',#8249,#1717);
#1258=LINE('',#8253,#1718);
#1259=LINE('',#8258,#1719);
#1260=LINE('',#8261,#1720);
#1261=LINE('',#8263,#1721);
#1262=LINE('',#8264,#1722);
#1263=LINE('',#8267,#1723);
#1264=LINE('',#8277,#1724);
#1265=LINE('',#8278,#1725);
#1266=LINE('',#8281,#1726);
#1267=LINE('',#8285,#1727);
#1268=LINE('',#8286,#1728);
#1269=LINE('',#8289,#1729);
#1270=LINE('',#8293,#1730);
#1271=LINE('',#8295,#1731);
#1272=LINE('',#8297,#1732);
#1273=LINE('',#8299,#1733);
#1274=LINE('',#8301,#1734);
#1275=LINE('',#8303,#1735);
#1276=LINE('',#8305,#1736);
#1277=LINE('',#8307,#1737);
#1278=LINE('',#8309,#1738);
#1279=LINE('',#8310,#1739);
#1280=LINE('',#8313,#1740);
#1281=LINE('',#8317,#1741);
#1282=LINE('',#8318,#1742);
#1283=LINE('',#8321,#1743);
#1284=LINE('',#8325,#1744);
#1285=LINE('',#8327,#1745);
#1286=LINE('',#8329,#1746);
#1287=LINE('',#8331,#1747);
#1288=LINE('',#8332,#1748);
#1289=LINE('',#8333,#1749);
#1290=LINE('',#8336,#1750);
#1291=LINE('',#8337,#1751);
#1292=LINE('',#8340,#1752);
#1293=LINE('',#8344,#1753);
#1294=LINE('',#8345,#1754);
#1295=LINE('',#8347,#1755);
#1296=LINE('',#8349,#1756);
#1297=LINE('',#8351,#1757);
#1298=LINE('',#8352,#1758);
#1299=LINE('',#8355,#1759);
#1300=LINE('',#8356,#1760);
#1301=LINE('',#8385,#1761);
#1302=LINE('',#8389,#1762);
#1303=LINE('',#8392,#1763);
#1304=LINE('',#8395,#1764);
#1305=LINE('',#8424,#1765);
#1306=LINE('',#8428,#1766);
#1307=LINE('',#8431,#1767);
#1308=LINE('',#8434,#1768);
#1309=LINE('',#8440,#1769);
#1310=LINE('',#8444,#1770);
#1311=LINE('',#8451,#1771);
#1312=LINE('',#8454,#1772);
#1313=LINE('',#8466,#1773);
#1314=LINE('',#8474,#1774);
#1315=LINE('',#8475,#1775);
#1316=LINE('',#8491,#1776);
#1317=LINE('',#8495,#1777);
#1318=LINE('',#8497,#1778);
#1319=LINE('',#8499,#1779);
#1320=LINE('',#8501,#1780);
#1321=LINE('',#8503,#1781);
#1322=LINE('',#8505,#1782);
#1323=LINE('',#8509,#1783);
#1324=LINE('',#8513,#1784);
#1325=LINE('',#8517,#1785);
#1326=LINE('',#8521,#1786);
#1327=LINE('',#8557,#1787);
#1328=LINE('',#8560,#1788);
#1329=LINE('',#8565,#1789);
#1330=LINE('',#8575,#1790);
#1331=LINE('',#8583,#1791);
#1332=LINE('',#8589,#1792);
#1333=LINE('',#8597,#1793);
#1334=LINE('',#8600,#1794);
#1335=LINE('',#8604,#1795);
#1336=LINE('',#8609,#1796);
#1337=LINE('',#8612,#1797);
#1338=LINE('',#8614,#1798);
#1339=LINE('',#8615,#1799);
#1340=LINE('',#8618,#1800);
#1341=LINE('',#8628,#1801);
#1342=LINE('',#8629,#1802);
#1343=LINE('',#8632,#1803);
#1344=LINE('',#8636,#1804);
#1345=LINE('',#8637,#1805);
#1346=LINE('',#8640,#1806);
#1347=LINE('',#8644,#1807);
#1348=LINE('',#8646,#1808);
#1349=LINE('',#8648,#1809);
#1350=LINE('',#8650,#1810);
#1351=LINE('',#8652,#1811);
#1352=LINE('',#8654,#1812);
#1353=LINE('',#8656,#1813);
#1354=LINE('',#8658,#1814);
#1355=LINE('',#8660,#1815);
#1356=LINE('',#8661,#1816);
#1357=LINE('',#8664,#1817);
#1358=LINE('',#8668,#1818);
#1359=LINE('',#8669,#1819);
#1360=LINE('',#8672,#1820);
#1361=LINE('',#8676,#1821);
#1362=LINE('',#8678,#1822);
#1363=LINE('',#8680,#1823);
#1364=LINE('',#8682,#1824);
#1365=LINE('',#8683,#1825);
#1366=LINE('',#8684,#1826);
#1367=LINE('',#8687,#1827);
#1368=LINE('',#8688,#1828);
#1369=LINE('',#8691,#1829);
#1370=LINE('',#8695,#1830);
#1371=LINE('',#8697,#1831);
#1372=LINE('',#8699,#1832);
#1373=LINE('',#8701,#1833);
#1374=LINE('',#8703,#1834);
#1375=LINE('',#8704,#1835);
#1376=LINE('',#8707,#1836);
#1377=LINE('',#8708,#1837);
#1378=LINE('',#8713,#1838);
#1379=LINE('',#8717,#1839);
#1380=LINE('',#8721,#1840);
#1381=LINE('',#8725,#1841);
#1382=LINE('',#8728,#1842);
#1383=LINE('',#8760,#1843);
#1384=LINE('',#8763,#1844);
#1385=LINE('',#8764,#1845);
#1386=LINE('',#8773,#1846);
#1387=LINE('',#8802,#1847);
#1388=LINE('',#8805,#1848);
#1389=LINE('',#8806,#1849);
#1390=LINE('',#8817,#1850);
#1391=LINE('',#8818,#1851);
#1392=LINE('',#8821,#1852);
#1393=LINE('',#8823,#1853);
#1394=LINE('',#8824,#1854);
#1395=LINE('',#8825,#1855);
#1396=LINE('',#8828,#1856);
#1397=LINE('',#8829,#1857);
#1398=LINE('',#8830,#1858);
#1399=LINE('',#8833,#1859);
#1400=LINE('',#8837,#1860);
#1401=LINE('',#8838,#1861);
#1402=LINE('',#8843,#1862);
#1403=LINE('',#8847,#1863);
#1404=LINE('',#8848,#1864);
#1405=LINE('',#8858,#1865);
#1406=LINE('',#8862,#1866);
#1407=LINE('',#8864,#1867);
#1408=LINE('',#8865,#1868);
#1409=LINE('',#8876,#1869);
#1410=LINE('',#8879,#1870);
#1411=LINE('',#8883,#1871);
#1412=LINE('',#8912,#1872);
#1413=LINE('',#8916,#1873);
#1414=LINE('',#8919,#1874);
#1415=LINE('',#8922,#1875);
#1416=LINE('',#8952,#1876);
#1417=LINE('',#8956,#1877);
#1418=LINE('',#8959,#1878);
#1419=LINE('',#8962,#1879);
#1420=LINE('',#8969,#1880);
#1421=LINE('',#8972,#1881);
#1422=LINE('',#8986,#1882);
#1423=LINE('',#8987,#1883);
#1424=LINE('',#9001,#1884);
#1425=LINE('',#9002,#1885);
#1426=LINE('',#9005,#1886);
#1427=LINE('',#9007,#1887);
#1428=LINE('',#9009,#1888);
#1429=LINE('',#9011,#1889);
#1430=LINE('',#9012,#1890);
#1431=LINE('',#9015,#1891);
#1432=LINE('',#9017,#1892);
#1433=LINE('',#9019,#1893);
#1434=LINE('',#9020,#1894);
#1435=LINE('',#9036,#1895);
#1436=LINE('',#9040,#1896);
#1437=LINE('',#9043,#1897);
#1438=LINE('',#9044,#1898);
#1439=LINE('',#9047,#1899);
#1440=LINE('',#9049,#1900);
#1441=LINE('',#9051,#1901);
#1442=LINE('',#9053,#1902);
#1443=LINE('',#9055,#1903);
#1444=LINE('',#9056,#1904);
#1445=LINE('',#9058,#1905);
#1446=LINE('',#9060,#1906);
#1447=LINE('',#9062,#1907);
#1448=LINE('',#9064,#1908);
#1449=LINE('',#9066,#1909);
#1450=LINE('',#9068,#1910);
#1451=LINE('',#9069,#1911);
#1452=LINE('',#9102,#1912);
#1453=LINE('',#9106,#1913);
#1454=LINE('',#9110,#1914);
#1455=LINE('',#9124,#1915);
#1456=LINE('',#9128,#1916);
#1457=LINE('',#9130,#1917);
#1458=LINE('',#9132,#1918);
#1459=LINE('',#9134,#1919);
#1460=LINE('',#9136,#1920);
#1461=LINE('',#9138,#1921);
#1462=LINE('',#9142,#1922);
#1463=LINE('',#9146,#1923);
#1464=LINE('',#9150,#1924);
#1465=LINE('',#9160,#1925);
#1466=LINE('',#9165,#1926);
#1467=LINE('',#9170,#1927);
#1468=LINE('',#9182,#1928);
#1469=LINE('',#9190,#1929);
#1470=LINE('',#9200,#1930);
#1471=LINE('',#9208,#1931);
#1472=LINE('',#9211,#1932);
#1473=LINE('',#9213,#1933);
#1474=LINE('',#9214,#1934);
#1475=LINE('',#9217,#1935);
#1476=LINE('',#9227,#1936);
#1477=LINE('',#9228,#1937);
#1478=LINE('',#9231,#1938);
#1479=LINE('',#9235,#1939);
#1480=LINE('',#9236,#1940);
#1481=LINE('',#9239,#1941);
#1482=LINE('',#9243,#1942);
#1483=LINE('',#9245,#1943);
#1484=LINE('',#9247,#1944);
#1485=LINE('',#9248,#1945);
#1486=LINE('',#9250,#1946);
#1487=LINE('',#9252,#1947);
#1488=LINE('',#9254,#1948);
#1489=LINE('',#9256,#1949);
#1490=LINE('',#9257,#1950);
#1491=LINE('',#9260,#1951);
#1492=LINE('',#9264,#1952);
#1493=LINE('',#9265,#1953);
#1494=LINE('',#9268,#1954);
#1495=LINE('',#9272,#1955);
#1496=LINE('',#9274,#1956);
#1497=LINE('',#9276,#1957);
#1498=LINE('',#9278,#1958);
#1499=LINE('',#9279,#1959);
#1500=LINE('',#9280,#1960);
#1501=LINE('',#9282,#1961);
#1502=LINE('',#9288,#1962);
#1503=LINE('',#9291,#1963);
#1504=LINE('',#9302,#1964);
#1505=LINE('',#9303,#1965);
#1506=LINE('',#9314,#1966);
#1507=LINE('',#9315,#1967);
#1508=LINE('',#9326,#1968);
#1509=LINE('',#9327,#1969);
#1510=LINE('',#9336,#1970);
#1511=LINE('',#9338,#1971);
#1512=LINE('',#9342,#1972);
#1513=LINE('',#9346,#1973);
#1514=LINE('',#9349,#1974);
#1515=LINE('',#9352,#1975);
#1516=LINE('',#9353,#1976);
#1517=LINE('',#9363,#1977);
#1518=LINE('',#9365,#1978);
#1519=LINE('',#9367,#1979);
#1520=LINE('',#9369,#1980);
#1521=LINE('',#9371,#1981);
#1522=LINE('',#9373,#1982);
#1523=LINE('',#9374,#1983);
#1524=LINE('',#9409,#1984);
#1525=LINE('',#9412,#1985);
#1526=LINE('',#9417,#1986);
#1527=LINE('',#9427,#1987);
#1528=LINE('',#9435,#1988);
#1529=LINE('',#9441,#1989);
#1530=LINE('',#9449,#1990);
#1531=LINE('',#9451,#1991);
#1532=LINE('',#9458,#1992);
#1533=LINE('',#9460,#1993);
#1534=LINE('',#9461,#1994);
#1535=LINE('',#9464,#1995);
#1536=LINE('',#9474,#1996);
#1537=LINE('',#9475,#1997);
#1538=LINE('',#9478,#1998);
#1539=LINE('',#9482,#1999);
#1540=LINE('',#9483,#2000);
#1541=LINE('',#9486,#2001);
#1542=LINE('',#9490,#2002);
#1543=LINE('',#9492,#2003);
#1544=LINE('',#9494,#2004);
#1545=LINE('',#9495,#2005);
#1546=LINE('',#9497,#2006);
#1547=LINE('',#9499,#2007);
#1548=LINE('',#9501,#2008);
#1549=LINE('',#9503,#2009);
#1550=LINE('',#9504,#2010);
#1551=LINE('',#9507,#2011);
#1552=LINE('',#9511,#2012);
#1553=LINE('',#9512,#2013);
#1554=LINE('',#9515,#2014);
#1555=LINE('',#9519,#2015);
#1556=LINE('',#9521,#2016);
#1557=LINE('',#9523,#2017);
#1558=LINE('',#9525,#2018);
#1559=LINE('',#9526,#2019);
#1560=LINE('',#9527,#2020);
#1561=LINE('',#9529,#2021);
#1562=LINE('',#9532,#2022);
#1563=LINE('',#9534,#2023);
#1564=LINE('',#9535,#2024);
#1565=LINE('',#9538,#2025);
#1566=LINE('',#9539,#2026);
#1567=LINE('',#9541,#2027);
#1568=LINE('',#9542,#2028);
#1569=LINE('',#9545,#2029);
#1570=LINE('',#9547,#2030);
#1571=LINE('',#9549,#2031);
#1572=LINE('',#9550,#2032);
#1573=LINE('',#9552,#2033);
#1574=LINE('',#9554,#2034);
#1575=LINE('',#9556,#2035);
#1576=LINE('',#9557,#2036);
#1577=LINE('',#9559,#2037);
#1578=LINE('',#9561,#2038);
#1579=LINE('',#9563,#2039);
#1580=LINE('',#9564,#2040);
#1581=LINE('',#9567,#2041);
#1582=LINE('',#9569,#2042);
#1583=LINE('',#9570,#2043);
#1584=LINE('',#9571,#2044);
#1585=LINE('',#9573,#2045);
#1586=LINE('',#9575,#2046);
#1587=LINE('',#9576,#2047);
#1588=LINE('',#9580,#2048);
#1589=LINE('',#9583,#2049);
#1590=LINE('',#9585,#2050);
#1591=LINE('',#9588,#2051);
#1592=LINE('',#9589,#2052);
#1593=LINE('',#9592,#2053);
#1594=LINE('',#9595,#2054);
#1595=LINE('',#9598,#2055);
#1596=LINE('',#9599,#2056);
#1597=LINE('',#9609,#2057);
#1598=LINE('',#9610,#2058);
#1599=LINE('',#9612,#2059);
#1600=LINE('',#9614,#2060);
#1601=LINE('',#9615,#2061);
#1602=LINE('',#9626,#2062);
#1603=LINE('',#9630,#2063);
#1604=LINE('',#9633,#2064);
#1605=LINE('',#9640,#2065);
#1606=LINE('',#9646,#2066);
#1607=LINE('',#9650,#2067);
#1608=LINE('',#9652,#2068);
#1609=LINE('',#9655,#2069);
#1610=LINE('',#9657,#2070);
#1611=LINE('',#9659,#2071);
#1612=LINE('',#9662,#2072);
#1613=LINE('',#9665,#2073);
#1614=LINE('',#9667,#2074);
#1615=LINE('',#9674,#2075);
#1616=LINE('',#9675,#2076);
#1617=LINE('',#9676,#2077);
#1618=LINE('',#9678,#2078);
#1619=LINE('',#9679,#2079);
#1620=LINE('',#9690,#2080);
#1621=LINE('',#9694,#2081);
#1622=LINE('',#9702,#2082);
#1623=LINE('',#9706,#2083);
#1624=LINE('',#9710,#2084);
#1625=LINE('',#9712,#2085);
#1626=LINE('',#9715,#2086);
#1627=LINE('',#9717,#2087);
#1628=LINE('',#9719,#2088);
#1629=LINE('',#9720,#2089);
#1630=LINE('',#9724,#2090);
#1631=LINE('',#9727,#2091);
#1632=LINE('',#9729,#2092);
#1633=LINE('',#9732,#2093);
#1634=LINE('',#9733,#2094);
#1635=LINE('',#9736,#2095);
#1636=LINE('',#9739,#2096);
#1637=LINE('',#9742,#2097);
#1638=LINE('',#9743,#2098);
#1639=LINE('',#9753,#2099);
#1640=LINE('',#9754,#2100);
#1641=LINE('',#9756,#2101);
#1642=LINE('',#9758,#2102);
#1643=LINE('',#9759,#2103);
#1644=LINE('',#9770,#2104);
#1645=LINE('',#9774,#2105);
#1646=LINE('',#9782,#2106);
#1647=LINE('',#9786,#2107);
#1648=LINE('',#9788,#2108);
#1649=LINE('',#9791,#2109);
#1650=LINE('',#9793,#2110);
#1651=LINE('',#9795,#2111);
#1652=LINE('',#9798,#2112);
#1653=LINE('',#9801,#2113);
#1654=LINE('',#9803,#2114);
#1655=LINE('',#9804,#2115);
#1656=LINE('',#9808,#2116);
#1657=LINE('',#9811,#2117);
#1658=LINE('',#9813,#2118);
#1659=LINE('',#9816,#2119);
#1660=LINE('',#9817,#2120);
#1661=LINE('',#9820,#2121);
#1662=LINE('',#9823,#2122);
#1663=LINE('',#9826,#2123);
#1664=LINE('',#9827,#2124);
#1665=LINE('',#9837,#2125);
#1666=LINE('',#9838,#2126);
#1667=LINE('',#9840,#2127);
#1668=LINE('',#9842,#2128);
#1669=LINE('',#9843,#2129);
#1670=LINE('',#9854,#2130);
#1671=LINE('',#9858,#2131);
#1672=LINE('',#9866,#2132);
#1673=LINE('',#9870,#2133);
#1674=LINE('',#9872,#2134);
#1675=LINE('',#9875,#2135);
#1676=LINE('',#9877,#2136);
#1677=LINE('',#9879,#2137);
#1678=LINE('',#9882,#2138);
#1679=VECTOR('',#6293,10.);
#1680=VECTOR('',#6296,10.);
#1681=VECTOR('',#6299,10.);
#1682=VECTOR('',#6300,10.);
#1683=VECTOR('',#6301,10.);
#1684=VECTOR('',#6302,10.);
#1685=VECTOR('',#6305,10.);
#1686=VECTOR('',#6308,10.);
#1687=VECTOR('',#6323,10.);
#1688=VECTOR('',#6326,10.);
#1689=VECTOR('',#6331,1.75);
#1690=VECTOR('',#6348,10.);
#1691=VECTOR('',#6351,10.);
#1692=VECTOR('',#6352,10.);
#1693=VECTOR('',#6353,10.);
#1694=VECTOR('',#6354,10.);
#1695=VECTOR('',#6355,10.);
#1696=VECTOR('',#6356,10.);
#1697=VECTOR('',#6357,10.);
#1698=VECTOR('',#6358,10.);
#1699=VECTOR('',#6361,10.);
#1700=VECTOR('',#6364,10.);
#1701=VECTOR('',#6367,10.);
#1702=VECTOR('',#6374,10.);
#1703=VECTOR('',#6377,10.);
#1704=VECTOR('',#6378,10.);
#1705=VECTOR('',#6379,10.);
#1706=VECTOR('',#6380,10.);
#1707=VECTOR('',#6381,10.);
#1708=VECTOR('',#6382,10.);
#1709=VECTOR('',#6385,10.);
#1710=VECTOR('',#6388,10.);
#1711=VECTOR('',#6395,1.75);
#1712=VECTOR('',#6400,10.);
#1713=VECTOR('',#6415,10.);
#1714=VECTOR('',#6426,10.);
#1715=VECTOR('',#6441,10.);
#1716=VECTOR('',#6452,10.);
#1717=VECTOR('',#6455,10.);
#1718=VECTOR('',#6460,10.);
#1719=VECTOR('',#6467,10.);
#1720=VECTOR('',#6470,10.);
#1721=VECTOR('',#6471,10.);
#1722=VECTOR('',#6472,10.);
#1723=VECTOR('',#6475,10.);
#1724=VECTOR('',#6482,10.);
#1725=VECTOR('',#6483,10.);
#1726=VECTOR('',#6486,10.);
#1727=VECTOR('',#6491,10.);
#1728=VECTOR('',#6492,10.);
#1729=VECTOR('',#6495,10.);
#1730=VECTOR('',#6500,10.);
#1731=VECTOR('',#6501,10.);
#1732=VECTOR('',#6502,10.);
#1733=VECTOR('',#6503,10.);
#1734=VECTOR('',#6504,10.);
#1735=VECTOR('',#6505,10.);
#1736=VECTOR('',#6506,10.);
#1737=VECTOR('',#6507,10.);
#1738=VECTOR('',#6508,10.);
#1739=VECTOR('',#6509,10.);
#1740=VECTOR('',#6512,10.);
#1741=VECTOR('',#6517,10.);
#1742=VECTOR('',#6518,10.);
#1743=VECTOR('',#6521,10.);
#1744=VECTOR('',#6526,10.);
#1745=VECTOR('',#6527,10.);
#1746=VECTOR('',#6528,10.);
#1747=VECTOR('',#6529,10.);
#1748=VECTOR('',#6530,10.);
#1749=VECTOR('',#6531,10.);
#1750=VECTOR('',#6534,10.);
#1751=VECTOR('',#6535,10.);
#1752=VECTOR('',#6538,10.);
#1753=VECTOR('',#6541,10.);
#1754=VECTOR('',#6542,10.);
#1755=VECTOR('',#6543,10.);
#1756=VECTOR('',#6544,10.);
#1757=VECTOR('',#6545,10.);
#1758=VECTOR('',#6546,10.);
#1759=VECTOR('',#6549,10.);
#1760=VECTOR('',#6550,10.);
#1761=VECTOR('',#6563,10.);
#1762=VECTOR('',#6566,10.);
#1763=VECTOR('',#6569,10.);
#1764=VECTOR('',#6572,1.75);
#1765=VECTOR('',#6589,10.);
#1766=VECTOR('',#6592,10.);
#1767=VECTOR('',#6595,10.);
#1768=VECTOR('',#6598,1.75);
#1769=VECTOR('',#6605,10.);
#1770=VECTOR('',#6610,10.);
#1771=VECTOR('',#6617,10.);
#1772=VECTOR('',#6620,10.);
#1773=VECTOR('',#6639,10.);
#1774=VECTOR('',#6654,10.);
#1775=VECTOR('',#6655,10.);
#1776=VECTOR('',#6672,10.);
#1777=VECTOR('',#6675,10.);
#1778=VECTOR('',#6676,10.);
#1779=VECTOR('',#6677,10.);
#1780=VECTOR('',#6678,10.);
#1781=VECTOR('',#6679,10.);
#1782=VECTOR('',#6680,10.);
#1783=VECTOR('',#6683,10.);
#1784=VECTOR('',#6686,10.);
#1785=VECTOR('',#6689,10.);
#1786=VECTOR('',#6694,1.75);
#1787=VECTOR('',#6717,10.);
#1788=VECTOR('',#6720,1.75);
#1789=VECTOR('',#6725,10.);
#1790=VECTOR('',#6740,10.);
#1791=VECTOR('',#6751,10.);
#1792=VECTOR('',#6760,10.);
#1793=VECTOR('',#6771,10.);
#1794=VECTOR('',#6774,10.);
#1795=VECTOR('',#6779,10.);
#1796=VECTOR('',#6786,10.);
#1797=VECTOR('',#6789,10.);
#1798=VECTOR('',#6790,10.);
#1799=VECTOR('',#6791,10.);
#1800=VECTOR('',#6794,10.);
#1801=VECTOR('',#6801,10.);
#1802=VECTOR('',#6802,10.);
#1803=VECTOR('',#6805,10.);
#1804=VECTOR('',#6810,10.);
#1805=VECTOR('',#6811,10.);
#1806=VECTOR('',#6814,10.);
#1807=VECTOR('',#6819,10.);
#1808=VECTOR('',#6820,10.);
#1809=VECTOR('',#6821,10.);
#1810=VECTOR('',#6822,10.);
#1811=VECTOR('',#6823,10.);
#1812=VECTOR('',#6824,10.);
#1813=VECTOR('',#6825,10.);
#1814=VECTOR('',#6826,10.);
#1815=VECTOR('',#6827,10.);
#1816=VECTOR('',#6828,10.);
#1817=VECTOR('',#6831,10.);
#1818=VECTOR('',#6836,10.);
#1819=VECTOR('',#6837,10.);
#1820=VECTOR('',#6840,10.);
#1821=VECTOR('',#6845,10.);
#1822=VECTOR('',#6846,10.);
#1823=VECTOR('',#6847,10.);
#1824=VECTOR('',#6848,10.);
#1825=VECTOR('',#6849,10.);
#1826=VECTOR('',#6850,10.);
#1827=VECTOR('',#6853,10.);
#1828=VECTOR('',#6854,10.);
#1829=VECTOR('',#6857,10.);
#1830=VECTOR('',#6860,10.);
#1831=VECTOR('',#6861,10.);
#1832=VECTOR('',#6862,10.);
#1833=VECTOR('',#6863,10.);
#1834=VECTOR('',#6864,10.);
#1835=VECTOR('',#6865,10.);
#1836=VECTOR('',#6868,10.);
#1837=VECTOR('',#6869,10.);
#1838=VECTOR('',#6874,10.);
#1839=VECTOR('',#6879,10.);
#1840=VECTOR('',#6882,10.);
#1841=VECTOR('',#6887,10.);
#1842=VECTOR('',#6890,10.);
#1843=VECTOR('',#6901,10.);
#1844=VECTOR('',#6904,10.);
#1845=VECTOR('',#6905,10.);
#1846=VECTOR('',#6918,10.);
#1847=VECTOR('',#6929,10.);
#1848=VECTOR('',#6932,10.);
#1849=VECTOR('',#6933,10.);
#1850=VECTOR('',#6946,10.);
#1851=VECTOR('',#6947,10.);
#1852=VECTOR('',#6950,10.);
#1853=VECTOR('',#6951,10.);
#1854=VECTOR('',#6952,10.);
#1855=VECTOR('',#6953,10.);
#1856=VECTOR('',#6956,10.);
#1857=VECTOR('',#6957,10.);
#1858=VECTOR('',#6958,10.);
#1859=VECTOR('',#6961,10.);
#1860=VECTOR('',#6966,10.);
#1861=VECTOR('',#6967,10.);
#1862=VECTOR('',#6974,10.);
#1863=VECTOR('',#6979,10.);
#1864=VECTOR('',#6980,10.);
#1865=VECTOR('',#6993,10.);
#1866=VECTOR('',#6998,10.);
#1867=VECTOR('',#6999,10.);
#1868=VECTOR('',#7000,10.);
#1869=VECTOR('',#7015,10.);
#1870=VECTOR('',#7018,1.75);
#1871=VECTOR('',#7023,1.75);
#1872=VECTOR('',#7040,10.);
#1873=VECTOR('',#7043,10.);
#1874=VECTOR('',#7046,10.);
#1875=VECTOR('',#7049,1.75);
#1876=VECTOR('',#7064,10.);
#1877=VECTOR('',#7067,10.);
#1878=VECTOR('',#7070,10.);
#1879=VECTOR('',#7073,1.75);
#1880=VECTOR('',#7080,10.);
#1881=VECTOR('',#7083,10.);
#1882=VECTOR('',#7102,10.);
#1883=VECTOR('',#7103,10.);
#1884=VECTOR('',#7122,10.);
#1885=VECTOR('',#7123,10.);
#1886=VECTOR('',#7126,10.);
#1887=VECTOR('',#7127,10.);
#1888=VECTOR('',#7128,10.);
#1889=VECTOR('',#7129,10.);
#1890=VECTOR('',#7130,10.);
#1891=VECTOR('',#7133,10.);
#1892=VECTOR('',#7134,10.);
#1893=VECTOR('',#7135,10.);
#1894=VECTOR('',#7136,10.);
#1895=VECTOR('',#7141,10.);
#1896=VECTOR('',#7146,10.);
#1897=VECTOR('',#7149,10.);
#1898=VECTOR('',#7150,10.);
#1899=VECTOR('',#7153,10.);
#1900=VECTOR('',#7154,10.);
#1901=VECTOR('',#7155,10.);
#1902=VECTOR('',#7156,10.);
#1903=VECTOR('',#7157,10.);
#1904=VECTOR('',#7158,10.);
#1905=VECTOR('',#7161,10.);
#1906=VECTOR('',#7162,10.);
#1907=VECTOR('',#7163,10.);
#1908=VECTOR('',#7164,10.);
#1909=VECTOR('',#7165,10.);
#1910=VECTOR('',#7166,10.);
#1911=VECTOR('',#7167,10.);
#1912=VECTOR('',#7182,10.);
#1913=VECTOR('',#7185,10.);
#1914=VECTOR('',#7190,1.75);
#1915=VECTOR('',#7207,10.);
#1916=VECTOR('',#7210,10.);
#1917=VECTOR('',#7211,10.);
#1918=VECTOR('',#7212,10.);
#1919=VECTOR('',#7213,10.);
#1920=VECTOR('',#7214,10.);
#1921=VECTOR('',#7215,10.);
#1922=VECTOR('',#7218,10.);
#1923=VECTOR('',#7221,10.);
#1924=VECTOR('',#7226,1.75);
#1925=VECTOR('',#7239,1.75);
#1926=VECTOR('',#7244,10.);
#1927=VECTOR('',#7253,10.);
#1928=VECTOR('',#7272,10.);
#1929=VECTOR('',#7283,10.);
#1930=VECTOR('',#7298,10.);
#1931=VECTOR('',#7309,10.);
#1932=VECTOR('',#7312,10.);
#1933=VECTOR('',#7313,10.);
#1934=VECTOR('',#7314,10.);
#1935=VECTOR('',#7317,10.);
#1936=VECTOR('',#7324,10.);
#1937=VECTOR('',#7325,10.);
#1938=VECTOR('',#7328,10.);
#1939=VECTOR('',#7333,10.);
#1940=VECTOR('',#7334,10.);
#1941=VECTOR('',#7337,10.);
#1942=VECTOR('',#7342,10.);
#1943=VECTOR('',#7343,10.);
#1944=VECTOR('',#7344,10.);
#1945=VECTOR('',#7345,10.);
#1946=VECTOR('',#7346,10.);
#1947=VECTOR('',#7347,10.);
#1948=VECTOR('',#7348,10.);
#1949=VECTOR('',#7349,10.);
#1950=VECTOR('',#7350,10.);
#1951=VECTOR('',#7353,10.);
#1952=VECTOR('',#7358,10.);
#1953=VECTOR('',#7359,10.);
#1954=VECTOR('',#7362,10.);
#1955=VECTOR('',#7367,10.);
#1956=VECTOR('',#7368,10.);
#1957=VECTOR('',#7369,10.);
#1958=VECTOR('',#7370,10.);
#1959=VECTOR('',#7371,10.);
#1960=VECTOR('',#7372,10.);
#1961=VECTOR('',#7375,10.);
#1962=VECTOR('',#7380,10.);
#1963=VECTOR('',#7383,10.);
#1964=VECTOR('',#7396,10.);
#1965=VECTOR('',#7397,10.);
#1966=VECTOR('',#7410,10.);
#1967=VECTOR('',#7411,10.);
#1968=VECTOR('',#7424,10.);
#1969=VECTOR('',#7425,10.);
#1970=VECTOR('',#7436,10.);
#1971=VECTOR('',#7437,10.);
#1972=VECTOR('',#7442,10.);
#1973=VECTOR('',#7445,10.);
#1974=VECTOR('',#7448,10.);
#1975=VECTOR('',#7451,10.);
#1976=VECTOR('',#7452,10.);
#1977=VECTOR('',#7465,10.);
#1978=VECTOR('',#7466,10.);
#1979=VECTOR('',#7467,10.);
#1980=VECTOR('',#7468,10.);
#1981=VECTOR('',#7469,10.);
#1982=VECTOR('',#7470,10.);
#1983=VECTOR('',#7471,10.);
#1984=VECTOR('',#7492,10.);
#1985=VECTOR('',#7495,1.75);
#1986=VECTOR('',#7500,10.);
#1987=VECTOR('',#7515,10.);
#1988=VECTOR('',#7526,10.);
#1989=VECTOR('',#7535,10.);
#1990=VECTOR('',#7546,10.);
#1991=VECTOR('',#7549,10.);
#1992=VECTOR('',#7560,10.);
#1993=VECTOR('',#7561,10.);
#1994=VECTOR('',#7562,10.);
#1995=VECTOR('',#7565,10.);
#1996=VECTOR('',#7572,10.);
#1997=VECTOR('',#7573,10.);
#1998=VECTOR('',#7576,10.);
#1999=VECTOR('',#7581,10.);
#2000=VECTOR('',#7582,10.);
#2001=VECTOR('',#7585,10.);
#2002=VECTOR('',#7590,10.);
#2003=VECTOR('',#7591,10.);
#2004=VECTOR('',#7592,10.);
#2005=VECTOR('',#7593,10.);
#2006=VECTOR('',#7594,10.);
#2007=VECTOR('',#7595,10.);
#2008=VECTOR('',#7596,10.);
#2009=VECTOR('',#7597,10.);
#2010=VECTOR('',#7598,10.);
#2011=VECTOR('',#7601,10.);
#2012=VECTOR('',#7606,10.);
#2013=VECTOR('',#7607,10.);
#2014=VECTOR('',#7610,10.);
#2015=VECTOR('',#7615,10.);
#2016=VECTOR('',#7616,10.);
#2017=VECTOR('',#7617,10.);
#2018=VECTOR('',#7618,10.);
#2019=VECTOR('',#7619,10.);
#2020=VECTOR('',#7620,10.);
#2021=VECTOR('',#7623,10.);
#2022=VECTOR('',#7626,10.);
#2023=VECTOR('',#7627,10.);
#2024=VECTOR('',#7628,10.);
#2025=VECTOR('',#7631,10.);
#2026=VECTOR('',#7632,10.);
#2027=VECTOR('',#7635,10.);
#2028=VECTOR('',#7636,10.);
#2029=VECTOR('',#7639,10.);
#2030=VECTOR('',#7640,10.);
#2031=VECTOR('',#7641,10.);
#2032=VECTOR('',#7642,10.);
#2033=VECTOR('',#7643,10.);
#2034=VECTOR('',#7644,10.);
#2035=VECTOR('',#7645,10.);
#2036=VECTOR('',#7646,10.);
#2037=VECTOR('',#7647,10.);
#2038=VECTOR('',#7648,10.);
#2039=VECTOR('',#7649,10.);
#2040=VECTOR('',#7650,10.);
#2041=VECTOR('',#7653,10.);
#2042=VECTOR('',#7654,10.);
#2043=VECTOR('',#7655,10.);
#2044=VECTOR('',#7656,10.);
#2045=VECTOR('',#7659,10.);
#2046=VECTOR('',#7662,10.);
#2047=VECTOR('',#7663,10.);
#2048=VECTOR('',#7668,10.);
#2049=VECTOR('',#7671,10.);
#2050=VECTOR('',#7674,10.);
#2051=VECTOR('',#7677,10.);
#2052=VECTOR('',#7678,10.);
#2053=VECTOR('',#7681,10.);
#2054=VECTOR('',#7684,10.);
#2055=VECTOR('',#7687,10.);
#2056=VECTOR('',#7688,10.);
#2057=VECTOR('',#7703,10.);
#2058=VECTOR('',#7704,10.);
#2059=VECTOR('',#7705,10.);
#2060=VECTOR('',#7706,10.);
#2061=VECTOR('',#7707,10.);
#2062=VECTOR('',#7722,1.000000000002);
#2063=VECTOR('',#7727,1.000000000002);
#2064=VECTOR('',#7730,1.75);
#2065=VECTOR('',#7739,1.75);
#2066=VECTOR('',#7748,0.999999999999996);
#2067=VECTOR('',#7753,0.999999999999996);
#2068=VECTOR('',#7756,10.);
#2069=VECTOR('',#7761,10.);
#2070=VECTOR('',#7764,10.);
#2071=VECTOR('',#7767,10.);
#2072=VECTOR('',#7772,10.);
#2073=VECTOR('',#7777,10.);
#2074=VECTOR('',#7780,10.);
#2075=VECTOR('',#7789,10.);
#2076=VECTOR('',#7790,10.);
#2077=VECTOR('',#7791,10.);
#2078=VECTOR('',#7792,10.);
#2079=VECTOR('',#7793,10.);
#2080=VECTOR('',#7808,1.000000000002);
#2081=VECTOR('',#7813,1.000000000002);
#2082=VECTOR('',#7824,0.999999999999996);
#2083=VECTOR('',#7829,0.999999999999996);
#2084=VECTOR('',#7836,10.);
#2085=VECTOR('',#7839,10.);
#2086=VECTOR('',#7844,10.);
#2087=VECTOR('',#7847,10.);
#2088=VECTOR('',#7850,10.);
#2089=VECTOR('',#7851,10.);
#2090=VECTOR('',#7856,10.);
#2091=VECTOR('',#7859,10.);
#2092=VECTOR('',#7862,10.);
#2093=VECTOR('',#7865,10.);
#2094=VECTOR('',#7866,10.);
#2095=VECTOR('',#7869,10.);
#2096=VECTOR('',#7872,10.);
#2097=VECTOR('',#7875,10.);
#2098=VECTOR('',#7876,10.);
#2099=VECTOR('',#7891,10.);
#2100=VECTOR('',#7892,10.);
#2101=VECTOR('',#7893,10.);
#2102=VECTOR('',#7894,10.);
#2103=VECTOR('',#7895,10.);
#2104=VECTOR('',#7910,1.000000000002);
#2105=VECTOR('',#7915,1.000000000002);
#2106=VECTOR('',#7926,0.999999999999996);
#2107=VECTOR('',#7931,0.999999999999996);
#2108=VECTOR('',#7934,10.);
#2109=VECTOR('',#7939,10.);
#2110=VECTOR('',#7942,10.);
#2111=VECTOR('',#7945,10.);
#2112=VECTOR('',#7950,10.);
#2113=VECTOR('',#7955,10.);
#2114=VECTOR('',#7958,10.);
#2115=VECTOR('',#7959,10.);
#2116=VECTOR('',#7964,10.);
#2117=VECTOR('',#7967,10.);
#2118=VECTOR('',#7970,10.);
#2119=VECTOR('',#7973,10.);
#2120=VECTOR('',#7974,10.);
#2121=VECTOR('',#7977,10.);
#2122=VECTOR('',#7980,10.);
#2123=VECTOR('',#7983,10.);
#2124=VECTOR('',#7984,10.);
#2125=VECTOR('',#7999,10.);
#2126=VECTOR('',#8000,10.);
#2127=VECTOR('',#8001,10.);
#2128=VECTOR('',#8002,10.);
#2129=VECTOR('',#8003,10.);
#2130=VECTOR('',#8018,1.000000000002);
#2131=VECTOR('',#8023,1.000000000002);
#2132=VECTOR('',#8034,0.999999999999996);
#2133=VECTOR('',#8039,0.999999999999996);
#2134=VECTOR('',#8042,10.);
#2135=VECTOR('',#8047,10.);
#2136=VECTOR('',#8050,10.);
#2137=VECTOR('',#8053,10.);
#2138=VECTOR('',#8058,10.);
#2139=ELLIPSE('',#5632,0.848528137423856,0.6);
#2140=ELLIPSE('',#5671,0.848528137423855,0.6);
#2141=ELLIPSE('',#5695,0.848528137423843,0.6);
#2142=ELLIPSE('',#5697,0.848528137424266,0.6);
#2143=ELLIPSE('',#5703,4.00015231354295,4.);
#2144=ELLIPSE('',#5719,0.600022847031442,0.6);
#2145=ELLIPSE('',#5743,0.600022847031442,0.6);
#2146=ELLIPSE('',#5744,0.848528137423728,0.6);
#2147=ELLIPSE('',#5749,0.600022847031442,0.6);
#2148=ELLIPSE('',#5795,0.848528137423855,0.6);
#2149=ELLIPSE('',#5816,0.848528137423843,0.6);
#2150=ELLIPSE('',#5818,0.848528137424266,0.6);
#2151=ELLIPSE('',#5824,4.00015231354295,4.);
#2152=ELLIPSE('',#5840,0.600022847031442,0.6);
#2153=ELLIPSE('',#5843,0.600022847031442,0.6);
#2154=ELLIPSE('',#5844,0.848528137423853,0.6);
#2155=ELLIPSE('',#5846,0.848528137423465,0.6);
#2156=ELLIPSE('',#5873,0.600022847031442,0.6);
#2157=ELLIPSE('',#5925,0.600022847031442,0.6);
#2158=ELLIPSE('',#5948,0.600022847031442,0.6);
#2159=ELLIPSE('',#5949,0.600022847031442,0.6);
#2160=ELLIPSE('',#5986,0.848528137423849,0.6);
#2161=ELLIPSE('',#5988,0.848528137423855,0.6);
#2162=ELLIPSE('',#5990,0.848528137424285,0.6);
#2163=ELLIPSE('',#6018,4.00015231354295,4.);
#2164=ELLIPSE('',#6035,0.600022847031442,0.6);
#2165=ELLIPSE('',#6059,0.848528137423837,0.6);
#2166=ELLIPSE('',#6062,0.848528137423843,0.6);
#2167=ELLIPSE('',#6067,0.600022847031442,0.6);
#2168=ELLIPSE('',#6068,0.600022847031442,0.6);
#2169=ELLIPSE('',#6084,0.848528137423849,0.6);
#2170=ELLIPSE('',#6105,0.848528137423855,0.6);
#2171=ELLIPSE('',#6107,0.848528137426345,0.6);
#2172=ELLIPSE('',#6112,4.00015231354295,4.);
#2173=ELLIPSE('',#6147,1.00003807838573,0.999999999999996);
#2174=ELLIPSE('',#6161,1.00003807838573,0.999999999999996);
#2175=ELLIPSE('',#6165,1.00003807838573,0.999999999999996);
#2176=ELLIPSE('',#6168,1.00003807838573,0.999999999999996);
#2177=ELLIPSE('',#6181,1.00003807838573,0.999999999999996);
#2178=ELLIPSE('',#6193,1.00003807838573,0.999999999999996);
#2179=ELLIPSE('',#6195,1.00003807838573,0.999999999999996);
#2180=ELLIPSE('',#6198,1.00003807838573,0.999999999999996);
#2181=ELLIPSE('',#6220,1.00003807838573,0.999999999999996);
#2182=ELLIPSE('',#6232,1.00003807838573,0.999999999999996);
#2183=ELLIPSE('',#6234,1.00003807838573,0.999999999999996);
#2184=ELLIPSE('',#6237,1.00003807838573,0.999999999999996);
#2185=ELLIPSE('',#6261,1.00003807838573,0.999999999999996);
#2186=ELLIPSE('',#6273,1.00003807838573,0.999999999999996);
#2187=ELLIPSE('',#6275,1.00003807838573,0.999999999999996);
#2188=ELLIPSE('',#6278,1.00003807838573,0.999999999999996);
#2189=VERTEX_POINT('',#8063);
#2190=VERTEX_POINT('',#8064);
#2191=VERTEX_POINT('',#8066);
#2192=VERTEX_POINT('',#8068);
#2193=VERTEX_POINT('',#8072);
#2194=VERTEX_POINT('',#8074);
#2195=VERTEX_POINT('',#8076);
#2196=VERTEX_POINT('',#8080);
#2197=VERTEX_POINT('',#8082);
#2198=VERTEX_POINT('',#8086);
#2199=VERTEX_POINT('',#8087);
#2200=VERTEX_POINT('',#8096);
#2201=VERTEX_POINT('',#8098);
#2202=VERTEX_POINT('',#8100);
#2203=VERTEX_POINT('',#8103);
#2204=VERTEX_POINT('',#8116);
#2205=VERTEX_POINT('',#8118);
#2206=VERTEX_POINT('',#8120);
#2207=VERTEX_POINT('',#8124);
#2208=VERTEX_POINT('',#8128);
#2209=VERTEX_POINT('',#8130);
#2210=VERTEX_POINT('',#8132);
#2211=VERTEX_POINT('',#8136);
#2212=VERTEX_POINT('',#8138);
#2213=VERTEX_POINT('',#8140);
#2214=VERTEX_POINT('',#8142);
#2215=VERTEX_POINT('',#8144);
#2216=VERTEX_POINT('',#8146);
#2217=VERTEX_POINT('',#8148);
#2218=VERTEX_POINT('',#8150);
#2219=VERTEX_POINT('',#8152);
#2220=VERTEX_POINT('',#8154);
#2221=VERTEX_POINT('',#8156);
#2222=VERTEX_POINT('',#8158);
#2223=VERTEX_POINT('',#8160);
#2224=VERTEX_POINT('',#8162);
#2225=VERTEX_POINT('',#8164);
#2226=VERTEX_POINT('',#8166);
#2227=VERTEX_POINT('',#8168);
#2228=VERTEX_POINT('',#8170);
#2229=VERTEX_POINT('',#8172);
#2230=VERTEX_POINT('',#8174);
#2231=VERTEX_POINT('',#8176);
#2232=VERTEX_POINT('',#8178);
#2233=VERTEX_POINT('',#8180);
#2234=VERTEX_POINT('',#8182);
#2235=VERTEX_POINT('',#8184);
#2236=VERTEX_POINT('',#8186);
#2237=VERTEX_POINT('',#8188);
#2238=VERTEX_POINT('',#8190);
#2239=VERTEX_POINT('',#8192);
#2240=VERTEX_POINT('',#8194);
#2241=VERTEX_POINT('',#8196);
#2242=VERTEX_POINT('',#8198);
#2243=VERTEX_POINT('',#8201);
#2244=VERTEX_POINT('',#8204);
#2245=VERTEX_POINT('',#8208);
#2246=VERTEX_POINT('',#8209);
#2247=VERTEX_POINT('',#8214);
#2248=VERTEX_POINT('',#8218);
#2249=VERTEX_POINT('',#8222);
#2250=VERTEX_POINT('',#8226);
#2251=VERTEX_POINT('',#8232);
#2252=VERTEX_POINT('',#8236);
#2253=VERTEX_POINT('',#8240);
#2254=VERTEX_POINT('',#8244);
#2255=VERTEX_POINT('',#8248);
#2256=VERTEX_POINT('',#8252);
#2257=VERTEX_POINT('',#8256);
#2258=VERTEX_POINT('',#8260);
#2259=VERTEX_POINT('',#8262);
#2260=VERTEX_POINT('',#8266);
#2261=VERTEX_POINT('',#8268);
#2262=VERTEX_POINT('',#8270);
#2263=VERTEX_POINT('',#8276);
#2264=VERTEX_POINT('',#8280);
#2265=VERTEX_POINT('',#8284);
#2266=VERTEX_POINT('',#8288);
#2267=VERTEX_POINT('',#8292);
#2268=VERTEX_POINT('',#8294);
#2269=VERTEX_POINT('',#8296);
#2270=VERTEX_POINT('',#8298);
#2271=VERTEX_POINT('',#8300);
#2272=VERTEX_POINT('',#8302);
#2273=VERTEX_POINT('',#8304);
#2274=VERTEX_POINT('',#8306);
#2275=VERTEX_POINT('',#8308);
#2276=VERTEX_POINT('',#8312);
#2277=VERTEX_POINT('',#8316);
#2278=VERTEX_POINT('',#8320);
#2279=VERTEX_POINT('',#8324);
#2280=VERTEX_POINT('',#8326);
#2281=VERTEX_POINT('',#8328);
#2282=VERTEX_POINT('',#8330);
#2283=VERTEX_POINT('',#8335);
#2284=VERTEX_POINT('',#8339);
#2285=VERTEX_POINT('',#8341);
#2286=VERTEX_POINT('',#8343);
#2287=VERTEX_POINT('',#8346);
#2288=VERTEX_POINT('',#8348);
#2289=VERTEX_POINT('',#8350);
#2290=VERTEX_POINT('',#8354);
#2291=VERTEX_POINT('',#8358);
#2292=VERTEX_POINT('',#8359);
#2293=VERTEX_POINT('',#8368);
#2294=VERTEX_POINT('',#8370);
#2295=VERTEX_POINT('',#8373);
#2296=VERTEX_POINT('',#8384);
#2297=VERTEX_POINT('',#8386);
#2298=VERTEX_POINT('',#8388);
#2299=VERTEX_POINT('',#8390);
#2300=VERTEX_POINT('',#8394);
#2301=VERTEX_POINT('',#8398);
#2302=VERTEX_POINT('',#8399);
#2303=VERTEX_POINT('',#8414);
#2304=VERTEX_POINT('',#8416);
#2305=VERTEX_POINT('',#8418);
#2306=VERTEX_POINT('',#8423);
#2307=VERTEX_POINT('',#8425);
#2308=VERTEX_POINT('',#8427);
#2309=VERTEX_POINT('',#8429);
#2310=VERTEX_POINT('',#8433);
#2311=VERTEX_POINT('',#8437);
#2312=VERTEX_POINT('',#8439);
#2313=VERTEX_POINT('',#8443);
#2314=VERTEX_POINT('',#8447);
#2315=VERTEX_POINT('',#8448);
#2316=VERTEX_POINT('',#8450);
#2317=VERTEX_POINT('',#8452);
#2318=VERTEX_POINT('',#8459);
#2319=VERTEX_POINT('',#8464);
#2320=VERTEX_POINT('',#8477);
#2321=VERTEX_POINT('',#8479);
#2322=VERTEX_POINT('',#8481);
#2323=VERTEX_POINT('',#8485);
#2324=VERTEX_POINT('',#8486);
#2325=VERTEX_POINT('',#8488);
#2326=VERTEX_POINT('',#8490);
#2327=VERTEX_POINT('',#8492);
#2328=VERTEX_POINT('',#8494);
#2329=VERTEX_POINT('',#8496);
#2330=VERTEX_POINT('',#8498);
#2331=VERTEX_POINT('',#8500);
#2332=VERTEX_POINT('',#8502);
#2333=VERTEX_POINT('',#8504);
#2334=VERTEX_POINT('',#8506);
#2335=VERTEX_POINT('',#8508);
#2336=VERTEX_POINT('',#8510);
#2337=VERTEX_POINT('',#8512);
#2338=VERTEX_POINT('',#8514);
#2339=VERTEX_POINT('',#8516);
#2340=VERTEX_POINT('',#8520);
#2341=VERTEX_POINT('',#8524);
#2342=VERTEX_POINT('',#8533);
#2343=VERTEX_POINT('',#8535);
#2344=VERTEX_POINT('',#8549);
#2345=VERTEX_POINT('',#8551);
#2346=VERTEX_POINT('',#8555);
#2347=VERTEX_POINT('',#8559);
#2348=VERTEX_POINT('',#8563);
#2349=VERTEX_POINT('',#8564);
#2350=VERTEX_POINT('',#8569);
#2351=VERTEX_POINT('',#8573);
#2352=VERTEX_POINT('',#8577);
#2353=VERTEX_POINT('',#8581);
#2354=VERTEX_POINT('',#8587);
#2355=VERTEX_POINT('',#8591);
#2356=VERTEX_POINT('',#8595);
#2357=VERTEX_POINT('',#8599);
#2358=VERTEX_POINT('',#8603);
#2359=VERTEX_POINT('',#8607);
#2360=VERTEX_POINT('',#8611);
#2361=VERTEX_POINT('',#8613);
#2362=VERTEX_POINT('',#8617);
#2363=VERTEX_POINT('',#8619);
#2364=VERTEX_POINT('',#8621);
#2365=VERTEX_POINT('',#8627);
#2366=VERTEX_POINT('',#8631);
#2367=VERTEX_POINT('',#8635);
#2368=VERTEX_POINT('',#8639);
#2369=VERTEX_POINT('',#8643);
#2370=VERTEX_POINT('',#8645);
#2371=VERTEX_POINT('',#8647);
#2372=VERTEX_POINT('',#8649);
#2373=VERTEX_POINT('',#8651);
#2374=VERTEX_POINT('',#8653);
#2375=VERTEX_POINT('',#8655);
#2376=VERTEX_POINT('',#8657);
#2377=VERTEX_POINT('',#8659);
#2378=VERTEX_POINT('',#8663);
#2379=VERTEX_POINT('',#8667);
#2380=VERTEX_POINT('',#8671);
#2381=VERTEX_POINT('',#8675);
#2382=VERTEX_POINT('',#8677);
#2383=VERTEX_POINT('',#8679);
#2384=VERTEX_POINT('',#8681);
#2385=VERTEX_POINT('',#8686);
#2386=VERTEX_POINT('',#8690);
#2387=VERTEX_POINT('',#8692);
#2388=VERTEX_POINT('',#8694);
#2389=VERTEX_POINT('',#8696);
#2390=VERTEX_POINT('',#8698);
#2391=VERTEX_POINT('',#8700);
#2392=VERTEX_POINT('',#8702);
#2393=VERTEX_POINT('',#8706);
#2394=VERTEX_POINT('',#8710);
#2395=VERTEX_POINT('',#8712);
#2396=VERTEX_POINT('',#8716);
#2397=VERTEX_POINT('',#8718);
#2398=VERTEX_POINT('',#8720);
#2399=VERTEX_POINT('',#8724);
#2400=VERTEX_POINT('',#8726);
#2401=VERTEX_POINT('',#8730);
#2402=VERTEX_POINT('',#8731);
#2403=VERTEX_POINT('',#8736);
#2404=VERTEX_POINT('',#8737);
#2405=VERTEX_POINT('',#8748);
#2406=VERTEX_POINT('',#8759);
#2407=VERTEX_POINT('',#8761);
#2408=VERTEX_POINT('',#8766);
#2409=VERTEX_POINT('',#8771);
#2410=VERTEX_POINT('',#8775);
#2411=VERTEX_POINT('',#8776);
#2412=VERTEX_POINT('',#8781);
#2413=VERTEX_POINT('',#8782);
#2414=VERTEX_POINT('',#8801);
#2415=VERTEX_POINT('',#8803);
#2416=VERTEX_POINT('',#8808);
#2417=VERTEX_POINT('',#8809);
#2418=VERTEX_POINT('',#8814);
#2419=VERTEX_POINT('',#8815);
#2420=VERTEX_POINT('',#8820);
#2421=VERTEX_POINT('',#8822);
#2422=VERTEX_POINT('',#8827);
#2423=VERTEX_POINT('',#8832);
#2424=VERTEX_POINT('',#8836);
#2425=VERTEX_POINT('',#8842);
#2426=VERTEX_POINT('',#8846);
#2427=VERTEX_POINT('',#8851);
#2428=VERTEX_POINT('',#8853);
#2429=VERTEX_POINT('',#8857);
#2430=VERTEX_POINT('',#8861);
#2431=VERTEX_POINT('',#8863);
#2432=VERTEX_POINT('',#8867);
#2433=VERTEX_POINT('',#8869);
#2434=VERTEX_POINT('',#8871);
#2435=VERTEX_POINT('',#8878);
#2436=VERTEX_POINT('',#8882);
#2437=VERTEX_POINT('',#8886);
#2438=VERTEX_POINT('',#8887);
#2439=VERTEX_POINT('',#8902);
#2440=VERTEX_POINT('',#8904);
#2441=VERTEX_POINT('',#8906);
#2442=VERTEX_POINT('',#8911);
#2443=VERTEX_POINT('',#8913);
#2444=VERTEX_POINT('',#8915);
#2445=VERTEX_POINT('',#8917);
#2446=VERTEX_POINT('',#8921);
#2447=VERTEX_POINT('',#8925);
#2448=VERTEX_POINT('',#8926);
#2449=VERTEX_POINT('',#8935);
#2450=VERTEX_POINT('',#8937);
#2451=VERTEX_POINT('',#8940);
#2452=VERTEX_POINT('',#8951);
#2453=VERTEX_POINT('',#8953);
#2454=VERTEX_POINT('',#8955);
#2455=VERTEX_POINT('',#8957);
#2456=VERTEX_POINT('',#8961);
#2457=VERTEX_POINT('',#8965);
#2458=VERTEX_POINT('',#8966);
#2459=VERTEX_POINT('',#8968);
#2460=VERTEX_POINT('',#8970);
#2461=VERTEX_POINT('',#8977);
#2462=VERTEX_POINT('',#8978);
#2463=VERTEX_POINT('',#8983);
#2464=VERTEX_POINT('',#8984);
#2465=VERTEX_POINT('',#8992);
#2466=VERTEX_POINT('',#8993);
#2467=VERTEX_POINT('',#8998);
#2468=VERTEX_POINT('',#8999);
#2469=VERTEX_POINT('',#9004);
#2470=VERTEX_POINT('',#9006);
#2471=VERTEX_POINT('',#9008);
#2472=VERTEX_POINT('',#9010);
#2473=VERTEX_POINT('',#9014);
#2474=VERTEX_POINT('',#9016);
#2475=VERTEX_POINT('',#9018);
#2476=VERTEX_POINT('',#9022);
#2477=VERTEX_POINT('',#9033);
#2478=VERTEX_POINT('',#9035);
#2479=VERTEX_POINT('',#9039);
#2480=VERTEX_POINT('',#9042);
#2481=VERTEX_POINT('',#9046);
#2482=VERTEX_POINT('',#9048);
#2483=VERTEX_POINT('',#9050);
#2484=VERTEX_POINT('',#9052);
#2485=VERTEX_POINT('',#9054);
#2486=VERTEX_POINT('',#9059);
#2487=VERTEX_POINT('',#9061);
#2488=VERTEX_POINT('',#9063);
#2489=VERTEX_POINT('',#9065);
#2490=VERTEX_POINT('',#9067);
#2491=VERTEX_POINT('',#9071);
#2492=VERTEX_POINT('',#9072);
#2493=VERTEX_POINT('',#9081);
#2494=VERTEX_POINT('',#9083);
#2495=VERTEX_POINT('',#9085);
#2496=VERTEX_POINT('',#9088);
#2497=VERTEX_POINT('',#9101);
#2498=VERTEX_POINT('',#9103);
#2499=VERTEX_POINT('',#9105);
#2500=VERTEX_POINT('',#9109);
#2501=VERTEX_POINT('',#9113);
#2502=VERTEX_POINT('',#9115);
#2503=VERTEX_POINT('',#9117);
#2504=VERTEX_POINT('',#9121);
#2505=VERTEX_POINT('',#9123);
#2506=VERTEX_POINT('',#9125);
#2507=VERTEX_POINT('',#9127);
#2508=VERTEX_POINT('',#9129);
#2509=VERTEX_POINT('',#9131);
#2510=VERTEX_POINT('',#9133);
#2511=VERTEX_POINT('',#9135);
#2512=VERTEX_POINT('',#9137);
#2513=VERTEX_POINT('',#9139);
#2514=VERTEX_POINT('',#9141);
#2515=VERTEX_POINT('',#9143);
#2516=VERTEX_POINT('',#9145);
#2517=VERTEX_POINT('',#9149);
#2518=VERTEX_POINT('',#9153);
#2519=VERTEX_POINT('',#9155);
#2520=VERTEX_POINT('',#9159);
#2521=VERTEX_POINT('',#9163);
#2522=VERTEX_POINT('',#9164);
#2523=VERTEX_POINT('',#9176);
#2524=VERTEX_POINT('',#9180);
#2525=VERTEX_POINT('',#9184);
#2526=VERTEX_POINT('',#9188);
#2527=VERTEX_POINT('',#9194);
#2528=VERTEX_POINT('',#9198);
#2529=VERTEX_POINT('',#9202);
#2530=VERTEX_POINT('',#9206);
#2531=VERTEX_POINT('',#9210);
#2532=VERTEX_POINT('',#9212);
#2533=VERTEX_POINT('',#9216);
#2534=VERTEX_POINT('',#9218);
#2535=VERTEX_POINT('',#9220);
#2536=VERTEX_POINT('',#9226);
#2537=VERTEX_POINT('',#9230);
#2538=VERTEX_POINT('',#9234);
#2539=VERTEX_POINT('',#9238);
#2540=VERTEX_POINT('',#9242);
#2541=VERTEX_POINT('',#9244);
#2542=VERTEX_POINT('',#9246);
#2543=VERTEX_POINT('',#9249);
#2544=VERTEX_POINT('',#9251);
#2545=VERTEX_POINT('',#9253);
#2546=VERTEX_POINT('',#9255);
#2547=VERTEX_POINT('',#9259);
#2548=VERTEX_POINT('',#9263);
#2549=VERTEX_POINT('',#9267);
#2550=VERTEX_POINT('',#9271);
#2551=VERTEX_POINT('',#9273);
#2552=VERTEX_POINT('',#9275);
#2553=VERTEX_POINT('',#9277);
#2554=VERTEX_POINT('',#9284);
#2555=VERTEX_POINT('',#9285);
#2556=VERTEX_POINT('',#9287);
#2557=VERTEX_POINT('',#9289);
#2558=VERTEX_POINT('',#9293);
#2559=VERTEX_POINT('',#9294);
#2560=VERTEX_POINT('',#9299);
#2561=VERTEX_POINT('',#9300);
#2562=VERTEX_POINT('',#9305);
#2563=VERTEX_POINT('',#9306);
#2564=VERTEX_POINT('',#9311);
#2565=VERTEX_POINT('',#9312);
#2566=VERTEX_POINT('',#9317);
#2567=VERTEX_POINT('',#9318);
#2568=VERTEX_POINT('',#9323);
#2569=VERTEX_POINT('',#9324);
#2570=VERTEX_POINT('',#9329);
#2571=VERTEX_POINT('',#9330);
#2572=VERTEX_POINT('',#9335);
#2573=VERTEX_POINT('',#9337);
#2574=VERTEX_POINT('',#9341);
#2575=VERTEX_POINT('',#9343);
#2576=VERTEX_POINT('',#9345);
#2577=VERTEX_POINT('',#9347);
#2578=VERTEX_POINT('',#9351);
#2579=VERTEX_POINT('',#9354);
#2580=VERTEX_POINT('',#9356);
#2581=VERTEX_POINT('',#9362);
#2582=VERTEX_POINT('',#9364);
#2583=VERTEX_POINT('',#9366);
#2584=VERTEX_POINT('',#9368);
#2585=VERTEX_POINT('',#9370);
#2586=VERTEX_POINT('',#9372);
#2587=VERTEX_POINT('',#9376);
#2588=VERTEX_POINT('',#9385);
#2589=VERTEX_POINT('',#9387);
#2590=VERTEX_POINT('',#9401);
#2591=VERTEX_POINT('',#9403);
#2592=VERTEX_POINT('',#9407);
#2593=VERTEX_POINT('',#9411);
#2594=VERTEX_POINT('',#9415);
#2595=VERTEX_POINT('',#9416);
#2596=VERTEX_POINT('',#9421);
#2597=VERTEX_POINT('',#9425);
#2598=VERTEX_POINT('',#9429);
#2599=VERTEX_POINT('',#9433);
#2600=VERTEX_POINT('',#9439);
#2601=VERTEX_POINT('',#9443);
#2602=VERTEX_POINT('',#9447);
#2603=VERTEX_POINT('',#9457);
#2604=VERTEX_POINT('',#9459);
#2605=VERTEX_POINT('',#9463);
#2606=VERTEX_POINT('',#9465);
#2607=VERTEX_POINT('',#9467);
#2608=VERTEX_POINT('',#9473);
#2609=VERTEX_POINT('',#9477);
#2610=VERTEX_POINT('',#9481);
#2611=VERTEX_POINT('',#9485);
#2612=VERTEX_POINT('',#9489);
#2613=VERTEX_POINT('',#9491);
#2614=VERTEX_POINT('',#9493);
#2615=VERTEX_POINT('',#9496);
#2616=VERTEX_POINT('',#9498);
#2617=VERTEX_POINT('',#9500);
#2618=VERTEX_POINT('',#9502);
#2619=VERTEX_POINT('',#9506);
#2620=VERTEX_POINT('',#9510);
#2621=VERTEX_POINT('',#9514);
#2622=VERTEX_POINT('',#9518);
#2623=VERTEX_POINT('',#9520);
#2624=VERTEX_POINT('',#9522);
#2625=VERTEX_POINT('',#9524);
#2626=VERTEX_POINT('',#9531);
#2627=VERTEX_POINT('',#9533);
#2628=VERTEX_POINT('',#9537);
#2629=VERTEX_POINT('',#9544);
#2630=VERTEX_POINT('',#9546);
#2631=VERTEX_POINT('',#9548);
#2632=VERTEX_POINT('',#9551);
#2633=VERTEX_POINT('',#9553);
#2634=VERTEX_POINT('',#9555);
#2635=VERTEX_POINT('',#9558);
#2636=VERTEX_POINT('',#9560);
#2637=VERTEX_POINT('',#9562);
#2638=VERTEX_POINT('',#9566);
#2639=VERTEX_POINT('',#9568);
#2640=VERTEX_POINT('',#9579);
#2641=VERTEX_POINT('',#9581);
#2642=VERTEX_POINT('',#9587);
#2643=VERTEX_POINT('',#9591);
#2644=VERTEX_POINT('',#9593);
#2645=VERTEX_POINT('',#9597);
#2646=VERTEX_POINT('',#9605);
#2647=VERTEX_POINT('',#9608);
#2648=VERTEX_POINT('',#9611);
#2649=VERTEX_POINT('',#9613);
#2650=VERTEX_POINT('',#9617);
#2651=VERTEX_POINT('',#9620);
#2652=VERTEX_POINT('',#9623);
#2653=VERTEX_POINT('',#9628);
#2654=VERTEX_POINT('',#9632);
#2655=VERTEX_POINT('',#9636);
#2656=VERTEX_POINT('',#9639);
#2657=VERTEX_POINT('',#9643);
#2658=VERTEX_POINT('',#9648);
#2659=VERTEX_POINT('',#9670);
#2660=VERTEX_POINT('',#9673);
#2661=VERTEX_POINT('',#9677);
#2662=VERTEX_POINT('',#9681);
#2663=VERTEX_POINT('',#9684);
#2664=VERTEX_POINT('',#9687);
#2665=VERTEX_POINT('',#9692);
#2666=VERTEX_POINT('',#9696);
#2667=VERTEX_POINT('',#9699);
#2668=VERTEX_POINT('',#9704);
#2669=VERTEX_POINT('',#9723);
#2670=VERTEX_POINT('',#9725);
#2671=VERTEX_POINT('',#9731);
#2672=VERTEX_POINT('',#9735);
#2673=VERTEX_POINT('',#9737);
#2674=VERTEX_POINT('',#9741);
#2675=VERTEX_POINT('',#9749);
#2676=VERTEX_POINT('',#9752);
#2677=VERTEX_POINT('',#9755);
#2678=VERTEX_POINT('',#9757);
#2679=VERTEX_POINT('',#9761);
#2680=VERTEX_POINT('',#9764);
#2681=VERTEX_POINT('',#9767);
#2682=VERTEX_POINT('',#9772);
#2683=VERTEX_POINT('',#9776);
#2684=VERTEX_POINT('',#9779);
#2685=VERTEX_POINT('',#9784);
#2686=VERTEX_POINT('',#9807);
#2687=VERTEX_POINT('',#9809);
#2688=VERTEX_POINT('',#9815);
#2689=VERTEX_POINT('',#9819);
#2690=VERTEX_POINT('',#9821);
#2691=VERTEX_POINT('',#9825);
#2692=VERTEX_POINT('',#9833);
#2693=VERTEX_POINT('',#9836);
#2694=VERTEX_POINT('',#9839);
#2695=VERTEX_POINT('',#9841);
#2696=VERTEX_POINT('',#9845);
#2697=VERTEX_POINT('',#9848);
#2698=VERTEX_POINT('',#9851);
#2699=VERTEX_POINT('',#9856);
#2700=VERTEX_POINT('',#9860);
#2701=VERTEX_POINT('',#9863);
#2702=VERTEX_POINT('',#9868);
#2703=EDGE_CURVE('',#2189,#2190,#2139,.T.);
#2704=EDGE_CURVE('',#2190,#2191,#1219,.T.);
#2705=EDGE_CURVE('',#2191,#2192,#929,.T.);
#2706=EDGE_CURVE('',#2192,#2189,#1220,.T.);
#2707=EDGE_CURVE('',#2190,#2193,#1221,.T.);
#2708=EDGE_CURVE('',#2194,#2193,#1222,.T.);
#2709=EDGE_CURVE('',#2195,#2194,#1223,.T.);
#2710=EDGE_CURVE('',#2195,#2191,#1224,.T.);
#2711=EDGE_CURVE('',#2189,#2196,#1225,.T.);
#2712=EDGE_CURVE('',#2197,#2196,#930,.T.);
#2713=EDGE_CURVE('',#2197,#2190,#1226,.T.);
#2714=EDGE_CURVE('',#2198,#2199,#58,.T.);
#2715=EDGE_CURVE('',#2199,#2200,#931,.T.);
#2716=EDGE_CURVE('',#2200,#2201,#932,.T.);
#2717=EDGE_CURVE('',#2201,#2202,#933,.T.);
#2718=EDGE_CURVE('',#2202,#2201,#934,.T.);
#2719=EDGE_CURVE('',#2200,#2203,#935,.T.);
#2720=EDGE_CURVE('',#2203,#2198,#59,.T.);
#2721=EDGE_CURVE('',#2203,#2204,#1227,.T.);
#2722=EDGE_CURVE('',#2205,#2204,#936,.T.);
#2723=EDGE_CURVE('',#2205,#2206,#1228,.T.);
#2724=EDGE_CURVE('',#2206,#2198,#937,.T.);
#2725=EDGE_CURVE('',#2202,#2207,#1229,.T.);
#2726=EDGE_CURVE('',#2207,#2207,#938,.T.);
#2727=EDGE_CURVE('',#2208,#2208,#939,.T.);
#2728=EDGE_CURVE('',#2208,#2209,#940,.T.);
#2729=EDGE_CURVE('',#2209,#2210,#941,.T.);
#2730=EDGE_CURVE('',#2210,#2209,#942,.T.);
#2731=EDGE_CURVE('',#2211,#2199,#943,.T.);
#2732=EDGE_CURVE('',#2212,#2211,#1230,.T.);
#2733=EDGE_CURVE('',#2213,#2212,#944,.T.);
#2734=EDGE_CURVE('',#2214,#2213,#1231,.T.);
#2735=EDGE_CURVE('',#2214,#2215,#1232,.T.);
#2736=EDGE_CURVE('',#2215,#2216,#1233,.T.);
#2737=EDGE_CURVE('',#2217,#2216,#1234,.T.);
#2738=EDGE_CURVE('',#2218,#2217,#1235,.T.);
#2739=EDGE_CURVE('',#2219,#2218,#1236,.T.);
#2740=EDGE_CURVE('',#2220,#2219,#1237,.T.);
#2741=EDGE_CURVE('',#2221,#2220,#1238,.T.);
#2742=EDGE_CURVE('',#2222,#2221,#945,.T.);
#2743=EDGE_CURVE('',#2223,#2222,#1239,.T.);
#2744=EDGE_CURVE('',#2224,#2223,#946,.T.);
#2745=EDGE_CURVE('',#2225,#2224,#1240,.T.);
#2746=EDGE_CURVE('',#2226,#2225,#947,.T.);
#2747=EDGE_CURVE('',#2227,#2226,#1241,.T.);
#2748=EDGE_CURVE('',#2228,#2227,#948,.T.);
#2749=EDGE_CURVE('',#2229,#2228,#949,.T.);
#2750=EDGE_CURVE('',#2230,#2229,#950,.T.);
#2751=EDGE_CURVE('',#2231,#2230,#1242,.T.);
#2752=EDGE_CURVE('',#2232,#2231,#951,.T.);
#2753=EDGE_CURVE('',#2233,#2232,#1243,.T.);
#2754=EDGE_CURVE('',#2233,#2234,#1244,.T.);
#2755=EDGE_CURVE('',#2235,#2234,#1245,.T.);
#2756=EDGE_CURVE('',#2236,#2235,#1246,.T.);
#2757=EDGE_CURVE('',#2237,#2236,#1247,.T.);
#2758=EDGE_CURVE('',#2238,#2237,#1248,.T.);
#2759=EDGE_CURVE('',#2239,#2238,#952,.T.);
#2760=EDGE_CURVE('',#2240,#2239,#1249,.T.);
#2761=EDGE_CURVE('',#2241,#2240,#953,.T.);
#2762=EDGE_CURVE('',#2242,#2241,#1250,.T.);
#2763=EDGE_CURVE('',#2204,#2242,#954,.T.);
#2764=EDGE_CURVE('',#2243,#2243,#955,.T.);
#2765=EDGE_CURVE('',#2210,#2244,#1251,.T.);
#2766=EDGE_CURVE('',#2244,#2244,#956,.T.);
#2767=EDGE_CURVE('',#2245,#2246,#1252,.T.);
#2768=EDGE_CURVE('',#2246,#2238,#957,.T.);
#2769=EDGE_CURVE('',#2237,#2245,#2140,.T.);
#2770=EDGE_CURVE('',#2247,#2239,#958,.T.);
#2771=EDGE_CURVE('',#2246,#2247,#959,.T.);
#2772=EDGE_CURVE('',#2248,#2240,#960,.T.);
#2773=EDGE_CURVE('',#2247,#2248,#1253,.T.);
#2774=EDGE_CURVE('',#2249,#2241,#961,.T.);
#2775=EDGE_CURVE('',#2248,#2249,#962,.T.);
#2776=EDGE_CURVE('',#2250,#2242,#963,.T.);
#2777=EDGE_CURVE('',#2249,#2250,#1254,.T.);
#2778=EDGE_CURVE('',#2250,#2205,#964,.T.);
#2779=EDGE_CURVE('',#2206,#2251,#965,.T.);
#2780=EDGE_CURVE('',#2251,#2211,#966,.T.);
#2781=EDGE_CURVE('',#2252,#2212,#967,.T.);
#2782=EDGE_CURVE('',#2251,#2252,#1255,.T.);
#2783=EDGE_CURVE('',#2253,#2213,#968,.T.);
#2784=EDGE_CURVE('',#2252,#2253,#969,.T.);
#2785=EDGE_CURVE('',#2254,#2214,#970,.F.);
#2786=EDGE_CURVE('',#2253,#2254,#1256,.T.);
#2787=EDGE_CURVE('',#2255,#2245,#1257,.T.);
#2788=EDGE_CURVE('',#2236,#2255,#2141,.T.);
#2789=EDGE_CURVE('',#2256,#2255,#1258,.T.);
#2790=EDGE_CURVE('',#2235,#2256,#2142,.T.);
#2791=EDGE_CURVE('',#2234,#2257,#971,.F.);
#2792=EDGE_CURVE('',#2257,#2256,#1259,.T.);
#2793=EDGE_CURVE('',#2258,#2253,#1260,.T.);
#2794=EDGE_CURVE('',#2258,#2259,#1261,.T.);
#2795=EDGE_CURVE('',#2259,#2254,#1262,.T.);
#2796=EDGE_CURVE('',#2252,#2260,#1263,.T.);
#2797=EDGE_CURVE('',#2260,#2261,#972,.T.);
#2798=EDGE_CURVE('',#2261,#2262,#15,.T.);
#2799=EDGE_CURVE('',#2258,#2262,#2143,.T.);
#2800=EDGE_CURVE('',#2263,#2251,#1264,.T.);
#2801=EDGE_CURVE('',#2260,#2263,#1265,.T.);
#2802=EDGE_CURVE('',#2206,#2264,#1266,.T.);
#2803=EDGE_CURVE('',#2264,#2263,#973,.T.);
#2804=EDGE_CURVE('',#2265,#2205,#1267,.T.);
#2805=EDGE_CURVE('',#2264,#2265,#1268,.T.);
#2806=EDGE_CURVE('',#2250,#2266,#1269,.T.);
#2807=EDGE_CURVE('',#2266,#2265,#974,.T.);
#2808=EDGE_CURVE('',#2267,#2249,#1270,.T.);
#2809=EDGE_CURVE('',#2267,#2268,#1271,.T.);
#2810=EDGE_CURVE('',#2268,#2269,#1272,.T.);
#2811=EDGE_CURVE('',#2269,#2270,#1273,.T.);
#2812=EDGE_CURVE('',#2271,#2270,#1274,.T.);
#2813=EDGE_CURVE('',#2272,#2271,#1275,.T.);
#2814=EDGE_CURVE('',#2273,#2272,#1276,.T.);
#2815=EDGE_CURVE('',#2273,#2274,#1277,.T.);
#2816=EDGE_CURVE('',#2275,#2274,#1278,.T.);
#2817=EDGE_CURVE('',#2275,#2266,#1279,.T.);
#2818=EDGE_CURVE('',#2248,#2276,#1280,.T.);
#2819=EDGE_CURVE('',#2276,#2267,#975,.T.);
#2820=EDGE_CURVE('',#2277,#2247,#1281,.T.);
#2821=EDGE_CURVE('',#2276,#2277,#1282,.F.);
#2822=EDGE_CURVE('',#2246,#2278,#1283,.T.);
#2823=EDGE_CURVE('',#2278,#2277,#976,.T.);
#2824=EDGE_CURVE('',#2279,#2245,#1284,.T.);
#2825=EDGE_CURVE('',#2280,#2279,#1285,.T.);
#2826=EDGE_CURVE('',#2281,#2280,#1286,.T.);
#2827=EDGE_CURVE('',#2282,#2281,#1287,.T.);
#2828=EDGE_CURVE('',#2269,#2282,#1288,.T.);
#2829=EDGE_CURVE('',#2268,#2278,#1289,.T.);
#2830=EDGE_CURVE('',#2283,#2255,#1290,.T.);
#2831=EDGE_CURVE('',#2283,#2279,#1291,.T.);
#2832=EDGE_CURVE('',#2284,#2256,#1292,.T.);
#2833=EDGE_CURVE('',#2285,#2284,#2144,.T.);
#2834=EDGE_CURVE('',#2286,#2285,#1293,.T.);
#2835=EDGE_CURVE('',#2286,#2195,#1294,.T.);
#2836=EDGE_CURVE('',#2195,#2287,#1295,.T.);
#2837=EDGE_CURVE('',#2287,#2288,#1296,.T.);
#2838=EDGE_CURVE('',#2288,#2289,#1297,.T.);
#2839=EDGE_CURVE('',#2289,#2283,#1298,.T.);
#2840=EDGE_CURVE('',#2257,#2290,#1299,.T.);
#2841=EDGE_CURVE('',#2284,#2290,#1300,.T.);
#2842=EDGE_CURVE('',#2291,#2292,#60,.T.);
#2843=EDGE_CURVE('',#2292,#2293,#977,.T.);
#2844=EDGE_CURVE('',#2293,#2294,#978,.T.);
#2845=EDGE_CURVE('',#2294,#2293,#979,.T.);
#2846=EDGE_CURVE('',#2292,#2295,#61,.T.);
#2847=EDGE_CURVE('',#2295,#2291,#980,.T.);
#2848=EDGE_CURVE('',#2291,#2296,#1301,.T.);
#2849=EDGE_CURVE('',#2297,#2296,#981,.T.);
#2850=EDGE_CURVE('',#2297,#2298,#1302,.T.);
#2851=EDGE_CURVE('',#2298,#2299,#982,.T.);
#2852=EDGE_CURVE('',#2299,#2295,#1303,.T.);
#2853=EDGE_CURVE('',#2294,#2300,#1304,.T.);
#2854=EDGE_CURVE('',#2300,#2300,#983,.T.);
#2855=EDGE_CURVE('',#2301,#2302,#62,.T.);
#2856=EDGE_CURVE('',#2302,#2303,#984,.T.);
#2857=EDGE_CURVE('',#2303,#2304,#985,.T.);
#2858=EDGE_CURVE('',#2304,#2305,#986,.T.);
#2859=EDGE_CURVE('',#2305,#2304,#987,.T.);
#2860=EDGE_CURVE('',#2303,#2301,#988,.T.);
#2861=EDGE_CURVE('',#2301,#2306,#1305,.T.);
#2862=EDGE_CURVE('',#2307,#2306,#989,.T.);
#2863=EDGE_CURVE('',#2307,#2308,#1306,.T.);
#2864=EDGE_CURVE('',#2308,#2309,#990,.T.);
#2865=EDGE_CURVE('',#2309,#2302,#1307,.T.);
#2866=EDGE_CURVE('',#2305,#2310,#1308,.T.);
#2867=EDGE_CURVE('',#2310,#2310,#991,.T.);
#2868=EDGE_CURVE('',#2290,#2311,#2145,.F.);
#2869=EDGE_CURVE('',#2311,#2312,#1309,.T.);
#2870=EDGE_CURVE('',#2312,#2285,#2146,.T.);
#2871=EDGE_CURVE('',#2312,#2313,#1310,.T.);
#2872=EDGE_CURVE('',#2313,#2286,#992,.F.);
#2873=EDGE_CURVE('',#2314,#2315,#993,.T.);
#2874=EDGE_CURVE('',#2315,#2316,#1311,.T.);
#2875=EDGE_CURVE('',#2316,#2317,#2147,.F.);
#2876=EDGE_CURVE('',#2317,#2314,#1312,.T.);
#2877=EDGE_CURVE('',#2306,#2315,#994,.T.);
#2878=EDGE_CURVE('',#2314,#2307,#995,.T.);
#2879=EDGE_CURVE('',#2272,#2318,#996,.T.);
#2880=EDGE_CURVE('',#2318,#2309,#997,.T.);
#2881=EDGE_CURVE('',#2308,#2272,#998,.T.);
#2882=EDGE_CURVE('',#2271,#2319,#999,.T.);
#2883=EDGE_CURVE('',#2319,#2318,#1313,.T.);
#2884=EDGE_CURVE('',#2296,#2319,#1000,.T.);
#2885=EDGE_CURVE('',#2271,#2297,#1001,.T.);
#2886=EDGE_CURVE('',#2196,#2299,#1002,.T.);
#2887=EDGE_CURVE('',#2298,#2197,#1003,.T.);
#2888=EDGE_CURVE('',#2313,#2192,#1314,.T.);
#2889=EDGE_CURVE('',#2311,#2316,#1315,.T.);
#2890=EDGE_CURVE('',#2320,#2320,#1004,.T.);
#2891=EDGE_CURVE('',#2320,#2321,#1005,.T.);
#2892=EDGE_CURVE('',#2321,#2322,#1006,.T.);
#2893=EDGE_CURVE('',#2322,#2321,#1007,.T.);
#2894=EDGE_CURVE('',#2323,#2324,#1008,.T.);
#2895=EDGE_CURVE('',#2325,#2323,#1009,.T.);
#2896=EDGE_CURVE('',#2326,#2325,#1316,.T.);
#2897=EDGE_CURVE('',#2327,#2326,#1010,.T.);
#2898=EDGE_CURVE('',#2328,#2327,#1317,.T.);
#2899=EDGE_CURVE('',#2329,#2328,#1318,.T.);
#2900=EDGE_CURVE('',#2330,#2329,#1319,.T.);
#2901=EDGE_CURVE('',#2331,#2330,#1320,.T.);
#2902=EDGE_CURVE('',#2332,#2331,#1321,.T.);
#2903=EDGE_CURVE('',#2333,#2332,#1322,.T.);
#2904=EDGE_CURVE('',#2334,#2333,#1011,.T.);
#2905=EDGE_CURVE('',#2335,#2334,#1323,.T.);
#2906=EDGE_CURVE('',#2336,#2335,#1012,.T.);
#2907=EDGE_CURVE('',#2337,#2336,#1324,.T.);
#2908=EDGE_CURVE('',#2338,#2337,#1013,.T.);
#2909=EDGE_CURVE('',#2339,#2338,#1325,.T.);
#2910=EDGE_CURVE('',#2324,#2339,#1014,.T.);
#2911=EDGE_CURVE('',#2322,#2340,#1326,.T.);
#2912=EDGE_CURVE('',#2340,#2340,#1015,.T.);
#2913=EDGE_CURVE('',#2341,#2323,#63,.T.);
#2914=EDGE_CURVE('',#2324,#2342,#1016,.T.);
#2915=EDGE_CURVE('',#2342,#2343,#1017,.T.);
#2916=EDGE_CURVE('',#2343,#2342,#1018,.T.);
#2917=EDGE_CURVE('',#2339,#2341,#64,.T.);
#2918=EDGE_CURVE('',#2344,#2341,#1019,.T.);
#2919=EDGE_CURVE('',#2344,#2345,#1020,.T.);
#2920=EDGE_CURVE('',#2345,#2325,#1021,.T.);
#2921=EDGE_CURVE('',#2346,#2338,#1022,.T.);
#2922=EDGE_CURVE('',#2346,#2344,#1327,.T.);
#2923=EDGE_CURVE('',#2343,#2347,#1328,.T.);
#2924=EDGE_CURVE('',#2347,#2347,#1023,.T.);
#2925=EDGE_CURVE('',#2348,#2349,#1329,.T.);
#2926=EDGE_CURVE('',#2349,#2333,#1024,.T.);
#2927=EDGE_CURVE('',#2332,#2348,#2148,.T.);
#2928=EDGE_CURVE('',#2350,#2334,#1025,.T.);
#2929=EDGE_CURVE('',#2349,#2350,#1026,.T.);
#2930=EDGE_CURVE('',#2351,#2335,#1027,.T.);
#2931=EDGE_CURVE('',#2350,#2351,#1330,.T.);
#2932=EDGE_CURVE('',#2352,#2336,#1028,.T.);
#2933=EDGE_CURVE('',#2351,#2352,#1029,.T.);
#2934=EDGE_CURVE('',#2353,#2337,#1030,.T.);
#2935=EDGE_CURVE('',#2352,#2353,#1331,.T.);
#2936=EDGE_CURVE('',#2353,#2346,#1031,.T.);
#2937=EDGE_CURVE('',#2354,#2326,#1032,.T.);
#2938=EDGE_CURVE('',#2345,#2354,#1332,.T.);
#2939=EDGE_CURVE('',#2355,#2327,#1033,.T.);
#2940=EDGE_CURVE('',#2354,#2355,#1034,.T.);
#2941=EDGE_CURVE('',#2356,#2328,#1035,.F.);
#2942=EDGE_CURVE('',#2355,#2356,#1333,.T.);
#2943=EDGE_CURVE('',#2357,#2348,#1334,.T.);
#2944=EDGE_CURVE('',#2331,#2357,#2149,.T.);
#2945=EDGE_CURVE('',#2358,#2357,#1335,.T.);
#2946=EDGE_CURVE('',#2330,#2358,#2150,.T.);
#2947=EDGE_CURVE('',#2329,#2359,#1036,.F.);
#2948=EDGE_CURVE('',#2359,#2358,#1336,.T.);
#2949=EDGE_CURVE('',#2360,#2355,#1337,.T.);
#2950=EDGE_CURVE('',#2360,#2361,#1338,.T.);
#2951=EDGE_CURVE('',#2361,#2356,#1339,.T.);
#2952=EDGE_CURVE('',#2354,#2362,#1340,.T.);
#2953=EDGE_CURVE('',#2362,#2363,#1037,.T.);
#2954=EDGE_CURVE('',#2363,#2364,#16,.T.);
#2955=EDGE_CURVE('',#2360,#2364,#2151,.T.);
#2956=EDGE_CURVE('',#2365,#2345,#1341,.T.);
#2957=EDGE_CURVE('',#2362,#2365,#1342,.T.);
#2958=EDGE_CURVE('',#2344,#2366,#1343,.T.);
#2959=EDGE_CURVE('',#2366,#2365,#1038,.T.);
#2960=EDGE_CURVE('',#2367,#2346,#1344,.T.);
#2961=EDGE_CURVE('',#2366,#2367,#1345,.T.);
#2962=EDGE_CURVE('',#2353,#2368,#1346,.T.);
#2963=EDGE_CURVE('',#2368,#2367,#1039,.T.);
#2964=EDGE_CURVE('',#2369,#2352,#1347,.T.);
#2965=EDGE_CURVE('',#2369,#2370,#1348,.T.);
#2966=EDGE_CURVE('',#2370,#2371,#1349,.T.);
#2967=EDGE_CURVE('',#2371,#2372,#1350,.T.);
#2968=EDGE_CURVE('',#2373,#2372,#1351,.T.);
#2969=EDGE_CURVE('',#2374,#2373,#1352,.T.);
#2970=EDGE_CURVE('',#2375,#2374,#1353,.T.);
#2971=EDGE_CURVE('',#2375,#2376,#1354,.T.);
#2972=EDGE_CURVE('',#2377,#2376,#1355,.T.);
#2973=EDGE_CURVE('',#2377,#2368,#1356,.T.);
#2974=EDGE_CURVE('',#2351,#2378,#1357,.T.);
#2975=EDGE_CURVE('',#2378,#2369,#1040,.T.);
#2976=EDGE_CURVE('',#2379,#2350,#1358,.T.);
#2977=EDGE_CURVE('',#2378,#2379,#1359,.F.);
#2978=EDGE_CURVE('',#2349,#2380,#1360,.T.);
#2979=EDGE_CURVE('',#2380,#2379,#1041,.T.);
#2980=EDGE_CURVE('',#2381,#2348,#1361,.T.);
#2981=EDGE_CURVE('',#2382,#2381,#1362,.T.);
#2982=EDGE_CURVE('',#2383,#2382,#1363,.T.);
#2983=EDGE_CURVE('',#2384,#2383,#1364,.T.);
#2984=EDGE_CURVE('',#2371,#2384,#1365,.T.);
#2985=EDGE_CURVE('',#2370,#2380,#1366,.T.);
#2986=EDGE_CURVE('',#2385,#2357,#1367,.T.);
#2987=EDGE_CURVE('',#2385,#2381,#1368,.T.);
#2988=EDGE_CURVE('',#2386,#2358,#1369,.T.);
#2989=EDGE_CURVE('',#2387,#2386,#2152,.T.);
#2990=EDGE_CURVE('',#2388,#2387,#1370,.T.);
#2991=EDGE_CURVE('',#2388,#2389,#1371,.T.);
#2992=EDGE_CURVE('',#2389,#2390,#1372,.T.);
#2993=EDGE_CURVE('',#2390,#2391,#1373,.T.);
#2994=EDGE_CURVE('',#2391,#2392,#1374,.T.);
#2995=EDGE_CURVE('',#2392,#2385,#1375,.T.);
#2996=EDGE_CURVE('',#2359,#2393,#1376,.T.);
#2997=EDGE_CURVE('',#2386,#2393,#1377,.T.);
#2998=EDGE_CURVE('',#2394,#2393,#2153,.T.);
#2999=EDGE_CURVE('',#2394,#2395,#1378,.T.);
#3000=EDGE_CURVE('',#2395,#2387,#2154,.T.);
#3001=EDGE_CURVE('',#2395,#2396,#1379,.T.);
#3002=EDGE_CURVE('',#2397,#2396,#2155,.T.);
#3003=EDGE_CURVE('',#2397,#2398,#1380,.T.);
#3004=EDGE_CURVE('',#2398,#2388,#1042,.T.);
#3005=EDGE_CURVE('',#2396,#2399,#1381,.T.);
#3006=EDGE_CURVE('',#2399,#2400,#1043,.T.);
#3007=EDGE_CURVE('',#2400,#2397,#1382,.T.);
#3008=EDGE_CURVE('',#2401,#2402,#1044,.T.);
#3009=EDGE_CURVE('',#2402,#2400,#1045,.T.);
#3010=EDGE_CURVE('',#2399,#2401,#1046,.T.);
#3011=EDGE_CURVE('',#2403,#2404,#65,.T.);
#3012=EDGE_CURVE('',#2404,#2405,#66,.T.);
#3013=EDGE_CURVE('',#2405,#2406,#1383,.T.);
#3014=EDGE_CURVE('',#2406,#2407,#1047,.T.);
#3015=EDGE_CURVE('',#2407,#2402,#1384,.T.);
#3016=EDGE_CURVE('',#2401,#2403,#1385,.T.);
#3017=EDGE_CURVE('',#2408,#2373,#1048,.T.);
#3018=EDGE_CURVE('',#2373,#2407,#1049,.T.);
#3019=EDGE_CURVE('',#2406,#2408,#1050,.T.);
#3020=EDGE_CURVE('',#2409,#2374,#1051,.T.);
#3021=EDGE_CURVE('',#2408,#2409,#1386,.T.);
#3022=EDGE_CURVE('',#2410,#2411,#1052,.T.);
#3023=EDGE_CURVE('',#2411,#2374,#1053,.T.);
#3024=EDGE_CURVE('',#2409,#2410,#1054,.T.);
#3025=EDGE_CURVE('',#2412,#2413,#67,.T.);
#3026=EDGE_CURVE('',#2413,#2414,#1387,.T.);
#3027=EDGE_CURVE('',#2414,#2415,#1055,.T.);
#3028=EDGE_CURVE('',#2415,#2411,#1388,.T.);
#3029=EDGE_CURVE('',#2410,#2412,#1389,.T.);
#3030=EDGE_CURVE('',#2416,#2417,#1056,.T.);
#3031=EDGE_CURVE('',#2417,#2415,#1057,.T.);
#3032=EDGE_CURVE('',#2414,#2416,#1058,.T.);
#3033=EDGE_CURVE('',#2418,#2419,#2156,.F.);
#3034=EDGE_CURVE('',#2419,#2417,#1390,.T.);
#3035=EDGE_CURVE('',#2416,#2418,#1391,.T.);
#3036=EDGE_CURVE('',#2397,#2420,#1392,.T.);
#3037=EDGE_CURVE('',#2421,#2420,#1393,.T.);
#3038=EDGE_CURVE('',#2389,#2421,#1394,.T.);
#3039=EDGE_CURVE('',#2389,#2398,#1395,.T.);
#3040=EDGE_CURVE('',#2422,#2400,#1396,.T.);
#3041=EDGE_CURVE('',#2422,#2384,#1397,.T.);
#3042=EDGE_CURVE('',#2420,#2384,#1398,.T.);
#3043=EDGE_CURVE('',#2402,#2423,#1399,.T.);
#3044=EDGE_CURVE('',#2423,#2422,#1059,.T.);
#3045=EDGE_CURVE('',#2424,#2407,#1400,.T.);
#3046=EDGE_CURVE('',#2423,#2424,#1401,.T.);
#3047=EDGE_CURVE('',#2372,#2424,#1060,.T.);
#3048=EDGE_CURVE('',#2411,#2425,#1402,.T.);
#3049=EDGE_CURVE('',#2425,#2375,#1061,.T.);
#3050=EDGE_CURVE('',#2426,#2415,#1403,.T.);
#3051=EDGE_CURVE('',#2425,#2426,#1404,.T.);
#3052=EDGE_CURVE('',#2403,#2405,#1062,.T.);
#3053=EDGE_CURVE('',#2404,#2427,#1063,.T.);
#3054=EDGE_CURVE('',#2427,#2428,#1064,.T.);
#3055=EDGE_CURVE('',#2428,#2427,#1065,.T.);
#3056=EDGE_CURVE('',#2417,#2429,#1405,.T.);
#3057=EDGE_CURVE('',#2429,#2426,#1066,.T.);
#3058=EDGE_CURVE('',#2419,#2430,#1406,.T.);
#3059=EDGE_CURVE('',#2430,#2431,#1407,.T.);
#3060=EDGE_CURVE('',#2429,#2431,#1408,.T.);
#3061=EDGE_CURVE('',#2412,#2432,#1067,.T.);
#3062=EDGE_CURVE('',#2432,#2433,#1068,.T.);
#3063=EDGE_CURVE('',#2433,#2434,#1069,.T.);
#3064=EDGE_CURVE('',#2434,#2433,#1070,.T.);
#3065=EDGE_CURVE('',#2432,#2413,#1071,.T.);
#3066=EDGE_CURVE('',#2394,#2418,#1409,.T.);
#3067=EDGE_CURVE('',#2428,#2435,#1410,.T.);
#3068=EDGE_CURVE('',#2435,#2435,#1072,.T.);
#3069=EDGE_CURVE('',#2434,#2436,#1411,.T.);
#3070=EDGE_CURVE('',#2436,#2436,#1073,.T.);
#3071=EDGE_CURVE('',#2437,#2438,#68,.T.);
#3072=EDGE_CURVE('',#2438,#2439,#1074,.T.);
#3073=EDGE_CURVE('',#2439,#2440,#1075,.T.);
#3074=EDGE_CURVE('',#2440,#2441,#1076,.T.);
#3075=EDGE_CURVE('',#2441,#2440,#1077,.T.);
#3076=EDGE_CURVE('',#2439,#2437,#1078,.T.);
#3077=EDGE_CURVE('',#2437,#2442,#1412,.T.);
#3078=EDGE_CURVE('',#2443,#2442,#1079,.T.);
#3079=EDGE_CURVE('',#2443,#2444,#1413,.T.);
#3080=EDGE_CURVE('',#2444,#2445,#1080,.T.);
#3081=EDGE_CURVE('',#2445,#2438,#1414,.T.);
#3082=EDGE_CURVE('',#2441,#2446,#1415,.T.);
#3083=EDGE_CURVE('',#2446,#2446,#1081,.T.);
#3084=EDGE_CURVE('',#2447,#2448,#69,.T.);
#3085=EDGE_CURVE('',#2448,#2449,#1082,.T.);
#3086=EDGE_CURVE('',#2449,#2450,#1083,.T.);
#3087=EDGE_CURVE('',#2450,#2449,#1084,.T.);
#3088=EDGE_CURVE('',#2448,#2451,#70,.T.);
#3089=EDGE_CURVE('',#2451,#2447,#1085,.T.);
#3090=EDGE_CURVE('',#2447,#2452,#1416,.T.);
#3091=EDGE_CURVE('',#2453,#2452,#1086,.T.);
#3092=EDGE_CURVE('',#2453,#2454,#1417,.T.);
#3093=EDGE_CURVE('',#2454,#2455,#1087,.T.);
#3094=EDGE_CURVE('',#2455,#2451,#1418,.T.);
#3095=EDGE_CURVE('',#2450,#2456,#1419,.T.);
#3096=EDGE_CURVE('',#2456,#2456,#1088,.T.);
#3097=EDGE_CURVE('',#2457,#2458,#2157,.F.);
#3098=EDGE_CURVE('',#2458,#2459,#1420,.T.);
#3099=EDGE_CURVE('',#2459,#2460,#1089,.T.);
#3100=EDGE_CURVE('',#2460,#2457,#1421,.T.);
#3101=EDGE_CURVE('',#2442,#2460,#1090,.T.);
#3102=EDGE_CURVE('',#2459,#2443,#1091,.T.);
#3103=EDGE_CURVE('',#2461,#2462,#1092,.T.);
#3104=EDGE_CURVE('',#2462,#2445,#1093,.T.);
#3105=EDGE_CURVE('',#2444,#2461,#1094,.T.);
#3106=EDGE_CURVE('',#2463,#2464,#1095,.T.);
#3107=EDGE_CURVE('',#2464,#2462,#1422,.T.);
#3108=EDGE_CURVE('',#2461,#2463,#1423,.T.);
#3109=EDGE_CURVE('',#2452,#2464,#1096,.T.);
#3110=EDGE_CURVE('',#2463,#2453,#1097,.T.);
#3111=EDGE_CURVE('',#2465,#2466,#1098,.T.);
#3112=EDGE_CURVE('',#2466,#2455,#1099,.T.);
#3113=EDGE_CURVE('',#2454,#2465,#1100,.T.);
#3114=EDGE_CURVE('',#2467,#2468,#1101,.T.);
#3115=EDGE_CURVE('',#2468,#2466,#1424,.T.);
#3116=EDGE_CURVE('',#2465,#2467,#1425,.T.);
#3117=EDGE_CURVE('',#2469,#2468,#1426,.T.);
#3118=EDGE_CURVE('',#2470,#2469,#1427,.T.);
#3119=EDGE_CURVE('',#2470,#2471,#1428,.T.);
#3120=EDGE_CURVE('',#2472,#2471,#1429,.T.);
#3121=EDGE_CURVE('',#2472,#2457,#1430,.T.);
#3122=EDGE_CURVE('',#2467,#2473,#1431,.T.);
#3123=EDGE_CURVE('',#2474,#2473,#1432,.T.);
#3124=EDGE_CURVE('',#2475,#2474,#1433,.T.);
#3125=EDGE_CURVE('',#2475,#2469,#1434,.T.);
#3126=EDGE_CURVE('',#2476,#2472,#17,.T.);
#3127=EDGE_CURVE('',#2471,#2477,#2158,.T.);
#3128=EDGE_CURVE('',#2477,#2478,#1435,.T.);
#3129=EDGE_CURVE('',#2478,#2476,#2159,.T.);
#3130=EDGE_CURVE('',#2478,#2479,#1436,.T.);
#3131=EDGE_CURVE('',#2217,#2479,#1102,.T.);
#3132=EDGE_CURVE('',#2216,#2480,#1437,.T.);
#3133=EDGE_CURVE('',#2480,#2476,#1438,.T.);
#3134=EDGE_CURVE('',#2477,#2481,#1439,.T.);
#3135=EDGE_CURVE('',#2482,#2481,#1440,.T.);
#3136=EDGE_CURVE('',#2482,#2483,#1441,.T.);
#3137=EDGE_CURVE('',#2484,#2483,#1442,.T.);
#3138=EDGE_CURVE('',#2484,#2485,#1443,.T.);
#3139=EDGE_CURVE('',#2479,#2485,#1444,.T.);
#3140=EDGE_CURVE('',#2470,#2475,#1445,.T.);
#3141=EDGE_CURVE('',#2475,#2486,#1446,.T.);
#3142=EDGE_CURVE('',#2486,#2487,#1447,.T.);
#3143=EDGE_CURVE('',#2487,#2488,#1448,.T.);
#3144=EDGE_CURVE('',#2488,#2489,#1449,.T.);
#3145=EDGE_CURVE('',#2489,#2490,#1450,.T.);
#3146=EDGE_CURVE('',#2481,#2490,#1451,.T.);
#3147=EDGE_CURVE('',#2491,#2492,#71,.T.);
#3148=EDGE_CURVE('',#2492,#2493,#1103,.T.);
#3149=EDGE_CURVE('',#2493,#2494,#1104,.T.);
#3150=EDGE_CURVE('',#2494,#2495,#1105,.T.);
#3151=EDGE_CURVE('',#2495,#2494,#1106,.T.);
#3152=EDGE_CURVE('',#2493,#2496,#1107,.T.);
#3153=EDGE_CURVE('',#2496,#2491,#72,.T.);
#3154=EDGE_CURVE('',#2496,#2497,#1452,.T.);
#3155=EDGE_CURVE('',#2498,#2497,#1108,.T.);
#3156=EDGE_CURVE('',#2498,#2499,#1453,.T.);
#3157=EDGE_CURVE('',#2499,#2491,#1109,.T.);
#3158=EDGE_CURVE('',#2495,#2500,#1454,.T.);
#3159=EDGE_CURVE('',#2500,#2500,#1110,.T.);
#3160=EDGE_CURVE('',#2501,#2501,#1111,.T.);
#3161=EDGE_CURVE('',#2501,#2502,#1112,.T.);
#3162=EDGE_CURVE('',#2502,#2503,#1113,.T.);
#3163=EDGE_CURVE('',#2503,#2502,#1114,.T.);
#3164=EDGE_CURVE('',#2504,#2492,#1115,.T.);
#3165=EDGE_CURVE('',#2505,#2504,#1455,.T.);
#3166=EDGE_CURVE('',#2506,#2505,#1116,.T.);
#3167=EDGE_CURVE('',#2507,#2506,#1456,.T.);
#3168=EDGE_CURVE('',#2508,#2507,#1457,.T.);
#3169=EDGE_CURVE('',#2509,#2508,#1458,.T.);
#3170=EDGE_CURVE('',#2510,#2509,#1459,.T.);
#3171=EDGE_CURVE('',#2511,#2510,#1460,.T.);
#3172=EDGE_CURVE('',#2512,#2511,#1461,.T.);
#3173=EDGE_CURVE('',#2513,#2512,#1117,.T.);
#3174=EDGE_CURVE('',#2514,#2513,#1462,.T.);
#3175=EDGE_CURVE('',#2515,#2514,#1118,.T.);
#3176=EDGE_CURVE('',#2516,#2515,#1463,.T.);
#3177=EDGE_CURVE('',#2497,#2516,#1119,.T.);
#3178=EDGE_CURVE('',#2503,#2517,#1464,.T.);
#3179=EDGE_CURVE('',#2517,#2517,#1120,.T.);
#3180=EDGE_CURVE('',#2243,#2518,#1121,.T.);
#3181=EDGE_CURVE('',#2518,#2519,#1122,.T.);
#3182=EDGE_CURVE('',#2519,#2518,#1123,.T.);
#3183=EDGE_CURVE('',#2519,#2520,#1465,.T.);
#3184=EDGE_CURVE('',#2520,#2520,#1124,.T.);
#3185=EDGE_CURVE('',#2521,#2522,#1466,.T.);
#3186=EDGE_CURVE('',#2522,#2512,#1125,.T.);
#3187=EDGE_CURVE('',#2511,#2521,#2160,.T.);
#3188=EDGE_CURVE('',#2510,#2490,#2161,.T.);
#3189=EDGE_CURVE('',#2490,#2521,#1467,.T.);
#3190=EDGE_CURVE('',#2509,#2481,#2162,.T.);
#3191=EDGE_CURVE('',#2508,#2482,#1126,.F.);
#3192=EDGE_CURVE('',#2523,#2513,#1127,.T.);
#3193=EDGE_CURVE('',#2522,#2523,#1128,.T.);
#3194=EDGE_CURVE('',#2524,#2514,#1129,.T.);
#3195=EDGE_CURVE('',#2523,#2524,#1468,.T.);
#3196=EDGE_CURVE('',#2525,#2515,#1130,.T.);
#3197=EDGE_CURVE('',#2524,#2525,#1131,.T.);
#3198=EDGE_CURVE('',#2526,#2516,#1132,.T.);
#3199=EDGE_CURVE('',#2525,#2526,#1469,.T.);
#3200=EDGE_CURVE('',#2526,#2498,#1133,.T.);
#3201=EDGE_CURVE('',#2499,#2527,#1134,.T.);
#3202=EDGE_CURVE('',#2527,#2504,#1135,.T.);
#3203=EDGE_CURVE('',#2528,#2505,#1136,.T.);
#3204=EDGE_CURVE('',#2527,#2528,#1470,.T.);
#3205=EDGE_CURVE('',#2529,#2506,#1137,.T.);
#3206=EDGE_CURVE('',#2528,#2529,#1138,.T.);
#3207=EDGE_CURVE('',#2530,#2507,#1139,.F.);
#3208=EDGE_CURVE('',#2529,#2530,#1471,.T.);
#3209=EDGE_CURVE('',#2531,#2529,#1472,.T.);
#3210=EDGE_CURVE('',#2531,#2532,#1473,.T.);
#3211=EDGE_CURVE('',#2532,#2530,#1474,.T.);
#3212=EDGE_CURVE('',#2528,#2533,#1475,.T.);
#3213=EDGE_CURVE('',#2533,#2534,#1140,.T.);
#3214=EDGE_CURVE('',#2534,#2535,#18,.T.);
#3215=EDGE_CURVE('',#2531,#2535,#2163,.T.);
#3216=EDGE_CURVE('',#2536,#2527,#1476,.T.);
#3217=EDGE_CURVE('',#2533,#2536,#1477,.T.);
#3218=EDGE_CURVE('',#2499,#2537,#1478,.T.);
#3219=EDGE_CURVE('',#2537,#2536,#1141,.T.);
#3220=EDGE_CURVE('',#2538,#2498,#1479,.T.);
#3221=EDGE_CURVE('',#2537,#2538,#1480,.T.);
#3222=EDGE_CURVE('',#2526,#2539,#1481,.T.);
#3223=EDGE_CURVE('',#2539,#2538,#1142,.T.);
#3224=EDGE_CURVE('',#2540,#2461,#1482,.T.);
#3225=EDGE_CURVE('',#2540,#2541,#1483,.T.);
#3226=EDGE_CURVE('',#2542,#2541,#1484,.T.);
#3227=EDGE_CURVE('',#2542,#2539,#1485,.T.);
#3228=EDGE_CURVE('',#2543,#2525,#1486,.T.);
#3229=EDGE_CURVE('',#2543,#2544,#1487,.T.);
#3230=EDGE_CURVE('',#2544,#2545,#1488,.T.);
#3231=EDGE_CURVE('',#2545,#2546,#1489,.T.);
#3232=EDGE_CURVE('',#2463,#2546,#1490,.T.);
#3233=EDGE_CURVE('',#2524,#2547,#1491,.T.);
#3234=EDGE_CURVE('',#2547,#2543,#1143,.T.);
#3235=EDGE_CURVE('',#2548,#2523,#1492,.T.);
#3236=EDGE_CURVE('',#2547,#2548,#1493,.F.);
#3237=EDGE_CURVE('',#2522,#2549,#1494,.T.);
#3238=EDGE_CURVE('',#2549,#2548,#1144,.T.);
#3239=EDGE_CURVE('',#2550,#2521,#1495,.T.);
#3240=EDGE_CURVE('',#2551,#2550,#1496,.T.);
#3241=EDGE_CURVE('',#2552,#2551,#1497,.T.);
#3242=EDGE_CURVE('',#2553,#2552,#1498,.T.);
#3243=EDGE_CURVE('',#2545,#2553,#1499,.T.);
#3244=EDGE_CURVE('',#2544,#2549,#1500,.T.);
#3245=EDGE_CURVE('',#2489,#2550,#1501,.T.);
#3246=EDGE_CURVE('',#2554,#2555,#1145,.T.);
#3247=EDGE_CURVE('',#2555,#2556,#1502,.T.);
#3248=EDGE_CURVE('',#2556,#2557,#2164,.F.);
#3249=EDGE_CURVE('',#2557,#2554,#1503,.T.);
#3250=EDGE_CURVE('',#2558,#2559,#1146,.T.);
#3251=EDGE_CURVE('',#2559,#2555,#1147,.T.);
#3252=EDGE_CURVE('',#2554,#2558,#1148,.T.);
#3253=EDGE_CURVE('',#2560,#2561,#1149,.T.);
#3254=EDGE_CURVE('',#2561,#2559,#1504,.T.);
#3255=EDGE_CURVE('',#2558,#2560,#1505,.T.);
#3256=EDGE_CURVE('',#2562,#2563,#1150,.T.);
#3257=EDGE_CURVE('',#2563,#2561,#1151,.T.);
#3258=EDGE_CURVE('',#2560,#2562,#1152,.T.);
#3259=EDGE_CURVE('',#2564,#2565,#1153,.T.);
#3260=EDGE_CURVE('',#2565,#2563,#1506,.T.);
#3261=EDGE_CURVE('',#2562,#2564,#1507,.T.);
#3262=EDGE_CURVE('',#2566,#2567,#1154,.T.);
#3263=EDGE_CURVE('',#2567,#2565,#1155,.T.);
#3264=EDGE_CURVE('',#2564,#2566,#1156,.T.);
#3265=EDGE_CURVE('',#2568,#2569,#1157,.T.);
#3266=EDGE_CURVE('',#2569,#2567,#1508,.T.);
#3267=EDGE_CURVE('',#2566,#2568,#1509,.T.);
#3268=EDGE_CURVE('',#2570,#2571,#1158,.T.);
#3269=EDGE_CURVE('',#2571,#2569,#1159,.T.);
#3270=EDGE_CURVE('',#2568,#2570,#1160,.T.);
#3271=EDGE_CURVE('',#2572,#2571,#1510,.T.);
#3272=EDGE_CURVE('',#2570,#2573,#1511,.T.);
#3273=EDGE_CURVE('',#2573,#2572,#2165,.T.);
#3274=EDGE_CURVE('',#2573,#2574,#1512,.T.);
#3275=EDGE_CURVE('',#2574,#2575,#1161,.T.);
#3276=EDGE_CURVE('',#2575,#2576,#1513,.T.);
#3277=EDGE_CURVE('',#2576,#2577,#2166,.T.);
#3278=EDGE_CURVE('',#2577,#2572,#1514,.T.);
#3279=EDGE_CURVE('',#2578,#2577,#1515,.T.);
#3280=EDGE_CURVE('',#2578,#2556,#1516,.T.);
#3281=EDGE_CURVE('',#2579,#2579,#1162,.T.);
#3282=EDGE_CURVE('',#2580,#2580,#1163,.T.);
#3283=EDGE_CURVE('',#2576,#2484,#2167,.T.);
#3284=EDGE_CURVE('',#2483,#2578,#2168,.F.);
#3285=EDGE_CURVE('',#2575,#2581,#1517,.T.);
#3286=EDGE_CURVE('',#2581,#2582,#1518,.T.);
#3287=EDGE_CURVE('',#2582,#2583,#1519,.T.);
#3288=EDGE_CURVE('',#2583,#2584,#1520,.T.);
#3289=EDGE_CURVE('',#2584,#2585,#1521,.T.);
#3290=EDGE_CURVE('',#2585,#2586,#1522,.T.);
#3291=EDGE_CURVE('',#2485,#2586,#1523,.T.);
#3292=EDGE_CURVE('',#2587,#2229,#73,.T.);
#3293=EDGE_CURVE('',#2228,#2588,#1164,.T.);
#3294=EDGE_CURVE('',#2588,#2589,#1165,.T.);
#3295=EDGE_CURVE('',#2589,#2588,#1166,.T.);
#3296=EDGE_CURVE('',#2227,#2587,#74,.T.);
#3297=EDGE_CURVE('',#2590,#2587,#1167,.T.);
#3298=EDGE_CURVE('',#2590,#2591,#1168,.T.);
#3299=EDGE_CURVE('',#2591,#2230,#1169,.T.);
#3300=EDGE_CURVE('',#2592,#2226,#1170,.T.);
#3301=EDGE_CURVE('',#2592,#2590,#1524,.T.);
#3302=EDGE_CURVE('',#2589,#2593,#1525,.T.);
#3303=EDGE_CURVE('',#2593,#2593,#1171,.T.);
#3304=EDGE_CURVE('',#2594,#2595,#1526,.T.);
#3305=EDGE_CURVE('',#2595,#2221,#1172,.T.);
#3306=EDGE_CURVE('',#2220,#2594,#2169,.T.);
#3307=EDGE_CURVE('',#2596,#2222,#1173,.T.);
#3308=EDGE_CURVE('',#2595,#2596,#1174,.T.);
#3309=EDGE_CURVE('',#2597,#2223,#1175,.T.);
#3310=EDGE_CURVE('',#2596,#2597,#1527,.T.);
#3311=EDGE_CURVE('',#2598,#2224,#1176,.T.);
#3312=EDGE_CURVE('',#2597,#2598,#1177,.T.);
#3313=EDGE_CURVE('',#2599,#2225,#1178,.T.);
#3314=EDGE_CURVE('',#2598,#2599,#1528,.T.);
#3315=EDGE_CURVE('',#2599,#2592,#1179,.T.);
#3316=EDGE_CURVE('',#2600,#2231,#1180,.T.);
#3317=EDGE_CURVE('',#2591,#2600,#1529,.T.);
#3318=EDGE_CURVE('',#2601,#2232,#1181,.T.);
#3319=EDGE_CURVE('',#2600,#2601,#1182,.T.);
#3320=EDGE_CURVE('',#2602,#2233,#1183,.F.);
#3321=EDGE_CURVE('',#2601,#2602,#1530,.T.);
#3322=EDGE_CURVE('',#2586,#2594,#1531,.T.);
#3323=EDGE_CURVE('',#2219,#2586,#2170,.T.);
#3324=EDGE_CURVE('',#2218,#2485,#2171,.T.);
#3325=EDGE_CURVE('',#2603,#2601,#1532,.T.);
#3326=EDGE_CURVE('',#2603,#2604,#1533,.T.);
#3327=EDGE_CURVE('',#2604,#2602,#1534,.T.);
#3328=EDGE_CURVE('',#2600,#2605,#1535,.T.);
#3329=EDGE_CURVE('',#2605,#2606,#1184,.T.);
#3330=EDGE_CURVE('',#2606,#2607,#19,.T.);
#3331=EDGE_CURVE('',#2603,#2607,#2172,.T.);
#3332=EDGE_CURVE('',#2608,#2591,#1536,.T.);
#3333=EDGE_CURVE('',#2605,#2608,#1537,.T.);
#3334=EDGE_CURVE('',#2590,#2609,#1538,.T.);
#3335=EDGE_CURVE('',#2609,#2608,#1185,.T.);
#3336=EDGE_CURVE('',#2610,#2592,#1539,.T.);
#3337=EDGE_CURVE('',#2609,#2610,#1540,.T.);
#3338=EDGE_CURVE('',#2599,#2611,#1541,.T.);
#3339=EDGE_CURVE('',#2611,#2610,#1186,.T.);
#3340=EDGE_CURVE('',#2612,#2562,#1542,.T.);
#3341=EDGE_CURVE('',#2612,#2613,#1543,.T.);
#3342=EDGE_CURVE('',#2614,#2613,#1544,.T.);
#3343=EDGE_CURVE('',#2614,#2611,#1545,.T.);
#3344=EDGE_CURVE('',#2615,#2598,#1546,.T.);
#3345=EDGE_CURVE('',#2615,#2616,#1547,.T.);
#3346=EDGE_CURVE('',#2616,#2617,#1548,.T.);
#3347=EDGE_CURVE('',#2617,#2618,#1549,.T.);
#3348=EDGE_CURVE('',#2564,#2618,#1550,.T.);
#3349=EDGE_CURVE('',#2597,#2619,#1551,.T.);
#3350=EDGE_CURVE('',#2619,#2615,#1187,.T.);
#3351=EDGE_CURVE('',#2620,#2596,#1552,.T.);
#3352=EDGE_CURVE('',#2619,#2620,#1553,.F.);
#3353=EDGE_CURVE('',#2595,#2621,#1554,.T.);
#3354=EDGE_CURVE('',#2621,#2620,#1188,.T.);
#3355=EDGE_CURVE('',#2622,#2594,#1555,.T.);
#3356=EDGE_CURVE('',#2623,#2622,#1556,.T.);
#3357=EDGE_CURVE('',#2624,#2623,#1557,.T.);
#3358=EDGE_CURVE('',#2625,#2624,#1558,.T.);
#3359=EDGE_CURVE('',#2617,#2625,#1559,.T.);
#3360=EDGE_CURVE('',#2616,#2621,#1560,.T.);
#3361=EDGE_CURVE('',#2585,#2622,#1561,.T.);
#3362=EDGE_CURVE('',#2430,#2626,#1562,.T.);
#3363=EDGE_CURVE('',#2627,#2418,#1563,.T.);
#3364=EDGE_CURVE('',#2626,#2627,#1564,.T.);
#3365=EDGE_CURVE('',#2628,#2259,#1565,.T.);
#3366=EDGE_CURVE('',#2215,#2628,#1566,.T.);
#3367=EDGE_CURVE('',#2627,#2480,#1567,.T.);
#3368=EDGE_CURVE('',#2457,#2394,#1568,.T.);
#3369=EDGE_CURVE('',#2629,#2361,#1569,.T.);
#3370=EDGE_CURVE('',#2630,#2629,#1570,.T.);
#3371=EDGE_CURVE('',#2631,#2630,#1571,.T.);
#3372=EDGE_CURVE('',#2317,#2631,#1572,.T.);
#3373=EDGE_CURVE('',#2632,#2604,#1573,.T.);
#3374=EDGE_CURVE('',#2633,#2632,#1574,.T.);
#3375=EDGE_CURVE('',#2634,#2633,#1575,.T.);
#3376=EDGE_CURVE('',#2557,#2634,#1576,.T.);
#3377=EDGE_CURVE('',#2635,#2532,#1577,.T.);
#3378=EDGE_CURVE('',#2636,#2635,#1578,.T.);
#3379=EDGE_CURVE('',#2637,#2636,#1579,.T.);
#3380=EDGE_CURVE('',#2458,#2637,#1580,.T.);
#3381=EDGE_CURVE('',#2573,#2638,#1581,.T.);
#3382=EDGE_CURVE('',#2639,#2638,#1582,.T.);
#3383=EDGE_CURVE('',#2581,#2639,#1583,.T.);
#3384=EDGE_CURVE('',#2581,#2574,#1584,.T.);
#3385=EDGE_CURVE('',#2639,#2582,#1585,.T.);
#3386=EDGE_CURVE('',#2638,#2625,#1586,.T.);
#3387=EDGE_CURVE('',#2624,#2583,#1587,.T.);
#3388=EDGE_CURVE('',#2568,#2640,#1588,.T.);
#3389=EDGE_CURVE('',#2640,#2641,#1189,.T.);
#3390=EDGE_CURVE('',#2641,#2570,#1589,.T.);
#3391=EDGE_CURVE('',#2641,#2625,#1590,.T.);
#3392=EDGE_CURVE('',#2642,#2566,#1591,.T.);
#3393=EDGE_CURVE('',#2640,#2642,#1592,.T.);
#3394=EDGE_CURVE('',#2554,#2643,#1593,.T.);
#3395=EDGE_CURVE('',#2643,#2644,#1190,.T.);
#3396=EDGE_CURVE('',#2644,#2558,#1594,.T.);
#3397=EDGE_CURVE('',#2645,#2644,#1595,.T.);
#3398=EDGE_CURVE('',#2560,#2645,#1596,.T.);
#3399=EDGE_CURVE('',#2645,#2612,#1191,.T.);
#3400=EDGE_CURVE('',#2618,#2642,#1192,.T.);
#3401=EDGE_CURVE('',#2646,#2646,#2173,.T.);
#3402=EDGE_CURVE('',#2607,#2647,#1597,.T.);
#3403=EDGE_CURVE('',#2606,#2614,#1598,.T.);
#3404=EDGE_CURVE('',#2613,#2648,#1599,.T.);
#3405=EDGE_CURVE('',#2649,#2648,#1600,.T.);
#3406=EDGE_CURVE('',#2647,#2649,#1601,.T.);
#3407=EDGE_CURVE('',#2650,#2650,#1193,.T.);
#3408=EDGE_CURVE('',#2651,#2651,#1194,.T.);
#3409=EDGE_CURVE('',#2652,#2652,#1195,.T.);
#3410=EDGE_CURVE('',#2650,#2651,#1602,.T.);
#3411=EDGE_CURVE('',#2653,#2653,#1196,.T.);
#3412=EDGE_CURVE('',#2653,#2652,#1603,.T.);
#3413=EDGE_CURVE('',#2580,#2654,#1604,.T.);
#3414=EDGE_CURVE('',#2654,#2654,#1197,.T.);
#3415=EDGE_CURVE('',#2655,#2655,#2174,.T.);
#3416=EDGE_CURVE('',#2579,#2656,#1605,.T.);
#3417=EDGE_CURVE('',#2656,#2656,#1198,.T.);
#3418=EDGE_CURVE('',#2657,#2657,#2175,.T.);
#3419=EDGE_CURVE('',#2646,#2657,#1606,.T.);
#3420=EDGE_CURVE('',#2658,#2658,#2176,.T.);
#3421=EDGE_CURVE('',#2658,#2655,#1607,.T.);
#3422=EDGE_CURVE('',#2643,#2648,#1608,.T.);
#3423=EDGE_CURVE('',#2584,#2623,#1609,.T.);
#3424=EDGE_CURVE('',#2634,#2648,#1610,.T.);
#3425=EDGE_CURVE('',#2647,#2632,#1611,.T.);
#3426=EDGE_CURVE('',#2633,#2649,#1612,.T.);
#3427=EDGE_CURVE('',#2421,#2390,#1613,.T.);
#3428=EDGE_CURVE('',#2383,#2391,#1614,.T.);
#3429=EDGE_CURVE('',#2659,#2659,#2177,.T.);
#3430=EDGE_CURVE('',#2364,#2660,#1615,.T.);
#3431=EDGE_CURVE('',#2363,#2377,#1616,.T.);
#3432=EDGE_CURVE('',#2376,#2431,#1617,.T.);
#3433=EDGE_CURVE('',#2661,#2431,#1618,.T.);
#3434=EDGE_CURVE('',#2660,#2661,#1619,.T.);
#3435=EDGE_CURVE('',#2662,#2662,#1199,.T.);
#3436=EDGE_CURVE('',#2663,#2663,#1200,.T.);
#3437=EDGE_CURVE('',#2664,#2664,#1201,.T.);
#3438=EDGE_CURVE('',#2662,#2663,#1620,.T.);
#3439=EDGE_CURVE('',#2665,#2665,#1202,.T.);
#3440=EDGE_CURVE('',#2665,#2664,#1621,.T.);
#3441=EDGE_CURVE('',#2666,#2666,#2178,.T.);
#3442=EDGE_CURVE('',#2667,#2667,#2179,.T.);
#3443=EDGE_CURVE('',#2659,#2667,#1622,.T.);
#3444=EDGE_CURVE('',#2668,#2668,#2180,.T.);
#3445=EDGE_CURVE('',#2668,#2666,#1623,.T.);
#3446=EDGE_CURVE('',#2392,#2382,#1624,.T.);
#3447=EDGE_CURVE('',#2660,#2629,#1625,.T.);
#3448=EDGE_CURVE('',#2626,#2661,#1626,.T.);
#3449=EDGE_CURVE('',#2194,#2287,#1627,.T.);
#3450=EDGE_CURVE('',#2193,#2282,#1628,.T.);
#3451=EDGE_CURVE('',#2281,#2288,#1629,.T.);
#3452=EDGE_CURVE('',#2298,#2669,#1630,.T.);
#3453=EDGE_CURVE('',#2669,#2670,#1203,.T.);
#3454=EDGE_CURVE('',#2670,#2197,#1631,.T.);
#3455=EDGE_CURVE('',#2670,#2282,#1632,.T.);
#3456=EDGE_CURVE('',#2671,#2297,#1633,.T.);
#3457=EDGE_CURVE('',#2669,#2671,#1634,.T.);
#3458=EDGE_CURVE('',#2314,#2672,#1635,.T.);
#3459=EDGE_CURVE('',#2672,#2673,#1204,.T.);
#3460=EDGE_CURVE('',#2673,#2307,#1636,.T.);
#3461=EDGE_CURVE('',#2674,#2673,#1637,.T.);
#3462=EDGE_CURVE('',#2308,#2674,#1638,.T.);
#3463=EDGE_CURVE('',#2674,#2273,#1205,.T.);
#3464=EDGE_CURVE('',#2270,#2671,#1206,.T.);
#3465=EDGE_CURVE('',#2675,#2675,#2181,.T.);
#3466=EDGE_CURVE('',#2262,#2676,#1639,.T.);
#3467=EDGE_CURVE('',#2261,#2275,#1640,.T.);
#3468=EDGE_CURVE('',#2274,#2677,#1641,.T.);
#3469=EDGE_CURVE('',#2678,#2677,#1642,.T.);
#3470=EDGE_CURVE('',#2676,#2678,#1643,.T.);
#3471=EDGE_CURVE('',#2679,#2679,#1207,.T.);
#3472=EDGE_CURVE('',#2680,#2680,#1208,.T.);
#3473=EDGE_CURVE('',#2681,#2681,#1209,.T.);
#3474=EDGE_CURVE('',#2679,#2680,#1644,.T.);
#3475=EDGE_CURVE('',#2682,#2682,#1210,.T.);
#3476=EDGE_CURVE('',#2682,#2681,#1645,.T.);
#3477=EDGE_CURVE('',#2683,#2683,#2182,.T.);
#3478=EDGE_CURVE('',#2684,#2684,#2183,.T.);
#3479=EDGE_CURVE('',#2675,#2684,#1646,.T.);
#3480=EDGE_CURVE('',#2685,#2685,#2184,.T.);
#3481=EDGE_CURVE('',#2685,#2683,#1647,.T.);
#3482=EDGE_CURVE('',#2672,#2677,#1648,.T.);
#3483=EDGE_CURVE('',#2289,#2280,#1649,.T.);
#3484=EDGE_CURVE('',#2631,#2677,#1650,.T.);
#3485=EDGE_CURVE('',#2676,#2628,#1651,.T.);
#3486=EDGE_CURVE('',#2630,#2678,#1652,.T.);
#3487=EDGE_CURVE('',#2474,#2486,#1653,.T.);
#3488=EDGE_CURVE('',#2473,#2553,#1654,.T.);
#3489=EDGE_CURVE('',#2552,#2487,#1655,.T.);
#3490=EDGE_CURVE('',#2454,#2686,#1656,.T.);
#3491=EDGE_CURVE('',#2686,#2687,#1211,.T.);
#3492=EDGE_CURVE('',#2687,#2465,#1657,.T.);
#3493=EDGE_CURVE('',#2687,#2553,#1658,.T.);
#3494=EDGE_CURVE('',#2688,#2453,#1659,.T.);
#3495=EDGE_CURVE('',#2686,#2688,#1660,.T.);
#3496=EDGE_CURVE('',#2459,#2689,#1661,.T.);
#3497=EDGE_CURVE('',#2689,#2690,#1212,.T.);
#3498=EDGE_CURVE('',#2690,#2443,#1662,.T.);
#3499=EDGE_CURVE('',#2691,#2690,#1663,.T.);
#3500=EDGE_CURVE('',#2444,#2691,#1664,.T.);
#3501=EDGE_CURVE('',#2691,#2540,#1213,.T.);
#3502=EDGE_CURVE('',#2546,#2688,#1214,.T.);
#3503=EDGE_CURVE('',#2692,#2692,#2185,.T.);
#3504=EDGE_CURVE('',#2535,#2693,#1665,.T.);
#3505=EDGE_CURVE('',#2534,#2542,#1666,.T.);
#3506=EDGE_CURVE('',#2541,#2694,#1667,.T.);
#3507=EDGE_CURVE('',#2695,#2694,#1668,.T.);
#3508=EDGE_CURVE('',#2693,#2695,#1669,.T.);
#3509=EDGE_CURVE('',#2696,#2696,#1215,.T.);
#3510=EDGE_CURVE('',#2697,#2697,#1216,.T.);
#3511=EDGE_CURVE('',#2698,#2698,#1217,.T.);
#3512=EDGE_CURVE('',#2696,#2697,#1670,.T.);
#3513=EDGE_CURVE('',#2699,#2699,#1218,.T.);
#3514=EDGE_CURVE('',#2699,#2698,#1671,.T.);
#3515=EDGE_CURVE('',#2700,#2700,#2186,.T.);
#3516=EDGE_CURVE('',#2701,#2701,#2187,.T.);
#3517=EDGE_CURVE('',#2692,#2701,#1672,.T.);
#3518=EDGE_CURVE('',#2702,#2702,#2188,.T.);
#3519=EDGE_CURVE('',#2702,#2700,#1673,.T.);
#3520=EDGE_CURVE('',#2689,#2694,#1674,.T.);
#3521=EDGE_CURVE('',#2488,#2551,#1675,.T.);
#3522=EDGE_CURVE('',#2637,#2694,#1676,.T.);
#3523=EDGE_CURVE('',#2693,#2635,#1677,.T.);
#3524=EDGE_CURVE('',#2636,#2695,#1678,.T.);
#3525=ORIENTED_EDGE('',*,*,#2703,.T.);
#3526=ORIENTED_EDGE('',*,*,#2704,.T.);
#3527=ORIENTED_EDGE('',*,*,#2705,.T.);
#3528=ORIENTED_EDGE('',*,*,#2706,.T.);
#3529=ORIENTED_EDGE('',*,*,#2704,.F.);
#3530=ORIENTED_EDGE('',*,*,#2707,.T.);
#3531=ORIENTED_EDGE('',*,*,#2708,.F.);
#3532=ORIENTED_EDGE('',*,*,#2709,.F.);
#3533=ORIENTED_EDGE('',*,*,#2710,.T.);
#3534=ORIENTED_EDGE('',*,*,#2703,.F.);
#3535=ORIENTED_EDGE('',*,*,#2711,.T.);
#3536=ORIENTED_EDGE('',*,*,#2712,.F.);
#3537=ORIENTED_EDGE('',*,*,#2713,.T.);
#3538=ORIENTED_EDGE('',*,*,#2714,.T.);
#3539=ORIENTED_EDGE('',*,*,#2715,.T.);
#3540=ORIENTED_EDGE('',*,*,#2716,.T.);
#3541=ORIENTED_EDGE('',*,*,#2717,.T.);
#3542=ORIENTED_EDGE('',*,*,#2718,.T.);
#3543=ORIENTED_EDGE('',*,*,#2716,.F.);
#3544=ORIENTED_EDGE('',*,*,#2719,.T.);
#3545=ORIENTED_EDGE('',*,*,#2720,.T.);
#3546=ORIENTED_EDGE('',*,*,#2720,.F.);
#3547=ORIENTED_EDGE('',*,*,#2721,.T.);
#3548=ORIENTED_EDGE('',*,*,#2722,.F.);
#3549=ORIENTED_EDGE('',*,*,#2723,.T.);
#3550=ORIENTED_EDGE('',*,*,#2724,.T.);
#3551=ORIENTED_EDGE('',*,*,#2718,.F.);
#3552=ORIENTED_EDGE('',*,*,#2725,.T.);
#3553=ORIENTED_EDGE('',*,*,#2726,.T.);
#3554=ORIENTED_EDGE('',*,*,#2725,.F.);
#3555=ORIENTED_EDGE('',*,*,#2717,.F.);
#3556=ORIENTED_EDGE('',*,*,#2727,.T.);
#3557=ORIENTED_EDGE('',*,*,#2728,.T.);
#3558=ORIENTED_EDGE('',*,*,#2729,.T.);
#3559=ORIENTED_EDGE('',*,*,#2730,.T.);
#3560=ORIENTED_EDGE('',*,*,#2728,.F.);
#3561=ORIENTED_EDGE('',*,*,#2715,.F.);
#3562=ORIENTED_EDGE('',*,*,#2731,.F.);
#3563=ORIENTED_EDGE('',*,*,#2732,.F.);
#3564=ORIENTED_EDGE('',*,*,#2733,.F.);
#3565=ORIENTED_EDGE('',*,*,#2734,.F.);
#3566=ORIENTED_EDGE('',*,*,#2735,.T.);
#3567=ORIENTED_EDGE('',*,*,#2736,.T.);
#3568=ORIENTED_EDGE('',*,*,#2737,.F.);
#3569=ORIENTED_EDGE('',*,*,#2738,.F.);
#3570=ORIENTED_EDGE('',*,*,#2739,.F.);
#3571=ORIENTED_EDGE('',*,*,#2740,.F.);
#3572=ORIENTED_EDGE('',*,*,#2741,.F.);
#3573=ORIENTED_EDGE('',*,*,#2742,.F.);
#3574=ORIENTED_EDGE('',*,*,#2743,.F.);
#3575=ORIENTED_EDGE('',*,*,#2744,.F.);
#3576=ORIENTED_EDGE('',*,*,#2745,.F.);
#3577=ORIENTED_EDGE('',*,*,#2746,.F.);
#3578=ORIENTED_EDGE('',*,*,#2747,.F.);
#3579=ORIENTED_EDGE('',*,*,#2748,.F.);
#3580=ORIENTED_EDGE('',*,*,#2749,.F.);
#3581=ORIENTED_EDGE('',*,*,#2750,.F.);
#3582=ORIENTED_EDGE('',*,*,#2751,.F.);
#3583=ORIENTED_EDGE('',*,*,#2752,.F.);
#3584=ORIENTED_EDGE('',*,*,#2753,.F.);
#3585=ORIENTED_EDGE('',*,*,#2754,.T.);
#3586=ORIENTED_EDGE('',*,*,#2755,.F.);
#3587=ORIENTED_EDGE('',*,*,#2756,.F.);
#3588=ORIENTED_EDGE('',*,*,#2757,.F.);
#3589=ORIENTED_EDGE('',*,*,#2758,.F.);
#3590=ORIENTED_EDGE('',*,*,#2759,.F.);
#3591=ORIENTED_EDGE('',*,*,#2760,.F.);
#3592=ORIENTED_EDGE('',*,*,#2761,.F.);
#3593=ORIENTED_EDGE('',*,*,#2762,.F.);
#3594=ORIENTED_EDGE('',*,*,#2763,.F.);
#3595=ORIENTED_EDGE('',*,*,#2721,.F.);
#3596=ORIENTED_EDGE('',*,*,#2719,.F.);
#3597=ORIENTED_EDGE('',*,*,#2764,.F.);
#3598=ORIENTED_EDGE('',*,*,#2727,.F.);
#3599=ORIENTED_EDGE('',*,*,#2730,.F.);
#3600=ORIENTED_EDGE('',*,*,#2765,.T.);
#3601=ORIENTED_EDGE('',*,*,#2766,.T.);
#3602=ORIENTED_EDGE('',*,*,#2765,.F.);
#3603=ORIENTED_EDGE('',*,*,#2729,.F.);
#3604=ORIENTED_EDGE('',*,*,#2767,.T.);
#3605=ORIENTED_EDGE('',*,*,#2768,.T.);
#3606=ORIENTED_EDGE('',*,*,#2758,.T.);
#3607=ORIENTED_EDGE('',*,*,#2769,.T.);
#3608=ORIENTED_EDGE('',*,*,#2770,.T.);
#3609=ORIENTED_EDGE('',*,*,#2759,.T.);
#3610=ORIENTED_EDGE('',*,*,#2768,.F.);
#3611=ORIENTED_EDGE('',*,*,#2771,.T.);
#3612=ORIENTED_EDGE('',*,*,#2772,.T.);
#3613=ORIENTED_EDGE('',*,*,#2760,.T.);
#3614=ORIENTED_EDGE('',*,*,#2770,.F.);
#3615=ORIENTED_EDGE('',*,*,#2773,.T.);
#3616=ORIENTED_EDGE('',*,*,#2774,.T.);
#3617=ORIENTED_EDGE('',*,*,#2761,.T.);
#3618=ORIENTED_EDGE('',*,*,#2772,.F.);
#3619=ORIENTED_EDGE('',*,*,#2775,.T.);
#3620=ORIENTED_EDGE('',*,*,#2776,.T.);
#3621=ORIENTED_EDGE('',*,*,#2762,.T.);
#3622=ORIENTED_EDGE('',*,*,#2774,.F.);
#3623=ORIENTED_EDGE('',*,*,#2777,.T.);
#3624=ORIENTED_EDGE('',*,*,#2722,.T.);
#3625=ORIENTED_EDGE('',*,*,#2763,.T.);
#3626=ORIENTED_EDGE('',*,*,#2776,.F.);
#3627=ORIENTED_EDGE('',*,*,#2778,.T.);
#3628=ORIENTED_EDGE('',*,*,#2714,.F.);
#3629=ORIENTED_EDGE('',*,*,#2724,.F.);
#3630=ORIENTED_EDGE('',*,*,#2779,.T.);
#3631=ORIENTED_EDGE('',*,*,#2780,.T.);
#3632=ORIENTED_EDGE('',*,*,#2731,.T.);
#3633=ORIENTED_EDGE('',*,*,#2781,.T.);
#3634=ORIENTED_EDGE('',*,*,#2732,.T.);
#3635=ORIENTED_EDGE('',*,*,#2780,.F.);
#3636=ORIENTED_EDGE('',*,*,#2782,.T.);
#3637=ORIENTED_EDGE('',*,*,#2783,.T.);
#3638=ORIENTED_EDGE('',*,*,#2733,.T.);
#3639=ORIENTED_EDGE('',*,*,#2781,.F.);
#3640=ORIENTED_EDGE('',*,*,#2784,.T.);
#3641=ORIENTED_EDGE('',*,*,#2785,.T.);
#3642=ORIENTED_EDGE('',*,*,#2734,.T.);
#3643=ORIENTED_EDGE('',*,*,#2783,.F.);
#3644=ORIENTED_EDGE('',*,*,#2786,.T.);
#3645=ORIENTED_EDGE('',*,*,#2787,.T.);
#3646=ORIENTED_EDGE('',*,*,#2769,.F.);
#3647=ORIENTED_EDGE('',*,*,#2757,.T.);
#3648=ORIENTED_EDGE('',*,*,#2788,.T.);
#3649=ORIENTED_EDGE('',*,*,#2789,.T.);
#3650=ORIENTED_EDGE('',*,*,#2788,.F.);
#3651=ORIENTED_EDGE('',*,*,#2756,.T.);
#3652=ORIENTED_EDGE('',*,*,#2790,.T.);
#3653=ORIENTED_EDGE('',*,*,#2755,.T.);
#3654=ORIENTED_EDGE('',*,*,#2791,.T.);
#3655=ORIENTED_EDGE('',*,*,#2792,.T.);
#3656=ORIENTED_EDGE('',*,*,#2790,.F.);
#3657=ORIENTED_EDGE('',*,*,#2786,.F.);
#3658=ORIENTED_EDGE('',*,*,#2793,.F.);
#3659=ORIENTED_EDGE('',*,*,#2794,.T.);
#3660=ORIENTED_EDGE('',*,*,#2795,.T.);
#3661=ORIENTED_EDGE('',*,*,#2784,.F.);
#3662=ORIENTED_EDGE('',*,*,#2796,.T.);
#3663=ORIENTED_EDGE('',*,*,#2797,.T.);
#3664=ORIENTED_EDGE('',*,*,#2798,.T.);
#3665=ORIENTED_EDGE('',*,*,#2799,.F.);
#3666=ORIENTED_EDGE('',*,*,#2793,.T.);
#3667=ORIENTED_EDGE('',*,*,#2782,.F.);
#3668=ORIENTED_EDGE('',*,*,#2800,.F.);
#3669=ORIENTED_EDGE('',*,*,#2801,.F.);
#3670=ORIENTED_EDGE('',*,*,#2796,.F.);
#3671=ORIENTED_EDGE('',*,*,#2779,.F.);
#3672=ORIENTED_EDGE('',*,*,#2802,.T.);
#3673=ORIENTED_EDGE('',*,*,#2803,.T.);
#3674=ORIENTED_EDGE('',*,*,#2800,.T.);
#3675=ORIENTED_EDGE('',*,*,#2723,.F.);
#3676=ORIENTED_EDGE('',*,*,#2804,.F.);
#3677=ORIENTED_EDGE('',*,*,#2805,.F.);
#3678=ORIENTED_EDGE('',*,*,#2802,.F.);
#3679=ORIENTED_EDGE('',*,*,#2778,.F.);
#3680=ORIENTED_EDGE('',*,*,#2806,.T.);
#3681=ORIENTED_EDGE('',*,*,#2807,.T.);
#3682=ORIENTED_EDGE('',*,*,#2804,.T.);
#3683=ORIENTED_EDGE('',*,*,#2777,.F.);
#3684=ORIENTED_EDGE('',*,*,#2808,.F.);
#3685=ORIENTED_EDGE('',*,*,#2809,.T.);
#3686=ORIENTED_EDGE('',*,*,#2810,.T.);
#3687=ORIENTED_EDGE('',*,*,#2811,.T.);
#3688=ORIENTED_EDGE('',*,*,#2812,.F.);
#3689=ORIENTED_EDGE('',*,*,#2813,.F.);
#3690=ORIENTED_EDGE('',*,*,#2814,.F.);
#3691=ORIENTED_EDGE('',*,*,#2815,.T.);
#3692=ORIENTED_EDGE('',*,*,#2816,.F.);
#3693=ORIENTED_EDGE('',*,*,#2817,.T.);
#3694=ORIENTED_EDGE('',*,*,#2806,.F.);
#3695=ORIENTED_EDGE('',*,*,#2775,.F.);
#3696=ORIENTED_EDGE('',*,*,#2818,.T.);
#3697=ORIENTED_EDGE('',*,*,#2819,.T.);
#3698=ORIENTED_EDGE('',*,*,#2808,.T.);
#3699=ORIENTED_EDGE('',*,*,#2773,.F.);
#3700=ORIENTED_EDGE('',*,*,#2820,.F.);
#3701=ORIENTED_EDGE('',*,*,#2821,.F.);
#3702=ORIENTED_EDGE('',*,*,#2818,.F.);
#3703=ORIENTED_EDGE('',*,*,#2771,.F.);
#3704=ORIENTED_EDGE('',*,*,#2822,.T.);
#3705=ORIENTED_EDGE('',*,*,#2823,.T.);
#3706=ORIENTED_EDGE('',*,*,#2820,.T.);
#3707=ORIENTED_EDGE('',*,*,#2767,.F.);
#3708=ORIENTED_EDGE('',*,*,#2824,.F.);
#3709=ORIENTED_EDGE('',*,*,#2825,.F.);
#3710=ORIENTED_EDGE('',*,*,#2826,.F.);
#3711=ORIENTED_EDGE('',*,*,#2827,.F.);
#3712=ORIENTED_EDGE('',*,*,#2828,.F.);
#3713=ORIENTED_EDGE('',*,*,#2810,.F.);
#3714=ORIENTED_EDGE('',*,*,#2829,.T.);
#3715=ORIENTED_EDGE('',*,*,#2822,.F.);
#3716=ORIENTED_EDGE('',*,*,#2787,.F.);
#3717=ORIENTED_EDGE('',*,*,#2830,.F.);
#3718=ORIENTED_EDGE('',*,*,#2831,.T.);
#3719=ORIENTED_EDGE('',*,*,#2824,.T.);
#3720=ORIENTED_EDGE('',*,*,#2789,.F.);
#3721=ORIENTED_EDGE('',*,*,#2832,.F.);
#3722=ORIENTED_EDGE('',*,*,#2833,.F.);
#3723=ORIENTED_EDGE('',*,*,#2834,.F.);
#3724=ORIENTED_EDGE('',*,*,#2835,.T.);
#3725=ORIENTED_EDGE('',*,*,#2836,.T.);
#3726=ORIENTED_EDGE('',*,*,#2837,.T.);
#3727=ORIENTED_EDGE('',*,*,#2838,.T.);
#3728=ORIENTED_EDGE('',*,*,#2839,.T.);
#3729=ORIENTED_EDGE('',*,*,#2830,.T.);
#3730=ORIENTED_EDGE('',*,*,#2792,.F.);
#3731=ORIENTED_EDGE('',*,*,#2840,.T.);
#3732=ORIENTED_EDGE('',*,*,#2841,.F.);
#3733=ORIENTED_EDGE('',*,*,#2832,.T.);
#3734=ORIENTED_EDGE('',*,*,#2842,.T.);
#3735=ORIENTED_EDGE('',*,*,#2843,.T.);
#3736=ORIENTED_EDGE('',*,*,#2844,.T.);
#3737=ORIENTED_EDGE('',*,*,#2845,.T.);
#3738=ORIENTED_EDGE('',*,*,#2843,.F.);
#3739=ORIENTED_EDGE('',*,*,#2846,.T.);
#3740=ORIENTED_EDGE('',*,*,#2847,.T.);
#3741=ORIENTED_EDGE('',*,*,#2842,.F.);
#3742=ORIENTED_EDGE('',*,*,#2848,.T.);
#3743=ORIENTED_EDGE('',*,*,#2849,.F.);
#3744=ORIENTED_EDGE('',*,*,#2850,.T.);
#3745=ORIENTED_EDGE('',*,*,#2851,.T.);
#3746=ORIENTED_EDGE('',*,*,#2852,.T.);
#3747=ORIENTED_EDGE('',*,*,#2846,.F.);
#3748=ORIENTED_EDGE('',*,*,#2845,.F.);
#3749=ORIENTED_EDGE('',*,*,#2853,.T.);
#3750=ORIENTED_EDGE('',*,*,#2854,.T.);
#3751=ORIENTED_EDGE('',*,*,#2853,.F.);
#3752=ORIENTED_EDGE('',*,*,#2844,.F.);
#3753=ORIENTED_EDGE('',*,*,#2855,.T.);
#3754=ORIENTED_EDGE('',*,*,#2856,.T.);
#3755=ORIENTED_EDGE('',*,*,#2857,.T.);
#3756=ORIENTED_EDGE('',*,*,#2858,.T.);
#3757=ORIENTED_EDGE('',*,*,#2859,.T.);
#3758=ORIENTED_EDGE('',*,*,#2857,.F.);
#3759=ORIENTED_EDGE('',*,*,#2860,.T.);
#3760=ORIENTED_EDGE('',*,*,#2855,.F.);
#3761=ORIENTED_EDGE('',*,*,#2861,.T.);
#3762=ORIENTED_EDGE('',*,*,#2862,.F.);
#3763=ORIENTED_EDGE('',*,*,#2863,.T.);
#3764=ORIENTED_EDGE('',*,*,#2864,.T.);
#3765=ORIENTED_EDGE('',*,*,#2865,.T.);
#3766=ORIENTED_EDGE('',*,*,#2859,.F.);
#3767=ORIENTED_EDGE('',*,*,#2866,.T.);
#3768=ORIENTED_EDGE('',*,*,#2867,.T.);
#3769=ORIENTED_EDGE('',*,*,#2866,.F.);
#3770=ORIENTED_EDGE('',*,*,#2858,.F.);
#3771=ORIENTED_EDGE('',*,*,#2841,.T.);
#3772=ORIENTED_EDGE('',*,*,#2868,.T.);
#3773=ORIENTED_EDGE('',*,*,#2869,.T.);
#3774=ORIENTED_EDGE('',*,*,#2870,.T.);
#3775=ORIENTED_EDGE('',*,*,#2833,.T.);
#3776=ORIENTED_EDGE('',*,*,#2871,.T.);
#3777=ORIENTED_EDGE('',*,*,#2872,.T.);
#3778=ORIENTED_EDGE('',*,*,#2834,.T.);
#3779=ORIENTED_EDGE('',*,*,#2870,.F.);
#3780=ORIENTED_EDGE('',*,*,#2873,.T.);
#3781=ORIENTED_EDGE('',*,*,#2874,.T.);
#3782=ORIENTED_EDGE('',*,*,#2875,.T.);
#3783=ORIENTED_EDGE('',*,*,#2876,.T.);
#3784=ORIENTED_EDGE('',*,*,#2862,.T.);
#3785=ORIENTED_EDGE('',*,*,#2877,.T.);
#3786=ORIENTED_EDGE('',*,*,#2873,.F.);
#3787=ORIENTED_EDGE('',*,*,#2878,.T.);
#3788=ORIENTED_EDGE('',*,*,#2879,.T.);
#3789=ORIENTED_EDGE('',*,*,#2880,.T.);
#3790=ORIENTED_EDGE('',*,*,#2864,.F.);
#3791=ORIENTED_EDGE('',*,*,#2881,.T.);
#3792=ORIENTED_EDGE('',*,*,#2882,.T.);
#3793=ORIENTED_EDGE('',*,*,#2883,.T.);
#3794=ORIENTED_EDGE('',*,*,#2879,.F.);
#3795=ORIENTED_EDGE('',*,*,#2813,.T.);
#3796=ORIENTED_EDGE('',*,*,#2849,.T.);
#3797=ORIENTED_EDGE('',*,*,#2884,.T.);
#3798=ORIENTED_EDGE('',*,*,#2882,.F.);
#3799=ORIENTED_EDGE('',*,*,#2885,.T.);
#3800=ORIENTED_EDGE('',*,*,#2712,.T.);
#3801=ORIENTED_EDGE('',*,*,#2886,.T.);
#3802=ORIENTED_EDGE('',*,*,#2851,.F.);
#3803=ORIENTED_EDGE('',*,*,#2887,.T.);
#3804=ORIENTED_EDGE('',*,*,#2706,.F.);
#3805=ORIENTED_EDGE('',*,*,#2888,.F.);
#3806=ORIENTED_EDGE('',*,*,#2871,.F.);
#3807=ORIENTED_EDGE('',*,*,#2869,.F.);
#3808=ORIENTED_EDGE('',*,*,#2889,.T.);
#3809=ORIENTED_EDGE('',*,*,#2874,.F.);
#3810=ORIENTED_EDGE('',*,*,#2877,.F.);
#3811=ORIENTED_EDGE('',*,*,#2861,.F.);
#3812=ORIENTED_EDGE('',*,*,#2860,.F.);
#3813=ORIENTED_EDGE('',*,*,#2856,.F.);
#3814=ORIENTED_EDGE('',*,*,#2865,.F.);
#3815=ORIENTED_EDGE('',*,*,#2880,.F.);
#3816=ORIENTED_EDGE('',*,*,#2883,.F.);
#3817=ORIENTED_EDGE('',*,*,#2884,.F.);
#3818=ORIENTED_EDGE('',*,*,#2848,.F.);
#3819=ORIENTED_EDGE('',*,*,#2847,.F.);
#3820=ORIENTED_EDGE('',*,*,#2852,.F.);
#3821=ORIENTED_EDGE('',*,*,#2886,.F.);
#3822=ORIENTED_EDGE('',*,*,#2711,.F.);
#3823=ORIENTED_EDGE('',*,*,#2890,.T.);
#3824=ORIENTED_EDGE('',*,*,#2891,.T.);
#3825=ORIENTED_EDGE('',*,*,#2892,.T.);
#3826=ORIENTED_EDGE('',*,*,#2893,.T.);
#3827=ORIENTED_EDGE('',*,*,#2891,.F.);
#3828=ORIENTED_EDGE('',*,*,#2894,.F.);
#3829=ORIENTED_EDGE('',*,*,#2895,.F.);
#3830=ORIENTED_EDGE('',*,*,#2896,.F.);
#3831=ORIENTED_EDGE('',*,*,#2897,.F.);
#3832=ORIENTED_EDGE('',*,*,#2898,.F.);
#3833=ORIENTED_EDGE('',*,*,#2899,.F.);
#3834=ORIENTED_EDGE('',*,*,#2900,.F.);
#3835=ORIENTED_EDGE('',*,*,#2901,.F.);
#3836=ORIENTED_EDGE('',*,*,#2902,.F.);
#3837=ORIENTED_EDGE('',*,*,#2903,.F.);
#3838=ORIENTED_EDGE('',*,*,#2904,.F.);
#3839=ORIENTED_EDGE('',*,*,#2905,.F.);
#3840=ORIENTED_EDGE('',*,*,#2906,.F.);
#3841=ORIENTED_EDGE('',*,*,#2907,.F.);
#3842=ORIENTED_EDGE('',*,*,#2908,.F.);
#3843=ORIENTED_EDGE('',*,*,#2909,.F.);
#3844=ORIENTED_EDGE('',*,*,#2910,.F.);
#3845=ORIENTED_EDGE('',*,*,#2890,.F.);
#3846=ORIENTED_EDGE('',*,*,#2893,.F.);
#3847=ORIENTED_EDGE('',*,*,#2911,.T.);
#3848=ORIENTED_EDGE('',*,*,#2912,.T.);
#3849=ORIENTED_EDGE('',*,*,#2911,.F.);
#3850=ORIENTED_EDGE('',*,*,#2892,.F.);
#3851=ORIENTED_EDGE('',*,*,#2913,.T.);
#3852=ORIENTED_EDGE('',*,*,#2894,.T.);
#3853=ORIENTED_EDGE('',*,*,#2914,.T.);
#3854=ORIENTED_EDGE('',*,*,#2915,.T.);
#3855=ORIENTED_EDGE('',*,*,#2916,.T.);
#3856=ORIENTED_EDGE('',*,*,#2914,.F.);
#3857=ORIENTED_EDGE('',*,*,#2910,.T.);
#3858=ORIENTED_EDGE('',*,*,#2917,.T.);
#3859=ORIENTED_EDGE('',*,*,#2913,.F.);
#3860=ORIENTED_EDGE('',*,*,#2918,.F.);
#3861=ORIENTED_EDGE('',*,*,#2919,.T.);
#3862=ORIENTED_EDGE('',*,*,#2920,.T.);
#3863=ORIENTED_EDGE('',*,*,#2895,.T.);
#3864=ORIENTED_EDGE('',*,*,#2917,.F.);
#3865=ORIENTED_EDGE('',*,*,#2909,.T.);
#3866=ORIENTED_EDGE('',*,*,#2921,.F.);
#3867=ORIENTED_EDGE('',*,*,#2922,.T.);
#3868=ORIENTED_EDGE('',*,*,#2918,.T.);
#3869=ORIENTED_EDGE('',*,*,#2916,.F.);
#3870=ORIENTED_EDGE('',*,*,#2923,.T.);
#3871=ORIENTED_EDGE('',*,*,#2924,.T.);
#3872=ORIENTED_EDGE('',*,*,#2923,.F.);
#3873=ORIENTED_EDGE('',*,*,#2915,.F.);
#3874=ORIENTED_EDGE('',*,*,#2925,.T.);
#3875=ORIENTED_EDGE('',*,*,#2926,.T.);
#3876=ORIENTED_EDGE('',*,*,#2903,.T.);
#3877=ORIENTED_EDGE('',*,*,#2927,.T.);
#3878=ORIENTED_EDGE('',*,*,#2928,.T.);
#3879=ORIENTED_EDGE('',*,*,#2904,.T.);
#3880=ORIENTED_EDGE('',*,*,#2926,.F.);
#3881=ORIENTED_EDGE('',*,*,#2929,.T.);
#3882=ORIENTED_EDGE('',*,*,#2930,.T.);
#3883=ORIENTED_EDGE('',*,*,#2905,.T.);
#3884=ORIENTED_EDGE('',*,*,#2928,.F.);
#3885=ORIENTED_EDGE('',*,*,#2931,.T.);
#3886=ORIENTED_EDGE('',*,*,#2932,.T.);
#3887=ORIENTED_EDGE('',*,*,#2906,.T.);
#3888=ORIENTED_EDGE('',*,*,#2930,.F.);
#3889=ORIENTED_EDGE('',*,*,#2933,.T.);
#3890=ORIENTED_EDGE('',*,*,#2934,.T.);
#3891=ORIENTED_EDGE('',*,*,#2907,.T.);
#3892=ORIENTED_EDGE('',*,*,#2932,.F.);
#3893=ORIENTED_EDGE('',*,*,#2935,.T.);
#3894=ORIENTED_EDGE('',*,*,#2921,.T.);
#3895=ORIENTED_EDGE('',*,*,#2908,.T.);
#3896=ORIENTED_EDGE('',*,*,#2934,.F.);
#3897=ORIENTED_EDGE('',*,*,#2936,.T.);
#3898=ORIENTED_EDGE('',*,*,#2937,.T.);
#3899=ORIENTED_EDGE('',*,*,#2896,.T.);
#3900=ORIENTED_EDGE('',*,*,#2920,.F.);
#3901=ORIENTED_EDGE('',*,*,#2938,.T.);
#3902=ORIENTED_EDGE('',*,*,#2939,.T.);
#3903=ORIENTED_EDGE('',*,*,#2897,.T.);
#3904=ORIENTED_EDGE('',*,*,#2937,.F.);
#3905=ORIENTED_EDGE('',*,*,#2940,.T.);
#3906=ORIENTED_EDGE('',*,*,#2941,.T.);
#3907=ORIENTED_EDGE('',*,*,#2898,.T.);
#3908=ORIENTED_EDGE('',*,*,#2939,.F.);
#3909=ORIENTED_EDGE('',*,*,#2942,.T.);
#3910=ORIENTED_EDGE('',*,*,#2943,.T.);
#3911=ORIENTED_EDGE('',*,*,#2927,.F.);
#3912=ORIENTED_EDGE('',*,*,#2902,.T.);
#3913=ORIENTED_EDGE('',*,*,#2944,.T.);
#3914=ORIENTED_EDGE('',*,*,#2945,.T.);
#3915=ORIENTED_EDGE('',*,*,#2944,.F.);
#3916=ORIENTED_EDGE('',*,*,#2901,.T.);
#3917=ORIENTED_EDGE('',*,*,#2946,.T.);
#3918=ORIENTED_EDGE('',*,*,#2900,.T.);
#3919=ORIENTED_EDGE('',*,*,#2947,.T.);
#3920=ORIENTED_EDGE('',*,*,#2948,.T.);
#3921=ORIENTED_EDGE('',*,*,#2946,.F.);
#3922=ORIENTED_EDGE('',*,*,#2942,.F.);
#3923=ORIENTED_EDGE('',*,*,#2949,.F.);
#3924=ORIENTED_EDGE('',*,*,#2950,.T.);
#3925=ORIENTED_EDGE('',*,*,#2951,.T.);
#3926=ORIENTED_EDGE('',*,*,#2940,.F.);
#3927=ORIENTED_EDGE('',*,*,#2952,.T.);
#3928=ORIENTED_EDGE('',*,*,#2953,.T.);
#3929=ORIENTED_EDGE('',*,*,#2954,.T.);
#3930=ORIENTED_EDGE('',*,*,#2955,.F.);
#3931=ORIENTED_EDGE('',*,*,#2949,.T.);
#3932=ORIENTED_EDGE('',*,*,#2938,.F.);
#3933=ORIENTED_EDGE('',*,*,#2956,.F.);
#3934=ORIENTED_EDGE('',*,*,#2957,.F.);
#3935=ORIENTED_EDGE('',*,*,#2952,.F.);
#3936=ORIENTED_EDGE('',*,*,#2919,.F.);
#3937=ORIENTED_EDGE('',*,*,#2958,.T.);
#3938=ORIENTED_EDGE('',*,*,#2959,.T.);
#3939=ORIENTED_EDGE('',*,*,#2956,.T.);
#3940=ORIENTED_EDGE('',*,*,#2922,.F.);
#3941=ORIENTED_EDGE('',*,*,#2960,.F.);
#3942=ORIENTED_EDGE('',*,*,#2961,.F.);
#3943=ORIENTED_EDGE('',*,*,#2958,.F.);
#3944=ORIENTED_EDGE('',*,*,#2936,.F.);
#3945=ORIENTED_EDGE('',*,*,#2962,.T.);
#3946=ORIENTED_EDGE('',*,*,#2963,.T.);
#3947=ORIENTED_EDGE('',*,*,#2960,.T.);
#3948=ORIENTED_EDGE('',*,*,#2935,.F.);
#3949=ORIENTED_EDGE('',*,*,#2964,.F.);
#3950=ORIENTED_EDGE('',*,*,#2965,.T.);
#3951=ORIENTED_EDGE('',*,*,#2966,.T.);
#3952=ORIENTED_EDGE('',*,*,#2967,.T.);
#3953=ORIENTED_EDGE('',*,*,#2968,.F.);
#3954=ORIENTED_EDGE('',*,*,#2969,.F.);
#3955=ORIENTED_EDGE('',*,*,#2970,.F.);
#3956=ORIENTED_EDGE('',*,*,#2971,.T.);
#3957=ORIENTED_EDGE('',*,*,#2972,.F.);
#3958=ORIENTED_EDGE('',*,*,#2973,.T.);
#3959=ORIENTED_EDGE('',*,*,#2962,.F.);
#3960=ORIENTED_EDGE('',*,*,#2933,.F.);
#3961=ORIENTED_EDGE('',*,*,#2974,.T.);
#3962=ORIENTED_EDGE('',*,*,#2975,.T.);
#3963=ORIENTED_EDGE('',*,*,#2964,.T.);
#3964=ORIENTED_EDGE('',*,*,#2931,.F.);
#3965=ORIENTED_EDGE('',*,*,#2976,.F.);
#3966=ORIENTED_EDGE('',*,*,#2977,.F.);
#3967=ORIENTED_EDGE('',*,*,#2974,.F.);
#3968=ORIENTED_EDGE('',*,*,#2929,.F.);
#3969=ORIENTED_EDGE('',*,*,#2978,.T.);
#3970=ORIENTED_EDGE('',*,*,#2979,.T.);
#3971=ORIENTED_EDGE('',*,*,#2976,.T.);
#3972=ORIENTED_EDGE('',*,*,#2925,.F.);
#3973=ORIENTED_EDGE('',*,*,#2980,.F.);
#3974=ORIENTED_EDGE('',*,*,#2981,.F.);
#3975=ORIENTED_EDGE('',*,*,#2982,.F.);
#3976=ORIENTED_EDGE('',*,*,#2983,.F.);
#3977=ORIENTED_EDGE('',*,*,#2984,.F.);
#3978=ORIENTED_EDGE('',*,*,#2966,.F.);
#3979=ORIENTED_EDGE('',*,*,#2985,.T.);
#3980=ORIENTED_EDGE('',*,*,#2978,.F.);
#3981=ORIENTED_EDGE('',*,*,#2943,.F.);
#3982=ORIENTED_EDGE('',*,*,#2986,.F.);
#3983=ORIENTED_EDGE('',*,*,#2987,.T.);
#3984=ORIENTED_EDGE('',*,*,#2980,.T.);
#3985=ORIENTED_EDGE('',*,*,#2945,.F.);
#3986=ORIENTED_EDGE('',*,*,#2988,.F.);
#3987=ORIENTED_EDGE('',*,*,#2989,.F.);
#3988=ORIENTED_EDGE('',*,*,#2990,.F.);
#3989=ORIENTED_EDGE('',*,*,#2991,.T.);
#3990=ORIENTED_EDGE('',*,*,#2992,.T.);
#3991=ORIENTED_EDGE('',*,*,#2993,.T.);
#3992=ORIENTED_EDGE('',*,*,#2994,.T.);
#3993=ORIENTED_EDGE('',*,*,#2995,.T.);
#3994=ORIENTED_EDGE('',*,*,#2986,.T.);
#3995=ORIENTED_EDGE('',*,*,#2948,.F.);
#3996=ORIENTED_EDGE('',*,*,#2996,.T.);
#3997=ORIENTED_EDGE('',*,*,#2997,.F.);
#3998=ORIENTED_EDGE('',*,*,#2988,.T.);
#3999=ORIENTED_EDGE('',*,*,#2998,.F.);
#4000=ORIENTED_EDGE('',*,*,#2999,.T.);
#4001=ORIENTED_EDGE('',*,*,#3000,.T.);
#4002=ORIENTED_EDGE('',*,*,#2989,.T.);
#4003=ORIENTED_EDGE('',*,*,#2997,.T.);
#4004=ORIENTED_EDGE('',*,*,#3000,.F.);
#4005=ORIENTED_EDGE('',*,*,#3001,.T.);
#4006=ORIENTED_EDGE('',*,*,#3002,.F.);
#4007=ORIENTED_EDGE('',*,*,#3003,.T.);
#4008=ORIENTED_EDGE('',*,*,#3004,.T.);
#4009=ORIENTED_EDGE('',*,*,#2990,.T.);
#4010=ORIENTED_EDGE('',*,*,#3005,.T.);
#4011=ORIENTED_EDGE('',*,*,#3006,.T.);
#4012=ORIENTED_EDGE('',*,*,#3007,.T.);
#4013=ORIENTED_EDGE('',*,*,#3002,.T.);
#4014=ORIENTED_EDGE('',*,*,#3008,.T.);
#4015=ORIENTED_EDGE('',*,*,#3009,.T.);
#4016=ORIENTED_EDGE('',*,*,#3006,.F.);
#4017=ORIENTED_EDGE('',*,*,#3010,.T.);
#4018=ORIENTED_EDGE('',*,*,#3011,.T.);
#4019=ORIENTED_EDGE('',*,*,#3012,.T.);
#4020=ORIENTED_EDGE('',*,*,#3013,.T.);
#4021=ORIENTED_EDGE('',*,*,#3014,.T.);
#4022=ORIENTED_EDGE('',*,*,#3015,.T.);
#4023=ORIENTED_EDGE('',*,*,#3008,.F.);
#4024=ORIENTED_EDGE('',*,*,#3016,.T.);
#4025=ORIENTED_EDGE('',*,*,#3017,.T.);
#4026=ORIENTED_EDGE('',*,*,#3018,.T.);
#4027=ORIENTED_EDGE('',*,*,#3014,.F.);
#4028=ORIENTED_EDGE('',*,*,#3019,.T.);
#4029=ORIENTED_EDGE('',*,*,#3020,.T.);
#4030=ORIENTED_EDGE('',*,*,#2969,.T.);
#4031=ORIENTED_EDGE('',*,*,#3017,.F.);
#4032=ORIENTED_EDGE('',*,*,#3021,.T.);
#4033=ORIENTED_EDGE('',*,*,#3022,.T.);
#4034=ORIENTED_EDGE('',*,*,#3023,.T.);
#4035=ORIENTED_EDGE('',*,*,#3020,.F.);
#4036=ORIENTED_EDGE('',*,*,#3024,.T.);
#4037=ORIENTED_EDGE('',*,*,#3025,.T.);
#4038=ORIENTED_EDGE('',*,*,#3026,.T.);
#4039=ORIENTED_EDGE('',*,*,#3027,.T.);
#4040=ORIENTED_EDGE('',*,*,#3028,.T.);
#4041=ORIENTED_EDGE('',*,*,#3022,.F.);
#4042=ORIENTED_EDGE('',*,*,#3029,.T.);
#4043=ORIENTED_EDGE('',*,*,#3030,.T.);
#4044=ORIENTED_EDGE('',*,*,#3031,.T.);
#4045=ORIENTED_EDGE('',*,*,#3027,.F.);
#4046=ORIENTED_EDGE('',*,*,#3032,.T.);
#4047=ORIENTED_EDGE('',*,*,#3033,.T.);
#4048=ORIENTED_EDGE('',*,*,#3034,.T.);
#4049=ORIENTED_EDGE('',*,*,#3030,.F.);
#4050=ORIENTED_EDGE('',*,*,#3035,.T.);
#4051=ORIENTED_EDGE('',*,*,#3003,.F.);
#4052=ORIENTED_EDGE('',*,*,#3036,.T.);
#4053=ORIENTED_EDGE('',*,*,#3037,.F.);
#4054=ORIENTED_EDGE('',*,*,#3038,.F.);
#4055=ORIENTED_EDGE('',*,*,#3039,.T.);
#4056=ORIENTED_EDGE('',*,*,#3007,.F.);
#4057=ORIENTED_EDGE('',*,*,#3040,.F.);
#4058=ORIENTED_EDGE('',*,*,#3041,.T.);
#4059=ORIENTED_EDGE('',*,*,#3042,.F.);
#4060=ORIENTED_EDGE('',*,*,#3036,.F.);
#4061=ORIENTED_EDGE('',*,*,#3009,.F.);
#4062=ORIENTED_EDGE('',*,*,#3043,.T.);
#4063=ORIENTED_EDGE('',*,*,#3044,.T.);
#4064=ORIENTED_EDGE('',*,*,#3040,.T.);
#4065=ORIENTED_EDGE('',*,*,#3015,.F.);
#4066=ORIENTED_EDGE('',*,*,#3045,.F.);
#4067=ORIENTED_EDGE('',*,*,#3046,.F.);
#4068=ORIENTED_EDGE('',*,*,#3043,.F.);
#4069=ORIENTED_EDGE('',*,*,#3018,.F.);
#4070=ORIENTED_EDGE('',*,*,#2968,.T.);
#4071=ORIENTED_EDGE('',*,*,#3047,.T.);
#4072=ORIENTED_EDGE('',*,*,#3045,.T.);
#4073=ORIENTED_EDGE('',*,*,#3023,.F.);
#4074=ORIENTED_EDGE('',*,*,#3048,.T.);
#4075=ORIENTED_EDGE('',*,*,#3049,.T.);
#4076=ORIENTED_EDGE('',*,*,#2970,.T.);
#4077=ORIENTED_EDGE('',*,*,#3028,.F.);
#4078=ORIENTED_EDGE('',*,*,#3050,.F.);
#4079=ORIENTED_EDGE('',*,*,#3051,.F.);
#4080=ORIENTED_EDGE('',*,*,#3048,.F.);
#4081=ORIENTED_EDGE('',*,*,#3011,.F.);
#4082=ORIENTED_EDGE('',*,*,#3052,.T.);
#4083=ORIENTED_EDGE('',*,*,#3012,.F.);
#4084=ORIENTED_EDGE('',*,*,#3053,.T.);
#4085=ORIENTED_EDGE('',*,*,#3054,.T.);
#4086=ORIENTED_EDGE('',*,*,#3055,.T.);
#4087=ORIENTED_EDGE('',*,*,#3053,.F.);
#4088=ORIENTED_EDGE('',*,*,#3031,.F.);
#4089=ORIENTED_EDGE('',*,*,#3056,.T.);
#4090=ORIENTED_EDGE('',*,*,#3057,.T.);
#4091=ORIENTED_EDGE('',*,*,#3050,.T.);
#4092=ORIENTED_EDGE('',*,*,#3034,.F.);
#4093=ORIENTED_EDGE('',*,*,#3058,.T.);
#4094=ORIENTED_EDGE('',*,*,#3059,.T.);
#4095=ORIENTED_EDGE('',*,*,#3060,.F.);
#4096=ORIENTED_EDGE('',*,*,#3056,.F.);
#4097=ORIENTED_EDGE('',*,*,#3025,.F.);
#4098=ORIENTED_EDGE('',*,*,#3061,.T.);
#4099=ORIENTED_EDGE('',*,*,#3062,.T.);
#4100=ORIENTED_EDGE('',*,*,#3063,.T.);
#4101=ORIENTED_EDGE('',*,*,#3064,.T.);
#4102=ORIENTED_EDGE('',*,*,#3062,.F.);
#4103=ORIENTED_EDGE('',*,*,#3065,.T.);
#4104=ORIENTED_EDGE('',*,*,#2999,.F.);
#4105=ORIENTED_EDGE('',*,*,#3066,.T.);
#4106=ORIENTED_EDGE('',*,*,#3035,.F.);
#4107=ORIENTED_EDGE('',*,*,#3032,.F.);
#4108=ORIENTED_EDGE('',*,*,#3026,.F.);
#4109=ORIENTED_EDGE('',*,*,#3065,.F.);
#4110=ORIENTED_EDGE('',*,*,#3061,.F.);
#4111=ORIENTED_EDGE('',*,*,#3029,.F.);
#4112=ORIENTED_EDGE('',*,*,#3024,.F.);
#4113=ORIENTED_EDGE('',*,*,#3021,.F.);
#4114=ORIENTED_EDGE('',*,*,#3019,.F.);
#4115=ORIENTED_EDGE('',*,*,#3013,.F.);
#4116=ORIENTED_EDGE('',*,*,#3052,.F.);
#4117=ORIENTED_EDGE('',*,*,#3016,.F.);
#4118=ORIENTED_EDGE('',*,*,#3010,.F.);
#4119=ORIENTED_EDGE('',*,*,#3005,.F.);
#4120=ORIENTED_EDGE('',*,*,#3001,.F.);
#4121=ORIENTED_EDGE('',*,*,#3055,.F.);
#4122=ORIENTED_EDGE('',*,*,#3067,.T.);
#4123=ORIENTED_EDGE('',*,*,#3068,.T.);
#4124=ORIENTED_EDGE('',*,*,#3067,.F.);
#4125=ORIENTED_EDGE('',*,*,#3054,.F.);
#4126=ORIENTED_EDGE('',*,*,#3064,.F.);
#4127=ORIENTED_EDGE('',*,*,#3069,.T.);
#4128=ORIENTED_EDGE('',*,*,#3070,.T.);
#4129=ORIENTED_EDGE('',*,*,#3069,.F.);
#4130=ORIENTED_EDGE('',*,*,#3063,.F.);
#4131=ORIENTED_EDGE('',*,*,#3071,.T.);
#4132=ORIENTED_EDGE('',*,*,#3072,.T.);
#4133=ORIENTED_EDGE('',*,*,#3073,.T.);
#4134=ORIENTED_EDGE('',*,*,#3074,.T.);
#4135=ORIENTED_EDGE('',*,*,#3075,.T.);
#4136=ORIENTED_EDGE('',*,*,#3073,.F.);
#4137=ORIENTED_EDGE('',*,*,#3076,.T.);
#4138=ORIENTED_EDGE('',*,*,#3071,.F.);
#4139=ORIENTED_EDGE('',*,*,#3077,.T.);
#4140=ORIENTED_EDGE('',*,*,#3078,.F.);
#4141=ORIENTED_EDGE('',*,*,#3079,.T.);
#4142=ORIENTED_EDGE('',*,*,#3080,.T.);
#4143=ORIENTED_EDGE('',*,*,#3081,.T.);
#4144=ORIENTED_EDGE('',*,*,#3075,.F.);
#4145=ORIENTED_EDGE('',*,*,#3082,.T.);
#4146=ORIENTED_EDGE('',*,*,#3083,.T.);
#4147=ORIENTED_EDGE('',*,*,#3082,.F.);
#4148=ORIENTED_EDGE('',*,*,#3074,.F.);
#4149=ORIENTED_EDGE('',*,*,#3084,.T.);
#4150=ORIENTED_EDGE('',*,*,#3085,.T.);
#4151=ORIENTED_EDGE('',*,*,#3086,.T.);
#4152=ORIENTED_EDGE('',*,*,#3087,.T.);
#4153=ORIENTED_EDGE('',*,*,#3085,.F.);
#4154=ORIENTED_EDGE('',*,*,#3088,.T.);
#4155=ORIENTED_EDGE('',*,*,#3089,.T.);
#4156=ORIENTED_EDGE('',*,*,#3084,.F.);
#4157=ORIENTED_EDGE('',*,*,#3090,.T.);
#4158=ORIENTED_EDGE('',*,*,#3091,.F.);
#4159=ORIENTED_EDGE('',*,*,#3092,.T.);
#4160=ORIENTED_EDGE('',*,*,#3093,.T.);
#4161=ORIENTED_EDGE('',*,*,#3094,.T.);
#4162=ORIENTED_EDGE('',*,*,#3088,.F.);
#4163=ORIENTED_EDGE('',*,*,#3087,.F.);
#4164=ORIENTED_EDGE('',*,*,#3095,.T.);
#4165=ORIENTED_EDGE('',*,*,#3096,.T.);
#4166=ORIENTED_EDGE('',*,*,#3095,.F.);
#4167=ORIENTED_EDGE('',*,*,#3086,.F.);
#4168=ORIENTED_EDGE('',*,*,#3097,.T.);
#4169=ORIENTED_EDGE('',*,*,#3098,.T.);
#4170=ORIENTED_EDGE('',*,*,#3099,.T.);
#4171=ORIENTED_EDGE('',*,*,#3100,.T.);
#4172=ORIENTED_EDGE('',*,*,#3078,.T.);
#4173=ORIENTED_EDGE('',*,*,#3101,.T.);
#4174=ORIENTED_EDGE('',*,*,#3099,.F.);
#4175=ORIENTED_EDGE('',*,*,#3102,.T.);
#4176=ORIENTED_EDGE('',*,*,#3103,.T.);
#4177=ORIENTED_EDGE('',*,*,#3104,.T.);
#4178=ORIENTED_EDGE('',*,*,#3080,.F.);
#4179=ORIENTED_EDGE('',*,*,#3105,.T.);
#4180=ORIENTED_EDGE('',*,*,#3106,.T.);
#4181=ORIENTED_EDGE('',*,*,#3107,.T.);
#4182=ORIENTED_EDGE('',*,*,#3103,.F.);
#4183=ORIENTED_EDGE('',*,*,#3108,.T.);
#4184=ORIENTED_EDGE('',*,*,#3091,.T.);
#4185=ORIENTED_EDGE('',*,*,#3109,.T.);
#4186=ORIENTED_EDGE('',*,*,#3106,.F.);
#4187=ORIENTED_EDGE('',*,*,#3110,.T.);
#4188=ORIENTED_EDGE('',*,*,#3111,.T.);
#4189=ORIENTED_EDGE('',*,*,#3112,.T.);
#4190=ORIENTED_EDGE('',*,*,#3093,.F.);
#4191=ORIENTED_EDGE('',*,*,#3113,.T.);
#4192=ORIENTED_EDGE('',*,*,#3114,.T.);
#4193=ORIENTED_EDGE('',*,*,#3115,.T.);
#4194=ORIENTED_EDGE('',*,*,#3111,.F.);
#4195=ORIENTED_EDGE('',*,*,#3116,.T.);
#4196=ORIENTED_EDGE('',*,*,#3072,.F.);
#4197=ORIENTED_EDGE('',*,*,#3081,.F.);
#4198=ORIENTED_EDGE('',*,*,#3104,.F.);
#4199=ORIENTED_EDGE('',*,*,#3107,.F.);
#4200=ORIENTED_EDGE('',*,*,#3109,.F.);
#4201=ORIENTED_EDGE('',*,*,#3090,.F.);
#4202=ORIENTED_EDGE('',*,*,#3089,.F.);
#4203=ORIENTED_EDGE('',*,*,#3094,.F.);
#4204=ORIENTED_EDGE('',*,*,#3112,.F.);
#4205=ORIENTED_EDGE('',*,*,#3115,.F.);
#4206=ORIENTED_EDGE('',*,*,#3117,.F.);
#4207=ORIENTED_EDGE('',*,*,#3118,.F.);
#4208=ORIENTED_EDGE('',*,*,#3119,.T.);
#4209=ORIENTED_EDGE('',*,*,#3120,.F.);
#4210=ORIENTED_EDGE('',*,*,#3121,.T.);
#4211=ORIENTED_EDGE('',*,*,#3100,.F.);
#4212=ORIENTED_EDGE('',*,*,#3101,.F.);
#4213=ORIENTED_EDGE('',*,*,#3077,.F.);
#4214=ORIENTED_EDGE('',*,*,#3076,.F.);
#4215=ORIENTED_EDGE('',*,*,#3114,.F.);
#4216=ORIENTED_EDGE('',*,*,#3122,.T.);
#4217=ORIENTED_EDGE('',*,*,#3123,.F.);
#4218=ORIENTED_EDGE('',*,*,#3124,.F.);
#4219=ORIENTED_EDGE('',*,*,#3125,.T.);
#4220=ORIENTED_EDGE('',*,*,#3117,.T.);
#4221=ORIENTED_EDGE('',*,*,#3126,.T.);
#4222=ORIENTED_EDGE('',*,*,#3120,.T.);
#4223=ORIENTED_EDGE('',*,*,#3127,.T.);
#4224=ORIENTED_EDGE('',*,*,#3128,.T.);
#4225=ORIENTED_EDGE('',*,*,#3129,.T.);
#4226=ORIENTED_EDGE('',*,*,#3129,.F.);
#4227=ORIENTED_EDGE('',*,*,#3130,.T.);
#4228=ORIENTED_EDGE('',*,*,#3131,.F.);
#4229=ORIENTED_EDGE('',*,*,#2737,.T.);
#4230=ORIENTED_EDGE('',*,*,#3132,.T.);
#4231=ORIENTED_EDGE('',*,*,#3133,.T.);
#4232=ORIENTED_EDGE('',*,*,#3128,.F.);
#4233=ORIENTED_EDGE('',*,*,#3134,.T.);
#4234=ORIENTED_EDGE('',*,*,#3135,.F.);
#4235=ORIENTED_EDGE('',*,*,#3136,.T.);
#4236=ORIENTED_EDGE('',*,*,#3137,.F.);
#4237=ORIENTED_EDGE('',*,*,#3138,.T.);
#4238=ORIENTED_EDGE('',*,*,#3139,.F.);
#4239=ORIENTED_EDGE('',*,*,#3130,.F.);
#4240=ORIENTED_EDGE('',*,*,#3127,.F.);
#4241=ORIENTED_EDGE('',*,*,#3119,.F.);
#4242=ORIENTED_EDGE('',*,*,#3140,.T.);
#4243=ORIENTED_EDGE('',*,*,#3141,.T.);
#4244=ORIENTED_EDGE('',*,*,#3142,.T.);
#4245=ORIENTED_EDGE('',*,*,#3143,.T.);
#4246=ORIENTED_EDGE('',*,*,#3144,.T.);
#4247=ORIENTED_EDGE('',*,*,#3145,.T.);
#4248=ORIENTED_EDGE('',*,*,#3146,.F.);
#4249=ORIENTED_EDGE('',*,*,#3134,.F.);
#4250=ORIENTED_EDGE('',*,*,#3147,.T.);
#4251=ORIENTED_EDGE('',*,*,#3148,.T.);
#4252=ORIENTED_EDGE('',*,*,#3149,.T.);
#4253=ORIENTED_EDGE('',*,*,#3150,.T.);
#4254=ORIENTED_EDGE('',*,*,#3151,.T.);
#4255=ORIENTED_EDGE('',*,*,#3149,.F.);
#4256=ORIENTED_EDGE('',*,*,#3152,.T.);
#4257=ORIENTED_EDGE('',*,*,#3153,.T.);
#4258=ORIENTED_EDGE('',*,*,#3153,.F.);
#4259=ORIENTED_EDGE('',*,*,#3154,.T.);
#4260=ORIENTED_EDGE('',*,*,#3155,.F.);
#4261=ORIENTED_EDGE('',*,*,#3156,.T.);
#4262=ORIENTED_EDGE('',*,*,#3157,.T.);
#4263=ORIENTED_EDGE('',*,*,#3151,.F.);
#4264=ORIENTED_EDGE('',*,*,#3158,.T.);
#4265=ORIENTED_EDGE('',*,*,#3159,.T.);
#4266=ORIENTED_EDGE('',*,*,#3158,.F.);
#4267=ORIENTED_EDGE('',*,*,#3150,.F.);
#4268=ORIENTED_EDGE('',*,*,#3160,.T.);
#4269=ORIENTED_EDGE('',*,*,#3161,.T.);
#4270=ORIENTED_EDGE('',*,*,#3162,.T.);
#4271=ORIENTED_EDGE('',*,*,#3163,.T.);
#4272=ORIENTED_EDGE('',*,*,#3161,.F.);
#4273=ORIENTED_EDGE('',*,*,#3148,.F.);
#4274=ORIENTED_EDGE('',*,*,#3164,.F.);
#4275=ORIENTED_EDGE('',*,*,#3165,.F.);
#4276=ORIENTED_EDGE('',*,*,#3166,.F.);
#4277=ORIENTED_EDGE('',*,*,#3167,.F.);
#4278=ORIENTED_EDGE('',*,*,#3168,.F.);
#4279=ORIENTED_EDGE('',*,*,#3169,.F.);
#4280=ORIENTED_EDGE('',*,*,#3170,.F.);
#4281=ORIENTED_EDGE('',*,*,#3171,.F.);
#4282=ORIENTED_EDGE('',*,*,#3172,.F.);
#4283=ORIENTED_EDGE('',*,*,#3173,.F.);
#4284=ORIENTED_EDGE('',*,*,#3174,.F.);
#4285=ORIENTED_EDGE('',*,*,#3175,.F.);
#4286=ORIENTED_EDGE('',*,*,#3176,.F.);
#4287=ORIENTED_EDGE('',*,*,#3177,.F.);
#4288=ORIENTED_EDGE('',*,*,#3154,.F.);
#4289=ORIENTED_EDGE('',*,*,#3152,.F.);
#4290=ORIENTED_EDGE('',*,*,#3160,.F.);
#4291=ORIENTED_EDGE('',*,*,#3163,.F.);
#4292=ORIENTED_EDGE('',*,*,#3178,.T.);
#4293=ORIENTED_EDGE('',*,*,#3179,.T.);
#4294=ORIENTED_EDGE('',*,*,#3178,.F.);
#4295=ORIENTED_EDGE('',*,*,#3162,.F.);
#4296=ORIENTED_EDGE('',*,*,#2764,.T.);
#4297=ORIENTED_EDGE('',*,*,#3180,.T.);
#4298=ORIENTED_EDGE('',*,*,#3181,.T.);
#4299=ORIENTED_EDGE('',*,*,#3182,.T.);
#4300=ORIENTED_EDGE('',*,*,#3180,.F.);
#4301=ORIENTED_EDGE('',*,*,#3182,.F.);
#4302=ORIENTED_EDGE('',*,*,#3183,.T.);
#4303=ORIENTED_EDGE('',*,*,#3184,.T.);
#4304=ORIENTED_EDGE('',*,*,#3183,.F.);
#4305=ORIENTED_EDGE('',*,*,#3181,.F.);
#4306=ORIENTED_EDGE('',*,*,#3185,.T.);
#4307=ORIENTED_EDGE('',*,*,#3186,.T.);
#4308=ORIENTED_EDGE('',*,*,#3172,.T.);
#4309=ORIENTED_EDGE('',*,*,#3187,.T.);
#4310=ORIENTED_EDGE('',*,*,#3171,.T.);
#4311=ORIENTED_EDGE('',*,*,#3188,.T.);
#4312=ORIENTED_EDGE('',*,*,#3189,.T.);
#4313=ORIENTED_EDGE('',*,*,#3187,.F.);
#4314=ORIENTED_EDGE('',*,*,#3170,.T.);
#4315=ORIENTED_EDGE('',*,*,#3190,.T.);
#4316=ORIENTED_EDGE('',*,*,#3146,.T.);
#4317=ORIENTED_EDGE('',*,*,#3188,.F.);
#4318=ORIENTED_EDGE('',*,*,#3169,.T.);
#4319=ORIENTED_EDGE('',*,*,#3191,.T.);
#4320=ORIENTED_EDGE('',*,*,#3135,.T.);
#4321=ORIENTED_EDGE('',*,*,#3190,.F.);
#4322=ORIENTED_EDGE('',*,*,#3192,.T.);
#4323=ORIENTED_EDGE('',*,*,#3173,.T.);
#4324=ORIENTED_EDGE('',*,*,#3186,.F.);
#4325=ORIENTED_EDGE('',*,*,#3193,.T.);
#4326=ORIENTED_EDGE('',*,*,#3194,.T.);
#4327=ORIENTED_EDGE('',*,*,#3174,.T.);
#4328=ORIENTED_EDGE('',*,*,#3192,.F.);
#4329=ORIENTED_EDGE('',*,*,#3195,.T.);
#4330=ORIENTED_EDGE('',*,*,#3196,.T.);
#4331=ORIENTED_EDGE('',*,*,#3175,.T.);
#4332=ORIENTED_EDGE('',*,*,#3194,.F.);
#4333=ORIENTED_EDGE('',*,*,#3197,.T.);
#4334=ORIENTED_EDGE('',*,*,#3198,.T.);
#4335=ORIENTED_EDGE('',*,*,#3176,.T.);
#4336=ORIENTED_EDGE('',*,*,#3196,.F.);
#4337=ORIENTED_EDGE('',*,*,#3199,.T.);
#4338=ORIENTED_EDGE('',*,*,#3155,.T.);
#4339=ORIENTED_EDGE('',*,*,#3177,.T.);
#4340=ORIENTED_EDGE('',*,*,#3198,.F.);
#4341=ORIENTED_EDGE('',*,*,#3200,.T.);
#4342=ORIENTED_EDGE('',*,*,#3147,.F.);
#4343=ORIENTED_EDGE('',*,*,#3157,.F.);
#4344=ORIENTED_EDGE('',*,*,#3201,.T.);
#4345=ORIENTED_EDGE('',*,*,#3202,.T.);
#4346=ORIENTED_EDGE('',*,*,#3164,.T.);
#4347=ORIENTED_EDGE('',*,*,#3203,.T.);
#4348=ORIENTED_EDGE('',*,*,#3165,.T.);
#4349=ORIENTED_EDGE('',*,*,#3202,.F.);
#4350=ORIENTED_EDGE('',*,*,#3204,.T.);
#4351=ORIENTED_EDGE('',*,*,#3205,.T.);
#4352=ORIENTED_EDGE('',*,*,#3166,.T.);
#4353=ORIENTED_EDGE('',*,*,#3203,.F.);
#4354=ORIENTED_EDGE('',*,*,#3206,.T.);
#4355=ORIENTED_EDGE('',*,*,#3207,.T.);
#4356=ORIENTED_EDGE('',*,*,#3167,.T.);
#4357=ORIENTED_EDGE('',*,*,#3205,.F.);
#4358=ORIENTED_EDGE('',*,*,#3208,.T.);
#4359=ORIENTED_EDGE('',*,*,#3208,.F.);
#4360=ORIENTED_EDGE('',*,*,#3209,.F.);
#4361=ORIENTED_EDGE('',*,*,#3210,.T.);
#4362=ORIENTED_EDGE('',*,*,#3211,.T.);
#4363=ORIENTED_EDGE('',*,*,#3206,.F.);
#4364=ORIENTED_EDGE('',*,*,#3212,.T.);
#4365=ORIENTED_EDGE('',*,*,#3213,.T.);
#4366=ORIENTED_EDGE('',*,*,#3214,.T.);
#4367=ORIENTED_EDGE('',*,*,#3215,.F.);
#4368=ORIENTED_EDGE('',*,*,#3209,.T.);
#4369=ORIENTED_EDGE('',*,*,#3204,.F.);
#4370=ORIENTED_EDGE('',*,*,#3216,.F.);
#4371=ORIENTED_EDGE('',*,*,#3217,.F.);
#4372=ORIENTED_EDGE('',*,*,#3212,.F.);
#4373=ORIENTED_EDGE('',*,*,#3201,.F.);
#4374=ORIENTED_EDGE('',*,*,#3218,.T.);
#4375=ORIENTED_EDGE('',*,*,#3219,.T.);
#4376=ORIENTED_EDGE('',*,*,#3216,.T.);
#4377=ORIENTED_EDGE('',*,*,#3156,.F.);
#4378=ORIENTED_EDGE('',*,*,#3220,.F.);
#4379=ORIENTED_EDGE('',*,*,#3221,.F.);
#4380=ORIENTED_EDGE('',*,*,#3218,.F.);
#4381=ORIENTED_EDGE('',*,*,#3200,.F.);
#4382=ORIENTED_EDGE('',*,*,#3222,.T.);
#4383=ORIENTED_EDGE('',*,*,#3223,.T.);
#4384=ORIENTED_EDGE('',*,*,#3220,.T.);
#4385=ORIENTED_EDGE('',*,*,#3108,.F.);
#4386=ORIENTED_EDGE('',*,*,#3224,.F.);
#4387=ORIENTED_EDGE('',*,*,#3225,.T.);
#4388=ORIENTED_EDGE('',*,*,#3226,.F.);
#4389=ORIENTED_EDGE('',*,*,#3227,.T.);
#4390=ORIENTED_EDGE('',*,*,#3222,.F.);
#4391=ORIENTED_EDGE('',*,*,#3199,.F.);
#4392=ORIENTED_EDGE('',*,*,#3228,.F.);
#4393=ORIENTED_EDGE('',*,*,#3229,.T.);
#4394=ORIENTED_EDGE('',*,*,#3230,.T.);
#4395=ORIENTED_EDGE('',*,*,#3231,.T.);
#4396=ORIENTED_EDGE('',*,*,#3232,.F.);
#4397=ORIENTED_EDGE('',*,*,#3197,.F.);
#4398=ORIENTED_EDGE('',*,*,#3233,.T.);
#4399=ORIENTED_EDGE('',*,*,#3234,.T.);
#4400=ORIENTED_EDGE('',*,*,#3228,.T.);
#4401=ORIENTED_EDGE('',*,*,#3195,.F.);
#4402=ORIENTED_EDGE('',*,*,#3235,.F.);
#4403=ORIENTED_EDGE('',*,*,#3236,.F.);
#4404=ORIENTED_EDGE('',*,*,#3233,.F.);
#4405=ORIENTED_EDGE('',*,*,#3193,.F.);
#4406=ORIENTED_EDGE('',*,*,#3237,.T.);
#4407=ORIENTED_EDGE('',*,*,#3238,.T.);
#4408=ORIENTED_EDGE('',*,*,#3235,.T.);
#4409=ORIENTED_EDGE('',*,*,#3185,.F.);
#4410=ORIENTED_EDGE('',*,*,#3239,.F.);
#4411=ORIENTED_EDGE('',*,*,#3240,.F.);
#4412=ORIENTED_EDGE('',*,*,#3241,.F.);
#4413=ORIENTED_EDGE('',*,*,#3242,.F.);
#4414=ORIENTED_EDGE('',*,*,#3243,.F.);
#4415=ORIENTED_EDGE('',*,*,#3230,.F.);
#4416=ORIENTED_EDGE('',*,*,#3244,.T.);
#4417=ORIENTED_EDGE('',*,*,#3237,.F.);
#4418=ORIENTED_EDGE('',*,*,#3189,.F.);
#4419=ORIENTED_EDGE('',*,*,#3145,.F.);
#4420=ORIENTED_EDGE('',*,*,#3245,.T.);
#4421=ORIENTED_EDGE('',*,*,#3239,.T.);
#4422=ORIENTED_EDGE('',*,*,#3246,.T.);
#4423=ORIENTED_EDGE('',*,*,#3247,.T.);
#4424=ORIENTED_EDGE('',*,*,#3248,.T.);
#4425=ORIENTED_EDGE('',*,*,#3249,.T.);
#4426=ORIENTED_EDGE('',*,*,#3250,.T.);
#4427=ORIENTED_EDGE('',*,*,#3251,.T.);
#4428=ORIENTED_EDGE('',*,*,#3246,.F.);
#4429=ORIENTED_EDGE('',*,*,#3252,.T.);
#4430=ORIENTED_EDGE('',*,*,#3253,.T.);
#4431=ORIENTED_EDGE('',*,*,#3254,.T.);
#4432=ORIENTED_EDGE('',*,*,#3250,.F.);
#4433=ORIENTED_EDGE('',*,*,#3255,.T.);
#4434=ORIENTED_EDGE('',*,*,#3256,.T.);
#4435=ORIENTED_EDGE('',*,*,#3257,.T.);
#4436=ORIENTED_EDGE('',*,*,#3253,.F.);
#4437=ORIENTED_EDGE('',*,*,#3258,.T.);
#4438=ORIENTED_EDGE('',*,*,#3259,.T.);
#4439=ORIENTED_EDGE('',*,*,#3260,.T.);
#4440=ORIENTED_EDGE('',*,*,#3256,.F.);
#4441=ORIENTED_EDGE('',*,*,#3261,.T.);
#4442=ORIENTED_EDGE('',*,*,#3262,.T.);
#4443=ORIENTED_EDGE('',*,*,#3263,.T.);
#4444=ORIENTED_EDGE('',*,*,#3259,.F.);
#4445=ORIENTED_EDGE('',*,*,#3264,.T.);
#4446=ORIENTED_EDGE('',*,*,#3265,.T.);
#4447=ORIENTED_EDGE('',*,*,#3266,.T.);
#4448=ORIENTED_EDGE('',*,*,#3262,.F.);
#4449=ORIENTED_EDGE('',*,*,#3267,.T.);
#4450=ORIENTED_EDGE('',*,*,#3268,.T.);
#4451=ORIENTED_EDGE('',*,*,#3269,.T.);
#4452=ORIENTED_EDGE('',*,*,#3265,.F.);
#4453=ORIENTED_EDGE('',*,*,#3270,.T.);
#4454=ORIENTED_EDGE('',*,*,#3271,.T.);
#4455=ORIENTED_EDGE('',*,*,#3268,.F.);
#4456=ORIENTED_EDGE('',*,*,#3272,.T.);
#4457=ORIENTED_EDGE('',*,*,#3273,.T.);
#4458=ORIENTED_EDGE('',*,*,#3274,.T.);
#4459=ORIENTED_EDGE('',*,*,#3275,.T.);
#4460=ORIENTED_EDGE('',*,*,#3276,.T.);
#4461=ORIENTED_EDGE('',*,*,#3277,.T.);
#4462=ORIENTED_EDGE('',*,*,#3278,.T.);
#4463=ORIENTED_EDGE('',*,*,#3273,.F.);
#4464=ORIENTED_EDGE('',*,*,#3247,.F.);
#4465=ORIENTED_EDGE('',*,*,#3251,.F.);
#4466=ORIENTED_EDGE('',*,*,#3254,.F.);
#4467=ORIENTED_EDGE('',*,*,#3257,.F.);
#4468=ORIENTED_EDGE('',*,*,#3260,.F.);
#4469=ORIENTED_EDGE('',*,*,#3263,.F.);
#4470=ORIENTED_EDGE('',*,*,#3266,.F.);
#4471=ORIENTED_EDGE('',*,*,#3269,.F.);
#4472=ORIENTED_EDGE('',*,*,#3271,.F.);
#4473=ORIENTED_EDGE('',*,*,#3278,.F.);
#4474=ORIENTED_EDGE('',*,*,#3279,.F.);
#4475=ORIENTED_EDGE('',*,*,#3280,.T.);
#4476=ORIENTED_EDGE('',*,*,#3281,.T.);
#4477=ORIENTED_EDGE('',*,*,#3282,.T.);
#4478=ORIENTED_EDGE('',*,*,#3277,.F.);
#4479=ORIENTED_EDGE('',*,*,#3283,.T.);
#4480=ORIENTED_EDGE('',*,*,#3137,.T.);
#4481=ORIENTED_EDGE('',*,*,#3284,.T.);
#4482=ORIENTED_EDGE('',*,*,#3279,.T.);
#4483=ORIENTED_EDGE('',*,*,#3276,.F.);
#4484=ORIENTED_EDGE('',*,*,#3285,.T.);
#4485=ORIENTED_EDGE('',*,*,#3286,.T.);
#4486=ORIENTED_EDGE('',*,*,#3287,.T.);
#4487=ORIENTED_EDGE('',*,*,#3288,.T.);
#4488=ORIENTED_EDGE('',*,*,#3289,.T.);
#4489=ORIENTED_EDGE('',*,*,#3290,.T.);
#4490=ORIENTED_EDGE('',*,*,#3291,.F.);
#4491=ORIENTED_EDGE('',*,*,#3138,.F.);
#4492=ORIENTED_EDGE('',*,*,#3283,.F.);
#4493=ORIENTED_EDGE('',*,*,#3292,.T.);
#4494=ORIENTED_EDGE('',*,*,#2749,.T.);
#4495=ORIENTED_EDGE('',*,*,#3293,.T.);
#4496=ORIENTED_EDGE('',*,*,#3294,.T.);
#4497=ORIENTED_EDGE('',*,*,#3295,.T.);
#4498=ORIENTED_EDGE('',*,*,#3293,.F.);
#4499=ORIENTED_EDGE('',*,*,#2748,.T.);
#4500=ORIENTED_EDGE('',*,*,#3296,.T.);
#4501=ORIENTED_EDGE('',*,*,#3292,.F.);
#4502=ORIENTED_EDGE('',*,*,#3297,.F.);
#4503=ORIENTED_EDGE('',*,*,#3298,.T.);
#4504=ORIENTED_EDGE('',*,*,#3299,.T.);
#4505=ORIENTED_EDGE('',*,*,#2750,.T.);
#4506=ORIENTED_EDGE('',*,*,#3296,.F.);
#4507=ORIENTED_EDGE('',*,*,#2747,.T.);
#4508=ORIENTED_EDGE('',*,*,#3300,.F.);
#4509=ORIENTED_EDGE('',*,*,#3301,.T.);
#4510=ORIENTED_EDGE('',*,*,#3297,.T.);
#4511=ORIENTED_EDGE('',*,*,#3295,.F.);
#4512=ORIENTED_EDGE('',*,*,#3302,.T.);
#4513=ORIENTED_EDGE('',*,*,#3303,.T.);
#4514=ORIENTED_EDGE('',*,*,#3302,.F.);
#4515=ORIENTED_EDGE('',*,*,#3294,.F.);
#4516=ORIENTED_EDGE('',*,*,#3304,.T.);
#4517=ORIENTED_EDGE('',*,*,#3305,.T.);
#4518=ORIENTED_EDGE('',*,*,#2741,.T.);
#4519=ORIENTED_EDGE('',*,*,#3306,.T.);
#4520=ORIENTED_EDGE('',*,*,#3307,.T.);
#4521=ORIENTED_EDGE('',*,*,#2742,.T.);
#4522=ORIENTED_EDGE('',*,*,#3305,.F.);
#4523=ORIENTED_EDGE('',*,*,#3308,.T.);
#4524=ORIENTED_EDGE('',*,*,#3309,.T.);
#4525=ORIENTED_EDGE('',*,*,#2743,.T.);
#4526=ORIENTED_EDGE('',*,*,#3307,.F.);
#4527=ORIENTED_EDGE('',*,*,#3310,.T.);
#4528=ORIENTED_EDGE('',*,*,#3311,.T.);
#4529=ORIENTED_EDGE('',*,*,#2744,.T.);
#4530=ORIENTED_EDGE('',*,*,#3309,.F.);
#4531=ORIENTED_EDGE('',*,*,#3312,.T.);
#4532=ORIENTED_EDGE('',*,*,#3313,.T.);
#4533=ORIENTED_EDGE('',*,*,#2745,.T.);
#4534=ORIENTED_EDGE('',*,*,#3311,.F.);
#4535=ORIENTED_EDGE('',*,*,#3314,.T.);
#4536=ORIENTED_EDGE('',*,*,#3300,.T.);
#4537=ORIENTED_EDGE('',*,*,#2746,.T.);
#4538=ORIENTED_EDGE('',*,*,#3313,.F.);
#4539=ORIENTED_EDGE('',*,*,#3315,.T.);
#4540=ORIENTED_EDGE('',*,*,#3316,.T.);
#4541=ORIENTED_EDGE('',*,*,#2751,.T.);
#4542=ORIENTED_EDGE('',*,*,#3299,.F.);
#4543=ORIENTED_EDGE('',*,*,#3317,.T.);
#4544=ORIENTED_EDGE('',*,*,#3318,.T.);
#4545=ORIENTED_EDGE('',*,*,#2752,.T.);
#4546=ORIENTED_EDGE('',*,*,#3316,.F.);
#4547=ORIENTED_EDGE('',*,*,#3319,.T.);
#4548=ORIENTED_EDGE('',*,*,#3320,.T.);
#4549=ORIENTED_EDGE('',*,*,#2753,.T.);
#4550=ORIENTED_EDGE('',*,*,#3318,.F.);
#4551=ORIENTED_EDGE('',*,*,#3321,.T.);
#4552=ORIENTED_EDGE('',*,*,#3322,.T.);
#4553=ORIENTED_EDGE('',*,*,#3306,.F.);
#4554=ORIENTED_EDGE('',*,*,#2740,.T.);
#4555=ORIENTED_EDGE('',*,*,#3323,.T.);
#4556=ORIENTED_EDGE('',*,*,#3291,.T.);
#4557=ORIENTED_EDGE('',*,*,#3323,.F.);
#4558=ORIENTED_EDGE('',*,*,#2739,.T.);
#4559=ORIENTED_EDGE('',*,*,#3324,.T.);
#4560=ORIENTED_EDGE('',*,*,#2738,.T.);
#4561=ORIENTED_EDGE('',*,*,#3131,.T.);
#4562=ORIENTED_EDGE('',*,*,#3139,.T.);
#4563=ORIENTED_EDGE('',*,*,#3324,.F.);
#4564=ORIENTED_EDGE('',*,*,#3321,.F.);
#4565=ORIENTED_EDGE('',*,*,#3325,.F.);
#4566=ORIENTED_EDGE('',*,*,#3326,.T.);
#4567=ORIENTED_EDGE('',*,*,#3327,.T.);
#4568=ORIENTED_EDGE('',*,*,#3319,.F.);
#4569=ORIENTED_EDGE('',*,*,#3328,.T.);
#4570=ORIENTED_EDGE('',*,*,#3329,.T.);
#4571=ORIENTED_EDGE('',*,*,#3330,.T.);
#4572=ORIENTED_EDGE('',*,*,#3331,.F.);
#4573=ORIENTED_EDGE('',*,*,#3325,.T.);
#4574=ORIENTED_EDGE('',*,*,#3317,.F.);
#4575=ORIENTED_EDGE('',*,*,#3332,.F.);
#4576=ORIENTED_EDGE('',*,*,#3333,.F.);
#4577=ORIENTED_EDGE('',*,*,#3328,.F.);
#4578=ORIENTED_EDGE('',*,*,#3298,.F.);
#4579=ORIENTED_EDGE('',*,*,#3334,.T.);
#4580=ORIENTED_EDGE('',*,*,#3335,.T.);
#4581=ORIENTED_EDGE('',*,*,#3332,.T.);
#4582=ORIENTED_EDGE('',*,*,#3301,.F.);
#4583=ORIENTED_EDGE('',*,*,#3336,.F.);
#4584=ORIENTED_EDGE('',*,*,#3337,.F.);
#4585=ORIENTED_EDGE('',*,*,#3334,.F.);
#4586=ORIENTED_EDGE('',*,*,#3315,.F.);
#4587=ORIENTED_EDGE('',*,*,#3338,.T.);
#4588=ORIENTED_EDGE('',*,*,#3339,.T.);
#4589=ORIENTED_EDGE('',*,*,#3336,.T.);
#4590=ORIENTED_EDGE('',*,*,#3261,.F.);
#4591=ORIENTED_EDGE('',*,*,#3340,.F.);
#4592=ORIENTED_EDGE('',*,*,#3341,.T.);
#4593=ORIENTED_EDGE('',*,*,#3342,.F.);
#4594=ORIENTED_EDGE('',*,*,#3343,.T.);
#4595=ORIENTED_EDGE('',*,*,#3338,.F.);
#4596=ORIENTED_EDGE('',*,*,#3314,.F.);
#4597=ORIENTED_EDGE('',*,*,#3344,.F.);
#4598=ORIENTED_EDGE('',*,*,#3345,.T.);
#4599=ORIENTED_EDGE('',*,*,#3346,.T.);
#4600=ORIENTED_EDGE('',*,*,#3347,.T.);
#4601=ORIENTED_EDGE('',*,*,#3348,.F.);
#4602=ORIENTED_EDGE('',*,*,#3312,.F.);
#4603=ORIENTED_EDGE('',*,*,#3349,.T.);
#4604=ORIENTED_EDGE('',*,*,#3350,.T.);
#4605=ORIENTED_EDGE('',*,*,#3344,.T.);
#4606=ORIENTED_EDGE('',*,*,#3310,.F.);
#4607=ORIENTED_EDGE('',*,*,#3351,.F.);
#4608=ORIENTED_EDGE('',*,*,#3352,.F.);
#4609=ORIENTED_EDGE('',*,*,#3349,.F.);
#4610=ORIENTED_EDGE('',*,*,#3308,.F.);
#4611=ORIENTED_EDGE('',*,*,#3353,.T.);
#4612=ORIENTED_EDGE('',*,*,#3354,.T.);
#4613=ORIENTED_EDGE('',*,*,#3351,.T.);
#4614=ORIENTED_EDGE('',*,*,#3304,.F.);
#4615=ORIENTED_EDGE('',*,*,#3355,.F.);
#4616=ORIENTED_EDGE('',*,*,#3356,.F.);
#4617=ORIENTED_EDGE('',*,*,#3357,.F.);
#4618=ORIENTED_EDGE('',*,*,#3358,.F.);
#4619=ORIENTED_EDGE('',*,*,#3359,.F.);
#4620=ORIENTED_EDGE('',*,*,#3346,.F.);
#4621=ORIENTED_EDGE('',*,*,#3360,.T.);
#4622=ORIENTED_EDGE('',*,*,#3353,.F.);
#4623=ORIENTED_EDGE('',*,*,#3322,.F.);
#4624=ORIENTED_EDGE('',*,*,#3290,.F.);
#4625=ORIENTED_EDGE('',*,*,#3361,.T.);
#4626=ORIENTED_EDGE('',*,*,#3355,.T.);
#4627=ORIENTED_EDGE('',*,*,#3362,.F.);
#4628=ORIENTED_EDGE('',*,*,#3058,.F.);
#4629=ORIENTED_EDGE('',*,*,#3033,.F.);
#4630=ORIENTED_EDGE('',*,*,#3363,.F.);
#4631=ORIENTED_EDGE('',*,*,#3364,.F.);
#4632=ORIENTED_EDGE('',*,*,#3365,.F.);
#4633=ORIENTED_EDGE('',*,*,#3366,.F.);
#4634=ORIENTED_EDGE('',*,*,#2735,.F.);
#4635=ORIENTED_EDGE('',*,*,#2785,.F.);
#4636=ORIENTED_EDGE('',*,*,#2795,.F.);
#4637=ORIENTED_EDGE('',*,*,#3126,.F.);
#4638=ORIENTED_EDGE('',*,*,#3133,.F.);
#4639=ORIENTED_EDGE('',*,*,#3367,.F.);
#4640=ORIENTED_EDGE('',*,*,#3363,.T.);
#4641=ORIENTED_EDGE('',*,*,#3066,.F.);
#4642=ORIENTED_EDGE('',*,*,#3368,.F.);
#4643=ORIENTED_EDGE('',*,*,#3121,.F.);
#4644=ORIENTED_EDGE('',*,*,#3368,.T.);
#4645=ORIENTED_EDGE('',*,*,#2998,.T.);
#4646=ORIENTED_EDGE('',*,*,#2996,.F.);
#4647=ORIENTED_EDGE('',*,*,#2947,.F.);
#4648=ORIENTED_EDGE('',*,*,#2899,.T.);
#4649=ORIENTED_EDGE('',*,*,#2941,.F.);
#4650=ORIENTED_EDGE('',*,*,#2951,.F.);
#4651=ORIENTED_EDGE('',*,*,#3369,.F.);
#4652=ORIENTED_EDGE('',*,*,#3370,.F.);
#4653=ORIENTED_EDGE('',*,*,#3371,.F.);
#4654=ORIENTED_EDGE('',*,*,#3372,.F.);
#4655=ORIENTED_EDGE('',*,*,#2875,.F.);
#4656=ORIENTED_EDGE('',*,*,#2889,.F.);
#4657=ORIENTED_EDGE('',*,*,#2868,.F.);
#4658=ORIENTED_EDGE('',*,*,#2840,.F.);
#4659=ORIENTED_EDGE('',*,*,#2791,.F.);
#4660=ORIENTED_EDGE('',*,*,#2754,.F.);
#4661=ORIENTED_EDGE('',*,*,#3320,.F.);
#4662=ORIENTED_EDGE('',*,*,#3327,.F.);
#4663=ORIENTED_EDGE('',*,*,#3373,.F.);
#4664=ORIENTED_EDGE('',*,*,#3374,.F.);
#4665=ORIENTED_EDGE('',*,*,#3375,.F.);
#4666=ORIENTED_EDGE('',*,*,#3376,.F.);
#4667=ORIENTED_EDGE('',*,*,#3248,.F.);
#4668=ORIENTED_EDGE('',*,*,#3280,.F.);
#4669=ORIENTED_EDGE('',*,*,#3284,.F.);
#4670=ORIENTED_EDGE('',*,*,#3136,.F.);
#4671=ORIENTED_EDGE('',*,*,#3191,.F.);
#4672=ORIENTED_EDGE('',*,*,#3168,.T.);
#4673=ORIENTED_EDGE('',*,*,#3207,.F.);
#4674=ORIENTED_EDGE('',*,*,#3211,.F.);
#4675=ORIENTED_EDGE('',*,*,#3377,.F.);
#4676=ORIENTED_EDGE('',*,*,#3378,.F.);
#4677=ORIENTED_EDGE('',*,*,#3379,.F.);
#4678=ORIENTED_EDGE('',*,*,#3380,.F.);
#4679=ORIENTED_EDGE('',*,*,#3097,.F.);
#4680=ORIENTED_EDGE('',*,*,#3274,.F.);
#4681=ORIENTED_EDGE('',*,*,#3381,.T.);
#4682=ORIENTED_EDGE('',*,*,#3382,.F.);
#4683=ORIENTED_EDGE('',*,*,#3383,.F.);
#4684=ORIENTED_EDGE('',*,*,#3384,.T.);
#4685=ORIENTED_EDGE('',*,*,#3383,.T.);
#4686=ORIENTED_EDGE('',*,*,#3385,.T.);
#4687=ORIENTED_EDGE('',*,*,#3286,.F.);
#4688=ORIENTED_EDGE('',*,*,#3382,.T.);
#4689=ORIENTED_EDGE('',*,*,#3386,.T.);
#4690=ORIENTED_EDGE('',*,*,#3358,.T.);
#4691=ORIENTED_EDGE('',*,*,#3387,.T.);
#4692=ORIENTED_EDGE('',*,*,#3287,.F.);
#4693=ORIENTED_EDGE('',*,*,#3385,.F.);
#4694=ORIENTED_EDGE('',*,*,#3275,.F.);
#4695=ORIENTED_EDGE('',*,*,#3384,.F.);
#4696=ORIENTED_EDGE('',*,*,#3285,.F.);
#4697=ORIENTED_EDGE('',*,*,#3270,.F.);
#4698=ORIENTED_EDGE('',*,*,#3388,.T.);
#4699=ORIENTED_EDGE('',*,*,#3389,.T.);
#4700=ORIENTED_EDGE('',*,*,#3390,.T.);
#4701=ORIENTED_EDGE('',*,*,#3272,.F.);
#4702=ORIENTED_EDGE('',*,*,#3390,.F.);
#4703=ORIENTED_EDGE('',*,*,#3391,.T.);
#4704=ORIENTED_EDGE('',*,*,#3386,.F.);
#4705=ORIENTED_EDGE('',*,*,#3381,.F.);
#4706=ORIENTED_EDGE('',*,*,#3267,.F.);
#4707=ORIENTED_EDGE('',*,*,#3392,.F.);
#4708=ORIENTED_EDGE('',*,*,#3393,.F.);
#4709=ORIENTED_EDGE('',*,*,#3388,.F.);
#4710=ORIENTED_EDGE('',*,*,#3252,.F.);
#4711=ORIENTED_EDGE('',*,*,#3394,.T.);
#4712=ORIENTED_EDGE('',*,*,#3395,.T.);
#4713=ORIENTED_EDGE('',*,*,#3396,.T.);
#4714=ORIENTED_EDGE('',*,*,#3255,.F.);
#4715=ORIENTED_EDGE('',*,*,#3396,.F.);
#4716=ORIENTED_EDGE('',*,*,#3397,.F.);
#4717=ORIENTED_EDGE('',*,*,#3398,.F.);
#4718=ORIENTED_EDGE('',*,*,#3258,.F.);
#4719=ORIENTED_EDGE('',*,*,#3398,.T.);
#4720=ORIENTED_EDGE('',*,*,#3399,.T.);
#4721=ORIENTED_EDGE('',*,*,#3340,.T.);
#4722=ORIENTED_EDGE('',*,*,#3264,.F.);
#4723=ORIENTED_EDGE('',*,*,#3348,.T.);
#4724=ORIENTED_EDGE('',*,*,#3400,.T.);
#4725=ORIENTED_EDGE('',*,*,#3392,.T.);
#4726=ORIENTED_EDGE('',*,*,#3389,.F.);
#4727=ORIENTED_EDGE('',*,*,#3393,.T.);
#4728=ORIENTED_EDGE('',*,*,#3400,.F.);
#4729=ORIENTED_EDGE('',*,*,#3347,.F.);
#4730=ORIENTED_EDGE('',*,*,#3359,.T.);
#4731=ORIENTED_EDGE('',*,*,#3391,.F.);
#4732=ORIENTED_EDGE('',*,*,#3401,.T.);
#4733=ORIENTED_EDGE('',*,*,#3402,.F.);
#4734=ORIENTED_EDGE('',*,*,#3330,.F.);
#4735=ORIENTED_EDGE('',*,*,#3403,.T.);
#4736=ORIENTED_EDGE('',*,*,#3342,.T.);
#4737=ORIENTED_EDGE('',*,*,#3404,.T.);
#4738=ORIENTED_EDGE('',*,*,#3405,.F.);
#4739=ORIENTED_EDGE('',*,*,#3406,.F.);
#4740=ORIENTED_EDGE('',*,*,#3329,.F.);
#4741=ORIENTED_EDGE('',*,*,#3333,.T.);
#4742=ORIENTED_EDGE('',*,*,#3335,.F.);
#4743=ORIENTED_EDGE('',*,*,#3337,.T.);
#4744=ORIENTED_EDGE('',*,*,#3339,.F.);
#4745=ORIENTED_EDGE('',*,*,#3343,.F.);
#4746=ORIENTED_EDGE('',*,*,#3403,.F.);
#4747=ORIENTED_EDGE('',*,*,#3407,.T.);
#4748=ORIENTED_EDGE('',*,*,#3303,.F.);
#4749=ORIENTED_EDGE('',*,*,#3408,.F.);
#4750=ORIENTED_EDGE('',*,*,#3184,.F.);
#4751=ORIENTED_EDGE('',*,*,#3409,.F.);
#4752=ORIENTED_EDGE('',*,*,#3407,.F.);
#4753=ORIENTED_EDGE('',*,*,#3410,.T.);
#4754=ORIENTED_EDGE('',*,*,#3408,.T.);
#4755=ORIENTED_EDGE('',*,*,#3410,.F.);
#4756=ORIENTED_EDGE('',*,*,#3411,.F.);
#4757=ORIENTED_EDGE('',*,*,#3412,.T.);
#4758=ORIENTED_EDGE('',*,*,#3409,.T.);
#4759=ORIENTED_EDGE('',*,*,#3412,.F.);
#4760=ORIENTED_EDGE('',*,*,#3282,.F.);
#4761=ORIENTED_EDGE('',*,*,#3413,.T.);
#4762=ORIENTED_EDGE('',*,*,#3414,.T.);
#4763=ORIENTED_EDGE('',*,*,#3413,.F.);
#4764=ORIENTED_EDGE('',*,*,#3414,.F.);
#4765=ORIENTED_EDGE('',*,*,#3415,.F.);
#4766=ORIENTED_EDGE('',*,*,#3281,.F.);
#4767=ORIENTED_EDGE('',*,*,#3416,.T.);
#4768=ORIENTED_EDGE('',*,*,#3417,.T.);
#4769=ORIENTED_EDGE('',*,*,#3416,.F.);
#4770=ORIENTED_EDGE('',*,*,#3417,.F.);
#4771=ORIENTED_EDGE('',*,*,#3418,.F.);
#4772=ORIENTED_EDGE('',*,*,#3401,.F.);
#4773=ORIENTED_EDGE('',*,*,#3419,.T.);
#4774=ORIENTED_EDGE('',*,*,#3418,.T.);
#4775=ORIENTED_EDGE('',*,*,#3419,.F.);
#4776=ORIENTED_EDGE('',*,*,#3420,.F.);
#4777=ORIENTED_EDGE('',*,*,#3421,.T.);
#4778=ORIENTED_EDGE('',*,*,#3415,.T.);
#4779=ORIENTED_EDGE('',*,*,#3421,.F.);
#4780=ORIENTED_EDGE('',*,*,#3395,.F.);
#4781=ORIENTED_EDGE('',*,*,#3422,.T.);
#4782=ORIENTED_EDGE('',*,*,#3404,.F.);
#4783=ORIENTED_EDGE('',*,*,#3341,.F.);
#4784=ORIENTED_EDGE('',*,*,#3399,.F.);
#4785=ORIENTED_EDGE('',*,*,#3397,.T.);
#4786=ORIENTED_EDGE('',*,*,#3420,.T.);
#4787=ORIENTED_EDGE('',*,*,#3352,.T.);
#4788=ORIENTED_EDGE('',*,*,#3354,.F.);
#4789=ORIENTED_EDGE('',*,*,#3360,.F.);
#4790=ORIENTED_EDGE('',*,*,#3345,.F.);
#4791=ORIENTED_EDGE('',*,*,#3350,.F.);
#4792=ORIENTED_EDGE('',*,*,#3411,.T.);
#4793=ORIENTED_EDGE('',*,*,#3357,.T.);
#4794=ORIENTED_EDGE('',*,*,#3423,.F.);
#4795=ORIENTED_EDGE('',*,*,#3288,.F.);
#4796=ORIENTED_EDGE('',*,*,#3387,.F.);
#4797=ORIENTED_EDGE('',*,*,#3249,.F.);
#4798=ORIENTED_EDGE('',*,*,#3376,.T.);
#4799=ORIENTED_EDGE('',*,*,#3424,.T.);
#4800=ORIENTED_EDGE('',*,*,#3422,.F.);
#4801=ORIENTED_EDGE('',*,*,#3394,.F.);
#4802=ORIENTED_EDGE('',*,*,#3373,.T.);
#4803=ORIENTED_EDGE('',*,*,#3326,.F.);
#4804=ORIENTED_EDGE('',*,*,#3331,.T.);
#4805=ORIENTED_EDGE('',*,*,#3402,.T.);
#4806=ORIENTED_EDGE('',*,*,#3425,.T.);
#4807=ORIENTED_EDGE('',*,*,#3356,.T.);
#4808=ORIENTED_EDGE('',*,*,#3361,.F.);
#4809=ORIENTED_EDGE('',*,*,#3289,.F.);
#4810=ORIENTED_EDGE('',*,*,#3423,.T.);
#4811=ORIENTED_EDGE('',*,*,#3374,.T.);
#4812=ORIENTED_EDGE('',*,*,#3425,.F.);
#4813=ORIENTED_EDGE('',*,*,#3406,.T.);
#4814=ORIENTED_EDGE('',*,*,#3426,.F.);
#4815=ORIENTED_EDGE('',*,*,#3375,.T.);
#4816=ORIENTED_EDGE('',*,*,#3426,.T.);
#4817=ORIENTED_EDGE('',*,*,#3405,.T.);
#4818=ORIENTED_EDGE('',*,*,#3424,.F.);
#4819=ORIENTED_EDGE('',*,*,#3038,.T.);
#4820=ORIENTED_EDGE('',*,*,#3427,.T.);
#4821=ORIENTED_EDGE('',*,*,#2992,.F.);
#4822=ORIENTED_EDGE('',*,*,#3037,.T.);
#4823=ORIENTED_EDGE('',*,*,#3042,.T.);
#4824=ORIENTED_EDGE('',*,*,#2983,.T.);
#4825=ORIENTED_EDGE('',*,*,#3428,.T.);
#4826=ORIENTED_EDGE('',*,*,#2993,.F.);
#4827=ORIENTED_EDGE('',*,*,#3427,.F.);
#4828=ORIENTED_EDGE('',*,*,#3004,.F.);
#4829=ORIENTED_EDGE('',*,*,#3039,.F.);
#4830=ORIENTED_EDGE('',*,*,#2991,.F.);
#4831=ORIENTED_EDGE('',*,*,#3044,.F.);
#4832=ORIENTED_EDGE('',*,*,#3046,.T.);
#4833=ORIENTED_EDGE('',*,*,#3047,.F.);
#4834=ORIENTED_EDGE('',*,*,#2967,.F.);
#4835=ORIENTED_EDGE('',*,*,#2984,.T.);
#4836=ORIENTED_EDGE('',*,*,#3041,.F.);
#4837=ORIENTED_EDGE('',*,*,#3429,.T.);
#4838=ORIENTED_EDGE('',*,*,#3430,.F.);
#4839=ORIENTED_EDGE('',*,*,#2954,.F.);
#4840=ORIENTED_EDGE('',*,*,#3431,.T.);
#4841=ORIENTED_EDGE('',*,*,#2972,.T.);
#4842=ORIENTED_EDGE('',*,*,#3432,.T.);
#4843=ORIENTED_EDGE('',*,*,#3433,.F.);
#4844=ORIENTED_EDGE('',*,*,#3434,.F.);
#4845=ORIENTED_EDGE('',*,*,#2953,.F.);
#4846=ORIENTED_EDGE('',*,*,#2957,.T.);
#4847=ORIENTED_EDGE('',*,*,#2959,.F.);
#4848=ORIENTED_EDGE('',*,*,#2961,.T.);
#4849=ORIENTED_EDGE('',*,*,#2963,.F.);
#4850=ORIENTED_EDGE('',*,*,#2973,.F.);
#4851=ORIENTED_EDGE('',*,*,#3431,.F.);
#4852=ORIENTED_EDGE('',*,*,#3435,.T.);
#4853=ORIENTED_EDGE('',*,*,#2924,.F.);
#4854=ORIENTED_EDGE('',*,*,#3436,.F.);
#4855=ORIENTED_EDGE('',*,*,#2912,.F.);
#4856=ORIENTED_EDGE('',*,*,#3437,.F.);
#4857=ORIENTED_EDGE('',*,*,#3435,.F.);
#4858=ORIENTED_EDGE('',*,*,#3438,.T.);
#4859=ORIENTED_EDGE('',*,*,#3436,.T.);
#4860=ORIENTED_EDGE('',*,*,#3438,.F.);
#4861=ORIENTED_EDGE('',*,*,#3439,.F.);
#4862=ORIENTED_EDGE('',*,*,#3440,.T.);
#4863=ORIENTED_EDGE('',*,*,#3437,.T.);
#4864=ORIENTED_EDGE('',*,*,#3440,.F.);
#4865=ORIENTED_EDGE('',*,*,#3070,.F.);
#4866=ORIENTED_EDGE('',*,*,#3441,.F.);
#4867=ORIENTED_EDGE('',*,*,#3068,.F.);
#4868=ORIENTED_EDGE('',*,*,#3442,.F.);
#4869=ORIENTED_EDGE('',*,*,#3429,.F.);
#4870=ORIENTED_EDGE('',*,*,#3443,.T.);
#4871=ORIENTED_EDGE('',*,*,#3442,.T.);
#4872=ORIENTED_EDGE('',*,*,#3443,.F.);
#4873=ORIENTED_EDGE('',*,*,#3444,.F.);
#4874=ORIENTED_EDGE('',*,*,#3445,.T.);
#4875=ORIENTED_EDGE('',*,*,#3441,.T.);
#4876=ORIENTED_EDGE('',*,*,#3445,.F.);
#4877=ORIENTED_EDGE('',*,*,#3057,.F.);
#4878=ORIENTED_EDGE('',*,*,#3060,.T.);
#4879=ORIENTED_EDGE('',*,*,#3432,.F.);
#4880=ORIENTED_EDGE('',*,*,#2971,.F.);
#4881=ORIENTED_EDGE('',*,*,#3049,.F.);
#4882=ORIENTED_EDGE('',*,*,#3051,.T.);
#4883=ORIENTED_EDGE('',*,*,#3444,.T.);
#4884=ORIENTED_EDGE('',*,*,#2977,.T.);
#4885=ORIENTED_EDGE('',*,*,#2979,.F.);
#4886=ORIENTED_EDGE('',*,*,#2985,.F.);
#4887=ORIENTED_EDGE('',*,*,#2965,.F.);
#4888=ORIENTED_EDGE('',*,*,#2975,.F.);
#4889=ORIENTED_EDGE('',*,*,#3439,.T.);
#4890=ORIENTED_EDGE('',*,*,#2982,.T.);
#4891=ORIENTED_EDGE('',*,*,#3446,.F.);
#4892=ORIENTED_EDGE('',*,*,#2994,.F.);
#4893=ORIENTED_EDGE('',*,*,#3428,.F.);
#4894=ORIENTED_EDGE('',*,*,#3369,.T.);
#4895=ORIENTED_EDGE('',*,*,#2950,.F.);
#4896=ORIENTED_EDGE('',*,*,#2955,.T.);
#4897=ORIENTED_EDGE('',*,*,#3430,.T.);
#4898=ORIENTED_EDGE('',*,*,#3447,.T.);
#4899=ORIENTED_EDGE('',*,*,#2981,.T.);
#4900=ORIENTED_EDGE('',*,*,#2987,.F.);
#4901=ORIENTED_EDGE('',*,*,#2995,.F.);
#4902=ORIENTED_EDGE('',*,*,#3446,.T.);
#4903=ORIENTED_EDGE('',*,*,#3362,.T.);
#4904=ORIENTED_EDGE('',*,*,#3448,.T.);
#4905=ORIENTED_EDGE('',*,*,#3433,.T.);
#4906=ORIENTED_EDGE('',*,*,#3059,.F.);
#4907=ORIENTED_EDGE('',*,*,#2709,.T.);
#4908=ORIENTED_EDGE('',*,*,#3449,.T.);
#4909=ORIENTED_EDGE('',*,*,#2836,.F.);
#4910=ORIENTED_EDGE('',*,*,#2708,.T.);
#4911=ORIENTED_EDGE('',*,*,#3450,.T.);
#4912=ORIENTED_EDGE('',*,*,#2827,.T.);
#4913=ORIENTED_EDGE('',*,*,#3451,.T.);
#4914=ORIENTED_EDGE('',*,*,#2837,.F.);
#4915=ORIENTED_EDGE('',*,*,#3449,.F.);
#4916=ORIENTED_EDGE('',*,*,#2705,.F.);
#4917=ORIENTED_EDGE('',*,*,#2710,.F.);
#4918=ORIENTED_EDGE('',*,*,#2835,.F.);
#4919=ORIENTED_EDGE('',*,*,#2872,.F.);
#4920=ORIENTED_EDGE('',*,*,#2888,.T.);
#4921=ORIENTED_EDGE('',*,*,#2887,.F.);
#4922=ORIENTED_EDGE('',*,*,#3452,.T.);
#4923=ORIENTED_EDGE('',*,*,#3453,.T.);
#4924=ORIENTED_EDGE('',*,*,#3454,.T.);
#4925=ORIENTED_EDGE('',*,*,#2713,.F.);
#4926=ORIENTED_EDGE('',*,*,#3454,.F.);
#4927=ORIENTED_EDGE('',*,*,#3455,.T.);
#4928=ORIENTED_EDGE('',*,*,#3450,.F.);
#4929=ORIENTED_EDGE('',*,*,#2707,.F.);
#4930=ORIENTED_EDGE('',*,*,#2850,.F.);
#4931=ORIENTED_EDGE('',*,*,#3456,.F.);
#4932=ORIENTED_EDGE('',*,*,#3457,.F.);
#4933=ORIENTED_EDGE('',*,*,#3452,.F.);
#4934=ORIENTED_EDGE('',*,*,#2878,.F.);
#4935=ORIENTED_EDGE('',*,*,#3458,.T.);
#4936=ORIENTED_EDGE('',*,*,#3459,.T.);
#4937=ORIENTED_EDGE('',*,*,#3460,.T.);
#4938=ORIENTED_EDGE('',*,*,#2863,.F.);
#4939=ORIENTED_EDGE('',*,*,#3460,.F.);
#4940=ORIENTED_EDGE('',*,*,#3461,.F.);
#4941=ORIENTED_EDGE('',*,*,#3462,.F.);
#4942=ORIENTED_EDGE('',*,*,#2881,.F.);
#4943=ORIENTED_EDGE('',*,*,#3462,.T.);
#4944=ORIENTED_EDGE('',*,*,#3463,.T.);
#4945=ORIENTED_EDGE('',*,*,#2814,.T.);
#4946=ORIENTED_EDGE('',*,*,#2885,.F.);
#4947=ORIENTED_EDGE('',*,*,#2812,.T.);
#4948=ORIENTED_EDGE('',*,*,#3464,.T.);
#4949=ORIENTED_EDGE('',*,*,#3456,.T.);
#4950=ORIENTED_EDGE('',*,*,#3453,.F.);
#4951=ORIENTED_EDGE('',*,*,#3457,.T.);
#4952=ORIENTED_EDGE('',*,*,#3464,.F.);
#4953=ORIENTED_EDGE('',*,*,#2811,.F.);
#4954=ORIENTED_EDGE('',*,*,#2828,.T.);
#4955=ORIENTED_EDGE('',*,*,#3455,.F.);
#4956=ORIENTED_EDGE('',*,*,#3465,.T.);
#4957=ORIENTED_EDGE('',*,*,#3466,.F.);
#4958=ORIENTED_EDGE('',*,*,#2798,.F.);
#4959=ORIENTED_EDGE('',*,*,#3467,.T.);
#4960=ORIENTED_EDGE('',*,*,#2816,.T.);
#4961=ORIENTED_EDGE('',*,*,#3468,.T.);
#4962=ORIENTED_EDGE('',*,*,#3469,.F.);
#4963=ORIENTED_EDGE('',*,*,#3470,.F.);
#4964=ORIENTED_EDGE('',*,*,#2797,.F.);
#4965=ORIENTED_EDGE('',*,*,#2801,.T.);
#4966=ORIENTED_EDGE('',*,*,#2803,.F.);
#4967=ORIENTED_EDGE('',*,*,#2805,.T.);
#4968=ORIENTED_EDGE('',*,*,#2807,.F.);
#4969=ORIENTED_EDGE('',*,*,#2817,.F.);
#4970=ORIENTED_EDGE('',*,*,#3467,.F.);
#4971=ORIENTED_EDGE('',*,*,#3471,.T.);
#4972=ORIENTED_EDGE('',*,*,#2726,.F.);
#4973=ORIENTED_EDGE('',*,*,#3472,.F.);
#4974=ORIENTED_EDGE('',*,*,#2766,.F.);
#4975=ORIENTED_EDGE('',*,*,#3473,.F.);
#4976=ORIENTED_EDGE('',*,*,#3471,.F.);
#4977=ORIENTED_EDGE('',*,*,#3474,.T.);
#4978=ORIENTED_EDGE('',*,*,#3472,.T.);
#4979=ORIENTED_EDGE('',*,*,#3474,.F.);
#4980=ORIENTED_EDGE('',*,*,#3475,.F.);
#4981=ORIENTED_EDGE('',*,*,#3476,.T.);
#4982=ORIENTED_EDGE('',*,*,#3473,.T.);
#4983=ORIENTED_EDGE('',*,*,#3476,.F.);
#4984=ORIENTED_EDGE('',*,*,#2867,.F.);
#4985=ORIENTED_EDGE('',*,*,#3477,.F.);
#4986=ORIENTED_EDGE('',*,*,#2854,.F.);
#4987=ORIENTED_EDGE('',*,*,#3478,.F.);
#4988=ORIENTED_EDGE('',*,*,#3465,.F.);
#4989=ORIENTED_EDGE('',*,*,#3479,.T.);
#4990=ORIENTED_EDGE('',*,*,#3478,.T.);
#4991=ORIENTED_EDGE('',*,*,#3479,.F.);
#4992=ORIENTED_EDGE('',*,*,#3480,.F.);
#4993=ORIENTED_EDGE('',*,*,#3481,.T.);
#4994=ORIENTED_EDGE('',*,*,#3477,.T.);
#4995=ORIENTED_EDGE('',*,*,#3481,.F.);
#4996=ORIENTED_EDGE('',*,*,#3459,.F.);
#4997=ORIENTED_EDGE('',*,*,#3482,.T.);
#4998=ORIENTED_EDGE('',*,*,#3468,.F.);
#4999=ORIENTED_EDGE('',*,*,#2815,.F.);
#5000=ORIENTED_EDGE('',*,*,#3463,.F.);
#5001=ORIENTED_EDGE('',*,*,#3461,.T.);
#5002=ORIENTED_EDGE('',*,*,#3480,.T.);
#5003=ORIENTED_EDGE('',*,*,#2821,.T.);
#5004=ORIENTED_EDGE('',*,*,#2823,.F.);
#5005=ORIENTED_EDGE('',*,*,#2829,.F.);
#5006=ORIENTED_EDGE('',*,*,#2809,.F.);
#5007=ORIENTED_EDGE('',*,*,#2819,.F.);
#5008=ORIENTED_EDGE('',*,*,#3475,.T.);
#5009=ORIENTED_EDGE('',*,*,#2826,.T.);
#5010=ORIENTED_EDGE('',*,*,#3483,.F.);
#5011=ORIENTED_EDGE('',*,*,#2838,.F.);
#5012=ORIENTED_EDGE('',*,*,#3451,.F.);
#5013=ORIENTED_EDGE('',*,*,#2876,.F.);
#5014=ORIENTED_EDGE('',*,*,#3372,.T.);
#5015=ORIENTED_EDGE('',*,*,#3484,.T.);
#5016=ORIENTED_EDGE('',*,*,#3482,.F.);
#5017=ORIENTED_EDGE('',*,*,#3458,.F.);
#5018=ORIENTED_EDGE('',*,*,#3365,.T.);
#5019=ORIENTED_EDGE('',*,*,#2794,.F.);
#5020=ORIENTED_EDGE('',*,*,#2799,.T.);
#5021=ORIENTED_EDGE('',*,*,#3466,.T.);
#5022=ORIENTED_EDGE('',*,*,#3485,.T.);
#5023=ORIENTED_EDGE('',*,*,#2825,.T.);
#5024=ORIENTED_EDGE('',*,*,#2831,.F.);
#5025=ORIENTED_EDGE('',*,*,#2839,.F.);
#5026=ORIENTED_EDGE('',*,*,#3483,.T.);
#5027=ORIENTED_EDGE('',*,*,#3485,.F.);
#5028=ORIENTED_EDGE('',*,*,#3470,.T.);
#5029=ORIENTED_EDGE('',*,*,#3486,.F.);
#5030=ORIENTED_EDGE('',*,*,#3370,.T.);
#5031=ORIENTED_EDGE('',*,*,#3447,.F.);
#5032=ORIENTED_EDGE('',*,*,#3434,.T.);
#5033=ORIENTED_EDGE('',*,*,#3448,.F.);
#5034=ORIENTED_EDGE('',*,*,#3364,.T.);
#5035=ORIENTED_EDGE('',*,*,#3367,.T.);
#5036=ORIENTED_EDGE('',*,*,#3132,.F.);
#5037=ORIENTED_EDGE('',*,*,#2736,.F.);
#5038=ORIENTED_EDGE('',*,*,#3366,.T.);
#5039=ORIENTED_EDGE('',*,*,#3371,.T.);
#5040=ORIENTED_EDGE('',*,*,#3486,.T.);
#5041=ORIENTED_EDGE('',*,*,#3469,.T.);
#5042=ORIENTED_EDGE('',*,*,#3484,.F.);
#5043=ORIENTED_EDGE('',*,*,#3124,.T.);
#5044=ORIENTED_EDGE('',*,*,#3487,.T.);
#5045=ORIENTED_EDGE('',*,*,#3141,.F.);
#5046=ORIENTED_EDGE('',*,*,#3123,.T.);
#5047=ORIENTED_EDGE('',*,*,#3488,.T.);
#5048=ORIENTED_EDGE('',*,*,#3242,.T.);
#5049=ORIENTED_EDGE('',*,*,#3489,.T.);
#5050=ORIENTED_EDGE('',*,*,#3142,.F.);
#5051=ORIENTED_EDGE('',*,*,#3487,.F.);
#5052=ORIENTED_EDGE('',*,*,#3140,.F.);
#5053=ORIENTED_EDGE('',*,*,#3118,.T.);
#5054=ORIENTED_EDGE('',*,*,#3125,.F.);
#5055=ORIENTED_EDGE('',*,*,#3113,.F.);
#5056=ORIENTED_EDGE('',*,*,#3490,.T.);
#5057=ORIENTED_EDGE('',*,*,#3491,.T.);
#5058=ORIENTED_EDGE('',*,*,#3492,.T.);
#5059=ORIENTED_EDGE('',*,*,#3116,.F.);
#5060=ORIENTED_EDGE('',*,*,#3492,.F.);
#5061=ORIENTED_EDGE('',*,*,#3493,.T.);
#5062=ORIENTED_EDGE('',*,*,#3488,.F.);
#5063=ORIENTED_EDGE('',*,*,#3122,.F.);
#5064=ORIENTED_EDGE('',*,*,#3092,.F.);
#5065=ORIENTED_EDGE('',*,*,#3494,.F.);
#5066=ORIENTED_EDGE('',*,*,#3495,.F.);
#5067=ORIENTED_EDGE('',*,*,#3490,.F.);
#5068=ORIENTED_EDGE('',*,*,#3102,.F.);
#5069=ORIENTED_EDGE('',*,*,#3496,.T.);
#5070=ORIENTED_EDGE('',*,*,#3497,.T.);
#5071=ORIENTED_EDGE('',*,*,#3498,.T.);
#5072=ORIENTED_EDGE('',*,*,#3079,.F.);
#5073=ORIENTED_EDGE('',*,*,#3498,.F.);
#5074=ORIENTED_EDGE('',*,*,#3499,.F.);
#5075=ORIENTED_EDGE('',*,*,#3500,.F.);
#5076=ORIENTED_EDGE('',*,*,#3105,.F.);
#5077=ORIENTED_EDGE('',*,*,#3500,.T.);
#5078=ORIENTED_EDGE('',*,*,#3501,.T.);
#5079=ORIENTED_EDGE('',*,*,#3224,.T.);
#5080=ORIENTED_EDGE('',*,*,#3110,.F.);
#5081=ORIENTED_EDGE('',*,*,#3232,.T.);
#5082=ORIENTED_EDGE('',*,*,#3502,.T.);
#5083=ORIENTED_EDGE('',*,*,#3494,.T.);
#5084=ORIENTED_EDGE('',*,*,#3491,.F.);
#5085=ORIENTED_EDGE('',*,*,#3495,.T.);
#5086=ORIENTED_EDGE('',*,*,#3502,.F.);
#5087=ORIENTED_EDGE('',*,*,#3231,.F.);
#5088=ORIENTED_EDGE('',*,*,#3243,.T.);
#5089=ORIENTED_EDGE('',*,*,#3493,.F.);
#5090=ORIENTED_EDGE('',*,*,#3503,.T.);
#5091=ORIENTED_EDGE('',*,*,#3504,.F.);
#5092=ORIENTED_EDGE('',*,*,#3214,.F.);
#5093=ORIENTED_EDGE('',*,*,#3505,.T.);
#5094=ORIENTED_EDGE('',*,*,#3226,.T.);
#5095=ORIENTED_EDGE('',*,*,#3506,.T.);
#5096=ORIENTED_EDGE('',*,*,#3507,.F.);
#5097=ORIENTED_EDGE('',*,*,#3508,.F.);
#5098=ORIENTED_EDGE('',*,*,#3213,.F.);
#5099=ORIENTED_EDGE('',*,*,#3217,.T.);
#5100=ORIENTED_EDGE('',*,*,#3219,.F.);
#5101=ORIENTED_EDGE('',*,*,#3221,.T.);
#5102=ORIENTED_EDGE('',*,*,#3223,.F.);
#5103=ORIENTED_EDGE('',*,*,#3227,.F.);
#5104=ORIENTED_EDGE('',*,*,#3505,.F.);
#5105=ORIENTED_EDGE('',*,*,#3509,.T.);
#5106=ORIENTED_EDGE('',*,*,#3159,.F.);
#5107=ORIENTED_EDGE('',*,*,#3510,.F.);
#5108=ORIENTED_EDGE('',*,*,#3179,.F.);
#5109=ORIENTED_EDGE('',*,*,#3511,.F.);
#5110=ORIENTED_EDGE('',*,*,#3509,.F.);
#5111=ORIENTED_EDGE('',*,*,#3512,.T.);
#5112=ORIENTED_EDGE('',*,*,#3510,.T.);
#5113=ORIENTED_EDGE('',*,*,#3512,.F.);
#5114=ORIENTED_EDGE('',*,*,#3513,.F.);
#5115=ORIENTED_EDGE('',*,*,#3514,.T.);
#5116=ORIENTED_EDGE('',*,*,#3511,.T.);
#5117=ORIENTED_EDGE('',*,*,#3514,.F.);
#5118=ORIENTED_EDGE('',*,*,#3083,.F.);
#5119=ORIENTED_EDGE('',*,*,#3515,.F.);
#5120=ORIENTED_EDGE('',*,*,#3096,.F.);
#5121=ORIENTED_EDGE('',*,*,#3516,.F.);
#5122=ORIENTED_EDGE('',*,*,#3503,.F.);
#5123=ORIENTED_EDGE('',*,*,#3517,.T.);
#5124=ORIENTED_EDGE('',*,*,#3516,.T.);
#5125=ORIENTED_EDGE('',*,*,#3517,.F.);
#5126=ORIENTED_EDGE('',*,*,#3518,.F.);
#5127=ORIENTED_EDGE('',*,*,#3519,.T.);
#5128=ORIENTED_EDGE('',*,*,#3515,.T.);
#5129=ORIENTED_EDGE('',*,*,#3519,.F.);
#5130=ORIENTED_EDGE('',*,*,#3497,.F.);
#5131=ORIENTED_EDGE('',*,*,#3520,.T.);
#5132=ORIENTED_EDGE('',*,*,#3506,.F.);
#5133=ORIENTED_EDGE('',*,*,#3225,.F.);
#5134=ORIENTED_EDGE('',*,*,#3501,.F.);
#5135=ORIENTED_EDGE('',*,*,#3499,.T.);
#5136=ORIENTED_EDGE('',*,*,#3518,.T.);
#5137=ORIENTED_EDGE('',*,*,#3236,.T.);
#5138=ORIENTED_EDGE('',*,*,#3238,.F.);
#5139=ORIENTED_EDGE('',*,*,#3244,.F.);
#5140=ORIENTED_EDGE('',*,*,#3229,.F.);
#5141=ORIENTED_EDGE('',*,*,#3234,.F.);
#5142=ORIENTED_EDGE('',*,*,#3513,.T.);
#5143=ORIENTED_EDGE('',*,*,#3241,.T.);
#5144=ORIENTED_EDGE('',*,*,#3521,.F.);
#5145=ORIENTED_EDGE('',*,*,#3143,.F.);
#5146=ORIENTED_EDGE('',*,*,#3489,.F.);
#5147=ORIENTED_EDGE('',*,*,#3098,.F.);
#5148=ORIENTED_EDGE('',*,*,#3380,.T.);
#5149=ORIENTED_EDGE('',*,*,#3522,.T.);
#5150=ORIENTED_EDGE('',*,*,#3520,.F.);
#5151=ORIENTED_EDGE('',*,*,#3496,.F.);
#5152=ORIENTED_EDGE('',*,*,#3377,.T.);
#5153=ORIENTED_EDGE('',*,*,#3210,.F.);
#5154=ORIENTED_EDGE('',*,*,#3215,.T.);
#5155=ORIENTED_EDGE('',*,*,#3504,.T.);
#5156=ORIENTED_EDGE('',*,*,#3523,.T.);
#5157=ORIENTED_EDGE('',*,*,#3240,.T.);
#5158=ORIENTED_EDGE('',*,*,#3245,.F.);
#5159=ORIENTED_EDGE('',*,*,#3144,.F.);
#5160=ORIENTED_EDGE('',*,*,#3521,.T.);
#5161=ORIENTED_EDGE('',*,*,#3378,.T.);
#5162=ORIENTED_EDGE('',*,*,#3523,.F.);
#5163=ORIENTED_EDGE('',*,*,#3508,.T.);
#5164=ORIENTED_EDGE('',*,*,#3524,.F.);
#5165=ORIENTED_EDGE('',*,*,#3379,.T.);
#5166=ORIENTED_EDGE('',*,*,#3524,.T.);
#5167=ORIENTED_EDGE('',*,*,#3507,.T.);
#5168=ORIENTED_EDGE('',*,*,#3522,.F.);
#5169=CYLINDRICAL_SURFACE('',#5631,0.6);
#5170=CYLINDRICAL_SURFACE('',#5635,0.6);
#5171=CYLINDRICAL_SURFACE('',#5643,0.6);
#5172=CYLINDRICAL_SURFACE('',#5646,1.75);
#5173=CYLINDRICAL_SURFACE('',#5667,1.75);
#5174=CYLINDRICAL_SURFACE('',#5669,0.6);
#5175=CYLINDRICAL_SURFACE('',#5675,0.6);
#5176=CYLINDRICAL_SURFACE('',#5680,0.6);
#5177=CYLINDRICAL_SURFACE('',#5687,0.6);
#5178=CYLINDRICAL_SURFACE('',#5692,0.6);
#5179=CYLINDRICAL_SURFACE('',#5694,0.6);
#5180=CYLINDRICAL_SURFACE('',#5696,0.6);
#5181=CYLINDRICAL_SURFACE('',#5698,0.6);
#5182=CYLINDRICAL_SURFACE('',#5701,4.);
#5183=CYLINDRICAL_SURFACE('',#5705,4.);
#5184=CYLINDRICAL_SURFACE('',#5708,4.);
#5185=CYLINDRICAL_SURFACE('',#5711,4.);
#5186=CYLINDRICAL_SURFACE('',#5714,4.);
#5187=CYLINDRICAL_SURFACE('',#5726,0.6);
#5188=CYLINDRICAL_SURFACE('',#5729,1.75);
#5189=CYLINDRICAL_SURFACE('',#5737,0.6);
#5190=CYLINDRICAL_SURFACE('',#5740,1.75);
#5191=CYLINDRICAL_SURFACE('',#5742,0.6);
#5192=CYLINDRICAL_SURFACE('',#5745,0.6);
#5193=CYLINDRICAL_SURFACE('',#5747,0.6);
#5194=CYLINDRICAL_SURFACE('',#5757,0.6);
#5195=CYLINDRICAL_SURFACE('',#5779,1.75);
#5196=CYLINDRICAL_SURFACE('',#5789,0.6);
#5197=CYLINDRICAL_SURFACE('',#5791,1.75);
#5198=CYLINDRICAL_SURFACE('',#5793,0.6);
#5199=CYLINDRICAL_SURFACE('',#5799,0.6);
#5200=CYLINDRICAL_SURFACE('',#5804,0.6);
#5201=CYLINDRICAL_SURFACE('',#5808,0.6);
#5202=CYLINDRICAL_SURFACE('',#5813,0.6);
#5203=CYLINDRICAL_SURFACE('',#5815,0.6);
#5204=CYLINDRICAL_SURFACE('',#5817,0.6);
#5205=CYLINDRICAL_SURFACE('',#5819,0.6);
#5206=CYLINDRICAL_SURFACE('',#5822,4.);
#5207=CYLINDRICAL_SURFACE('',#5826,4.);
#5208=CYLINDRICAL_SURFACE('',#5829,4.);
#5209=CYLINDRICAL_SURFACE('',#5832,4.);
#5210=CYLINDRICAL_SURFACE('',#5835,4.);
#5211=CYLINDRICAL_SURFACE('',#5842,0.6);
#5212=CYLINDRICAL_SURFACE('',#5845,0.6);
#5213=CYLINDRICAL_SURFACE('',#5848,0.6);
#5214=CYLINDRICAL_SURFACE('',#5854,0.6);
#5215=CYLINDRICAL_SURFACE('',#5860,0.6);
#5216=CYLINDRICAL_SURFACE('',#5866,0.6);
#5217=CYLINDRICAL_SURFACE('',#5872,0.6);
#5218=CYLINDRICAL_SURFACE('',#5876,2.);
#5219=CYLINDRICAL_SURFACE('',#5879,2.);
#5220=CYLINDRICAL_SURFACE('',#5881,2.);
#5221=CYLINDRICAL_SURFACE('',#5889,2.);
#5222=CYLINDRICAL_SURFACE('',#5899,1.75);
#5223=CYLINDRICAL_SURFACE('',#5901,1.75);
#5224=CYLINDRICAL_SURFACE('',#5909,0.6);
#5225=CYLINDRICAL_SURFACE('',#5912,1.75);
#5226=CYLINDRICAL_SURFACE('',#5919,0.6);
#5227=CYLINDRICAL_SURFACE('',#5922,1.75);
#5228=CYLINDRICAL_SURFACE('',#5924,0.6);
#5229=CYLINDRICAL_SURFACE('',#5934,0.6);
#5230=CYLINDRICAL_SURFACE('',#5943,0.6);
#5231=CYLINDRICAL_SURFACE('',#5947,0.6);
#5232=CYLINDRICAL_SURFACE('',#5960,0.6);
#5233=CYLINDRICAL_SURFACE('',#5963,1.75);
#5234=CYLINDRICAL_SURFACE('',#5976,1.75);
#5235=CYLINDRICAL_SURFACE('',#5982,1.75);
#5236=CYLINDRICAL_SURFACE('',#5984,0.6);
#5237=CYLINDRICAL_SURFACE('',#5987,0.6);
#5238=CYLINDRICAL_SURFACE('',#5989,0.6);
#5239=CYLINDRICAL_SURFACE('',#5991,0.6);
#5240=CYLINDRICAL_SURFACE('',#5996,0.6);
#5241=CYLINDRICAL_SURFACE('',#6001,0.6);
#5242=CYLINDRICAL_SURFACE('',#6008,0.6);
#5243=CYLINDRICAL_SURFACE('',#6013,0.6);
#5244=CYLINDRICAL_SURFACE('',#6016,4.);
#5245=CYLINDRICAL_SURFACE('',#6020,4.);
#5246=CYLINDRICAL_SURFACE('',#6023,4.);
#5247=CYLINDRICAL_SURFACE('',#6026,4.);
#5248=CYLINDRICAL_SURFACE('',#6029,4.);
#5249=CYLINDRICAL_SURFACE('',#6033,0.6);
#5250=CYLINDRICAL_SURFACE('',#6040,0.6);
#5251=CYLINDRICAL_SURFACE('',#6046,0.6);
#5252=CYLINDRICAL_SURFACE('',#6052,0.6);
#5253=CYLINDRICAL_SURFACE('',#6058,0.6);
#5254=CYLINDRICAL_SURFACE('',#6060,0.6);
#5255=CYLINDRICAL_SURFACE('',#6066,0.6);
#5256=CYLINDRICAL_SURFACE('',#6078,0.6);
#5257=CYLINDRICAL_SURFACE('',#6080,1.75);
#5258=CYLINDRICAL_SURFACE('',#6082,0.6);
#5259=CYLINDRICAL_SURFACE('',#6088,0.6);
#5260=CYLINDRICAL_SURFACE('',#6093,0.6);
#5261=CYLINDRICAL_SURFACE('',#6097,0.6);
#5262=CYLINDRICAL_SURFACE('',#6102,0.6);
#5263=CYLINDRICAL_SURFACE('',#6104,0.6);
#5264=CYLINDRICAL_SURFACE('',#6106,0.6);
#5265=CYLINDRICAL_SURFACE('',#6108,0.6);
#5266=CYLINDRICAL_SURFACE('',#6110,4.);
#5267=CYLINDRICAL_SURFACE('',#6114,4.);
#5268=CYLINDRICAL_SURFACE('',#6117,4.);
#5269=CYLINDRICAL_SURFACE('',#6120,4.);
#5270=CYLINDRICAL_SURFACE('',#6123,4.);
#5271=CYLINDRICAL_SURFACE('',#6135,2.);
#5272=CYLINDRICAL_SURFACE('',#6139,2.);
#5273=CYLINDRICAL_SURFACE('',#6142,2.);
#5274=CYLINDRICAL_SURFACE('',#6144,2.);
#5275=CYLINDRICAL_SURFACE('',#6155,1.000000000002);
#5276=CYLINDRICAL_SURFACE('',#6156,1.000000000002);
#5277=CYLINDRICAL_SURFACE('',#6158,1.75);
#5278=CYLINDRICAL_SURFACE('',#6162,1.75);
#5279=CYLINDRICAL_SURFACE('',#6166,0.999999999999996);
#5280=CYLINDRICAL_SURFACE('',#6167,0.999999999999996);
#5281=CYLINDRICAL_SURFACE('',#6189,1.000000000002);
#5282=CYLINDRICAL_SURFACE('',#6190,1.000000000002);
#5283=CYLINDRICAL_SURFACE('',#6196,0.999999999999996);
#5284=CYLINDRICAL_SURFACE('',#6197,0.999999999999996);
#5285=CYLINDRICAL_SURFACE('',#6208,2.);
#5286=CYLINDRICAL_SURFACE('',#6212,2.);
#5287=CYLINDRICAL_SURFACE('',#6215,2.);
#5288=CYLINDRICAL_SURFACE('',#6217,2.);
#5289=CYLINDRICAL_SURFACE('',#6228,1.000000000002);
#5290=CYLINDRICAL_SURFACE('',#6229,1.000000000002);
#5291=CYLINDRICAL_SURFACE('',#6235,0.999999999999996);
#5292=CYLINDRICAL_SURFACE('',#6236,0.999999999999996);
#5293=CYLINDRICAL_SURFACE('',#6249,2.);
#5294=CYLINDRICAL_SURFACE('',#6253,2.);
#5295=CYLINDRICAL_SURFACE('',#6256,2.);
#5296=CYLINDRICAL_SURFACE('',#6258,2.);
#5297=CYLINDRICAL_SURFACE('',#6269,1.000000000002);
#5298=CYLINDRICAL_SURFACE('',#6270,1.000000000002);
#5299=CYLINDRICAL_SURFACE('',#6276,0.999999999999996);
#5300=CYLINDRICAL_SURFACE('',#6277,0.999999999999996);
#5301=ADVANCED_FACE('',(#259),#5169,.T.);
#5302=ADVANCED_FACE('',(#260),#125,.T.);
#5303=ADVANCED_FACE('',(#261),#5170,.T.);
#5304=ADVANCED_FACE('',(#262),#75,.T.);
#5305=ADVANCED_FACE('',(#263),#5171,.T.);
#5306=ADVANCED_FACE('',(#264),#5172,.F.);
#5307=ADVANCED_FACE('',(#265),#76,.T.);
#5308=ADVANCED_FACE('',(#266,#20,#21),#126,.T.);
#5309=ADVANCED_FACE('',(#267),#5173,.F.);
#5310=ADVANCED_FACE('',(#268),#5174,.T.);
#5311=ADVANCED_FACE('',(#269),#77,.T.);
#5312=ADVANCED_FACE('',(#270),#5175,.T.);
#5313=ADVANCED_FACE('',(#271),#78,.T.);
#5314=ADVANCED_FACE('',(#272),#5176,.T.);
#5315=ADVANCED_FACE('',(#273),#79,.T.);
#5316=ADVANCED_FACE('',(#274),#80,.T.);
#5317=ADVANCED_FACE('',(#275),#5177,.T.);
#5318=ADVANCED_FACE('',(#276),#81,.T.);
#5319=ADVANCED_FACE('',(#277),#5178,.T.);
#5320=ADVANCED_FACE('',(#278),#5179,.T.);
#5321=ADVANCED_FACE('',(#279),#5180,.T.);
#5322=ADVANCED_FACE('',(#280),#5181,.T.);
#5323=ADVANCED_FACE('',(#281),#127,.T.);
#5324=ADVANCED_FACE('',(#282),#5182,.T.);
#5325=ADVANCED_FACE('',(#283),#128,.T.);
#5326=ADVANCED_FACE('',(#284),#5183,.F.);
#5327=ADVANCED_FACE('',(#285),#129,.T.);
#5328=ADVANCED_FACE('',(#286),#5184,.F.);
#5329=ADVANCED_FACE('',(#287),#130,.T.);
#5330=ADVANCED_FACE('',(#288),#5185,.F.);
#5331=ADVANCED_FACE('',(#289),#131,.T.);
#5332=ADVANCED_FACE('',(#290),#5186,.F.);
#5333=ADVANCED_FACE('',(#291),#132,.F.);
#5334=ADVANCED_FACE('',(#292),#133,.T.);
#5335=ADVANCED_FACE('',(#293),#134,.T.);
#5336=ADVANCED_FACE('',(#294),#135,.T.);
#5337=ADVANCED_FACE('',(#295),#82,.T.);
#5338=ADVANCED_FACE('',(#296),#5187,.T.);
#5339=ADVANCED_FACE('',(#297),#5188,.F.);
#5340=ADVANCED_FACE('',(#298),#83,.T.);
#5341=ADVANCED_FACE('',(#299),#5189,.T.);
#5342=ADVANCED_FACE('',(#300),#5190,.F.);
#5343=ADVANCED_FACE('',(#301),#5191,.T.);
#5344=ADVANCED_FACE('',(#302),#5192,.T.);
#5345=ADVANCED_FACE('',(#303),#5193,.T.);
#5346=ADVANCED_FACE('',(#304),#84,.T.);
#5347=ADVANCED_FACE('',(#305),#85,.T.);
#5348=ADVANCED_FACE('',(#306),#5194,.T.);
#5349=ADVANCED_FACE('',(#307),#86,.T.);
#5350=ADVANCED_FACE('',(#308),#87,.T.);
#5351=ADVANCED_FACE('',(#309),#136,.T.);
#5352=ADVANCED_FACE('',(#310),#88,.T.);
#5353=ADVANCED_FACE('',(#311,#22),#137,.T.);
#5354=ADVANCED_FACE('',(#312),#5195,.F.);
#5355=ADVANCED_FACE('',(#313),#89,.T.);
#5356=ADVANCED_FACE('',(#314),#90,.T.);
#5357=ADVANCED_FACE('',(#315),#5196,.T.);
#5358=ADVANCED_FACE('',(#316),#5197,.F.);
#5359=ADVANCED_FACE('',(#317),#5198,.T.);
#5360=ADVANCED_FACE('',(#318),#91,.T.);
#5361=ADVANCED_FACE('',(#319),#5199,.T.);
#5362=ADVANCED_FACE('',(#320),#92,.T.);
#5363=ADVANCED_FACE('',(#321),#5200,.T.);
#5364=ADVANCED_FACE('',(#322),#93,.T.);
#5365=ADVANCED_FACE('',(#323),#5201,.T.);
#5366=ADVANCED_FACE('',(#324),#94,.T.);
#5367=ADVANCED_FACE('',(#325),#5202,.T.);
#5368=ADVANCED_FACE('',(#326),#5203,.T.);
#5369=ADVANCED_FACE('',(#327),#5204,.T.);
#5370=ADVANCED_FACE('',(#328),#5205,.T.);
#5371=ADVANCED_FACE('',(#329),#138,.T.);
#5372=ADVANCED_FACE('',(#330),#5206,.T.);
#5373=ADVANCED_FACE('',(#331),#139,.T.);
#5374=ADVANCED_FACE('',(#332),#5207,.F.);
#5375=ADVANCED_FACE('',(#333),#140,.T.);
#5376=ADVANCED_FACE('',(#334),#5208,.F.);
#5377=ADVANCED_FACE('',(#335),#141,.T.);
#5378=ADVANCED_FACE('',(#336),#5209,.F.);
#5379=ADVANCED_FACE('',(#337),#142,.T.);
#5380=ADVANCED_FACE('',(#338),#5210,.F.);
#5381=ADVANCED_FACE('',(#339),#143,.F.);
#5382=ADVANCED_FACE('',(#340),#144,.T.);
#5383=ADVANCED_FACE('',(#341),#145,.T.);
#5384=ADVANCED_FACE('',(#342),#146,.T.);
#5385=ADVANCED_FACE('',(#343),#5211,.T.);
#5386=ADVANCED_FACE('',(#344),#5212,.T.);
#5387=ADVANCED_FACE('',(#345),#5213,.T.);
#5388=ADVANCED_FACE('',(#346),#95,.T.);
#5389=ADVANCED_FACE('',(#347),#5214,.T.);
#5390=ADVANCED_FACE('',(#348),#96,.T.);
#5391=ADVANCED_FACE('',(#349),#5215,.T.);
#5392=ADVANCED_FACE('',(#350),#97,.T.);
#5393=ADVANCED_FACE('',(#351),#5216,.T.);
#5394=ADVANCED_FACE('',(#352),#98,.T.);
#5395=ADVANCED_FACE('',(#353),#5217,.T.);
#5396=ADVANCED_FACE('',(#354),#147,.T.);
#5397=ADVANCED_FACE('',(#355),#148,.T.);
#5398=ADVANCED_FACE('',(#356),#5218,.T.);
#5399=ADVANCED_FACE('',(#357),#149,.T.);
#5400=ADVANCED_FACE('',(#358),#5219,.F.);
#5401=ADVANCED_FACE('',(#359),#5220,.F.);
#5402=ADVANCED_FACE('',(#360),#150,.T.);
#5403=ADVANCED_FACE('',(#361),#99,.T.);
#5404=ADVANCED_FACE('',(#362),#5221,.T.);
#5405=ADVANCED_FACE('',(#363),#151,.T.);
#5406=ADVANCED_FACE('',(#364),#100,.T.);
#5407=ADVANCED_FACE('',(#365),#152,.T.);
#5408=ADVANCED_FACE('',(#366),#5222,.F.);
#5409=ADVANCED_FACE('',(#367),#5223,.F.);
#5410=ADVANCED_FACE('',(#368),#101,.T.);
#5411=ADVANCED_FACE('',(#369),#5224,.T.);
#5412=ADVANCED_FACE('',(#370),#5225,.F.);
#5413=ADVANCED_FACE('',(#371),#102,.T.);
#5414=ADVANCED_FACE('',(#372),#5226,.T.);
#5415=ADVANCED_FACE('',(#373),#5227,.F.);
#5416=ADVANCED_FACE('',(#374),#5228,.T.);
#5417=ADVANCED_FACE('',(#375),#103,.T.);
#5418=ADVANCED_FACE('',(#376),#104,.T.);
#5419=ADVANCED_FACE('',(#377),#5229,.T.);
#5420=ADVANCED_FACE('',(#378),#105,.T.);
#5421=ADVANCED_FACE('',(#379),#106,.T.);
#5422=ADVANCED_FACE('',(#380),#5230,.T.);
#5423=ADVANCED_FACE('',(#381),#153,.T.);
#5424=ADVANCED_FACE('',(#382),#154,.T.);
#5425=ADVANCED_FACE('',(#383),#5231,.T.);
#5426=ADVANCED_FACE('',(#384),#155,.T.);
#5427=ADVANCED_FACE('',(#385),#156,.T.);
#5428=ADVANCED_FACE('',(#386),#157,.T.);
#5429=ADVANCED_FACE('',(#387),#107,.T.);
#5430=ADVANCED_FACE('',(#388),#5232,.T.);
#5431=ADVANCED_FACE('',(#389),#5233,.F.);
#5432=ADVANCED_FACE('',(#390),#108,.T.);
#5433=ADVANCED_FACE('',(#391,#23),#158,.T.);
#5434=ADVANCED_FACE('',(#392),#5234,.F.);
#5435=ADVANCED_FACE('',(#393),#109,.T.);
#5436=ADVANCED_FACE('',(#394),#5235,.F.);
#5437=ADVANCED_FACE('',(#395),#5236,.T.);
#5438=ADVANCED_FACE('',(#396),#5237,.T.);
#5439=ADVANCED_FACE('',(#397),#5238,.T.);
#5440=ADVANCED_FACE('',(#398),#5239,.T.);
#5441=ADVANCED_FACE('',(#399),#110,.T.);
#5442=ADVANCED_FACE('',(#400),#5240,.T.);
#5443=ADVANCED_FACE('',(#401),#111,.T.);
#5444=ADVANCED_FACE('',(#402),#5241,.T.);
#5445=ADVANCED_FACE('',(#403),#112,.T.);
#5446=ADVANCED_FACE('',(#404),#113,.T.);
#5447=ADVANCED_FACE('',(#405),#5242,.T.);
#5448=ADVANCED_FACE('',(#406),#114,.T.);
#5449=ADVANCED_FACE('',(#407),#5243,.T.);
#5450=ADVANCED_FACE('',(#408),#159,.T.);
#5451=ADVANCED_FACE('',(#409),#5244,.T.);
#5452=ADVANCED_FACE('',(#410),#160,.T.);
#5453=ADVANCED_FACE('',(#411),#5245,.F.);
#5454=ADVANCED_FACE('',(#412),#161,.T.);
#5455=ADVANCED_FACE('',(#413),#5246,.F.);
#5456=ADVANCED_FACE('',(#414),#162,.T.);
#5457=ADVANCED_FACE('',(#415),#5247,.F.);
#5458=ADVANCED_FACE('',(#416),#163,.T.);
#5459=ADVANCED_FACE('',(#417),#5248,.F.);
#5460=ADVANCED_FACE('',(#418),#164,.F.);
#5461=ADVANCED_FACE('',(#419),#165,.T.);
#5462=ADVANCED_FACE('',(#420),#5249,.T.);
#5463=ADVANCED_FACE('',(#421),#115,.T.);
#5464=ADVANCED_FACE('',(#422),#5250,.T.);
#5465=ADVANCED_FACE('',(#423),#116,.T.);
#5466=ADVANCED_FACE('',(#424),#5251,.T.);
#5467=ADVANCED_FACE('',(#425),#117,.T.);
#5468=ADVANCED_FACE('',(#426),#5252,.T.);
#5469=ADVANCED_FACE('',(#427),#118,.T.);
#5470=ADVANCED_FACE('',(#428),#5253,.T.);
#5471=ADVANCED_FACE('',(#429),#5254,.T.);
#5472=ADVANCED_FACE('',(#430,#24,#25),#166,.T.);
#5473=ADVANCED_FACE('',(#431),#5255,.T.);
#5474=ADVANCED_FACE('',(#432),#167,.T.);
#5475=ADVANCED_FACE('',(#433),#119,.T.);
#5476=ADVANCED_FACE('',(#434),#120,.T.);
#5477=ADVANCED_FACE('',(#435),#5256,.T.);
#5478=ADVANCED_FACE('',(#436),#5257,.F.);
#5479=ADVANCED_FACE('',(#437),#5258,.T.);
#5480=ADVANCED_FACE('',(#438),#121,.T.);
#5481=ADVANCED_FACE('',(#439),#5259,.T.);
#5482=ADVANCED_FACE('',(#440),#122,.T.);
#5483=ADVANCED_FACE('',(#441),#5260,.T.);
#5484=ADVANCED_FACE('',(#442),#123,.T.);
#5485=ADVANCED_FACE('',(#443),#5261,.T.);
#5486=ADVANCED_FACE('',(#444),#124,.T.);
#5487=ADVANCED_FACE('',(#445),#5262,.T.);
#5488=ADVANCED_FACE('',(#446),#5263,.T.);
#5489=ADVANCED_FACE('',(#447),#5264,.T.);
#5490=ADVANCED_FACE('',(#448),#5265,.T.);
#5491=ADVANCED_FACE('',(#449),#168,.T.);
#5492=ADVANCED_FACE('',(#450),#5266,.T.);
#5493=ADVANCED_FACE('',(#451),#169,.T.);
#5494=ADVANCED_FACE('',(#452),#5267,.F.);
#5495=ADVANCED_FACE('',(#453),#170,.T.);
#5496=ADVANCED_FACE('',(#454),#5268,.F.);
#5497=ADVANCED_FACE('',(#455),#171,.T.);
#5498=ADVANCED_FACE('',(#456),#5269,.F.);
#5499=ADVANCED_FACE('',(#457),#172,.T.);
#5500=ADVANCED_FACE('',(#458),#5270,.F.);
#5501=ADVANCED_FACE('',(#459),#173,.F.);
#5502=ADVANCED_FACE('',(#460),#174,.T.);
#5503=ADVANCED_FACE('',(#461),#175,.F.);
#5504=ADVANCED_FACE('',(#462),#176,.F.);
#5505=ADVANCED_FACE('',(#463),#177,.T.);
#5506=ADVANCED_FACE('',(#464),#178,.F.);
#5507=ADVANCED_FACE('',(#465),#179,.T.);
#5508=ADVANCED_FACE('',(#466),#180,.T.);
#5509=ADVANCED_FACE('',(#467),#181,.T.);
#5510=ADVANCED_FACE('',(#468),#182,.T.);
#5511=ADVANCED_FACE('',(#469),#5271,.T.);
#5512=ADVANCED_FACE('',(#470),#183,.T.);
#5513=ADVANCED_FACE('',(#471),#184,.T.);
#5514=ADVANCED_FACE('',(#472),#5272,.T.);
#5515=ADVANCED_FACE('',(#473),#185,.T.);
#5516=ADVANCED_FACE('',(#474),#5273,.F.);
#5517=ADVANCED_FACE('',(#475),#5274,.F.);
#5518=ADVANCED_FACE('',(#476,#26),#186,.T.);
#5519=ADVANCED_FACE('',(#477),#187,.F.);
#5520=ADVANCED_FACE('',(#478,#27),#188,.T.);
#5521=ADVANCED_FACE('',(#479,#28),#189,.T.);
#5522=ADVANCED_FACE('',(#480,#29),#190,.T.);
#5523=ADVANCED_FACE('',(#481),#5275,.F.);
#5524=ADVANCED_FACE('',(#482),#5276,.F.);
#5525=ADVANCED_FACE('',(#483),#5277,.F.);
#5526=ADVANCED_FACE('',(#484,#30),#191,.T.);
#5527=ADVANCED_FACE('',(#485),#5278,.F.);
#5528=ADVANCED_FACE('',(#486,#31),#192,.T.);
#5529=ADVANCED_FACE('',(#487),#5279,.F.);
#5530=ADVANCED_FACE('',(#488),#5280,.F.);
#5531=ADVANCED_FACE('',(#489,#32),#193,.T.);
#5532=ADVANCED_FACE('',(#490,#33),#194,.T.);
#5533=ADVANCED_FACE('',(#491),#195,.F.);
#5534=ADVANCED_FACE('',(#492),#196,.T.);
#5535=ADVANCED_FACE('',(#493),#197,.T.);
#5536=ADVANCED_FACE('',(#494),#198,.T.);
#5537=ADVANCED_FACE('',(#495),#199,.T.);
#5538=ADVANCED_FACE('',(#496),#200,.T.);
#5539=ADVANCED_FACE('',(#497),#201,.T.);
#5540=ADVANCED_FACE('',(#498),#202,.T.);
#5541=ADVANCED_FACE('',(#499),#203,.T.);
#5542=ADVANCED_FACE('',(#500,#34),#204,.T.);
#5543=ADVANCED_FACE('',(#501),#205,.F.);
#5544=ADVANCED_FACE('',(#502,#35),#206,.T.);
#5545=ADVANCED_FACE('',(#503,#36),#207,.T.);
#5546=ADVANCED_FACE('',(#504,#37),#208,.T.);
#5547=ADVANCED_FACE('',(#505),#5281,.F.);
#5548=ADVANCED_FACE('',(#506),#5282,.F.);
#5549=ADVANCED_FACE('',(#507,#38),#209,.T.);
#5550=ADVANCED_FACE('',(#508,#39),#210,.T.);
#5551=ADVANCED_FACE('',(#509),#5283,.F.);
#5552=ADVANCED_FACE('',(#510),#5284,.F.);
#5553=ADVANCED_FACE('',(#511,#40),#211,.T.);
#5554=ADVANCED_FACE('',(#512,#41),#212,.T.);
#5555=ADVANCED_FACE('',(#513),#213,.F.);
#5556=ADVANCED_FACE('',(#514),#214,.T.);
#5557=ADVANCED_FACE('',(#515),#215,.T.);
#5558=ADVANCED_FACE('',(#516),#216,.T.);
#5559=ADVANCED_FACE('',(#517),#217,.T.);
#5560=ADVANCED_FACE('',(#518),#218,.T.);
#5561=ADVANCED_FACE('',(#519),#219,.T.);
#5562=ADVANCED_FACE('',(#520),#5285,.T.);
#5563=ADVANCED_FACE('',(#521),#220,.T.);
#5564=ADVANCED_FACE('',(#522),#221,.T.);
#5565=ADVANCED_FACE('',(#523),#5286,.T.);
#5566=ADVANCED_FACE('',(#524),#222,.T.);
#5567=ADVANCED_FACE('',(#525),#5287,.F.);
#5568=ADVANCED_FACE('',(#526),#5288,.F.);
#5569=ADVANCED_FACE('',(#527,#42),#223,.T.);
#5570=ADVANCED_FACE('',(#528),#224,.F.);
#5571=ADVANCED_FACE('',(#529,#43),#225,.T.);
#5572=ADVANCED_FACE('',(#530,#44),#226,.T.);
#5573=ADVANCED_FACE('',(#531,#45),#227,.T.);
#5574=ADVANCED_FACE('',(#532),#5289,.F.);
#5575=ADVANCED_FACE('',(#533),#5290,.F.);
#5576=ADVANCED_FACE('',(#534,#46),#228,.T.);
#5577=ADVANCED_FACE('',(#535,#47),#229,.T.);
#5578=ADVANCED_FACE('',(#536),#5291,.F.);
#5579=ADVANCED_FACE('',(#537),#5292,.F.);
#5580=ADVANCED_FACE('',(#538,#48),#230,.T.);
#5581=ADVANCED_FACE('',(#539,#49),#231,.T.);
#5582=ADVANCED_FACE('',(#540),#232,.F.);
#5583=ADVANCED_FACE('',(#541),#233,.T.);
#5584=ADVANCED_FACE('',(#542),#234,.T.);
#5585=ADVANCED_FACE('',(#543),#235,.T.);
#5586=ADVANCED_FACE('',(#544),#236,.T.);
#5587=ADVANCED_FACE('',(#545),#237,.T.);
#5588=ADVANCED_FACE('',(#546),#238,.T.);
#5589=ADVANCED_FACE('',(#547),#239,.T.);
#5590=ADVANCED_FACE('',(#548),#240,.T.);
#5591=ADVANCED_FACE('',(#549),#5293,.T.);
#5592=ADVANCED_FACE('',(#550),#241,.T.);
#5593=ADVANCED_FACE('',(#551),#242,.T.);
#5594=ADVANCED_FACE('',(#552),#5294,.T.);
#5595=ADVANCED_FACE('',(#553),#243,.T.);
#5596=ADVANCED_FACE('',(#554),#5295,.F.);
#5597=ADVANCED_FACE('',(#555),#5296,.F.);
#5598=ADVANCED_FACE('',(#556,#50),#244,.T.);
#5599=ADVANCED_FACE('',(#557),#245,.F.);
#5600=ADVANCED_FACE('',(#558,#51),#246,.T.);
#5601=ADVANCED_FACE('',(#559,#52),#247,.T.);
#5602=ADVANCED_FACE('',(#560,#53),#248,.T.);
#5603=ADVANCED_FACE('',(#561),#5297,.F.);
#5604=ADVANCED_FACE('',(#562),#5298,.F.);
#5605=ADVANCED_FACE('',(#563,#54),#249,.T.);
#5606=ADVANCED_FACE('',(#564,#55),#250,.T.);
#5607=ADVANCED_FACE('',(#565),#5299,.F.);
#5608=ADVANCED_FACE('',(#566),#5300,.F.);
#5609=ADVANCED_FACE('',(#567,#56),#251,.T.);
#5610=ADVANCED_FACE('',(#568,#57),#252,.T.);
#5611=ADVANCED_FACE('',(#569),#253,.F.);
#5612=ADVANCED_FACE('',(#570),#254,.T.);
#5613=ADVANCED_FACE('',(#571),#255,.T.);
#5614=ADVANCED_FACE('',(#572),#256,.T.);
#5615=ADVANCED_FACE('',(#573),#257,.T.);
#5616=ADVANCED_FACE('',(#574),#258,.T.);
#5617=CLOSED_SHELL('',(#5301,#5302,#5303,#5304,#5305,#5306,#5307,#5308,
#5309,#5310,#5311,#5312,#5313,#5314,#5315,#5316,#5317,#5318,#5319,#5320,
#5321,#5322,#5323,#5324,#5325,#5326,#5327,#5328,#5329,#5330,#5331,#5332,
#5333,#5334,#5335,#5336,#5337,#5338,#5339,#5340,#5341,#5342,#5343,#5344,
#5345,#5346,#5347,#5348,#5349,#5350,#5351,#5352,#5353,#5354,#5355,#5356,
#5357,#5358,#5359,#5360,#5361,#5362,#5363,#5364,#5365,#5366,#5367,#5368,
#5369,#5370,#5371,#5372,#5373,#5374,#5375,#5376,#5377,#5378,#5379,#5380,
#5381,#5382,#5383,#5384,#5385,#5386,#5387,#5388,#5389,#5390,#5391,#5392,
#5393,#5394,#5395,#5396,#5397,#5398,#5399,#5400,#5401,#5402,#5403,#5404,
#5405,#5406,#5407,#5408,#5409,#5410,#5411,#5412,#5413,#5414,#5415,#5416,
#5417,#5418,#5419,#5420,#5421,#5422,#5423,#5424,#5425,#5426,#5427,#5428,
#5429,#5430,#5431,#5432,#5433,#5434,#5435,#5436,#5437,#5438,#5439,#5440,
#5441,#5442,#5443,#5444,#5445,#5446,#5447,#5448,#5449,#5450,#5451,#5452,
#5453,#5454,#5455,#5456,#5457,#5458,#5459,#5460,#5461,#5462,#5463,#5464,
#5465,#5466,#5467,#5468,#5469,#5470,#5471,#5472,#5473,#5474,#5475,#5476,
#5477,#5478,#5479,#5480,#5481,#5482,#5483,#5484,#5485,#5486,#5487,#5488,
#5489,#5490,#5491,#5492,#5493,#5494,#5495,#5496,#5497,#5498,#5499,#5500,
#5501,#5502,#5503,#5504,#5505,#5506,#5507,#5508,#5509,#5510,#5511,#5512,
#5513,#5514,#5515,#5516,#5517,#5518,#5519,#5520,#5521,#5522,#5523,#5524,
#5525,#5526,#5527,#5528,#5529,#5530,#5531,#5532,#5533,#5534,#5535,#5536,
#5537,#5538,#5539,#5540,#5541,#5542,#5543,#5544,#5545,#5546,#5547,#5548,
#5549,#5550,#5551,#5552,#5553,#5554,#5555,#5556,#5557,#5558,#5559,#5560,
#5561,#5562,#5563,#5564,#5565,#5566,#5567,#5568,#5569,#5570,#5571,#5572,
#5573,#5574,#5575,#5576,#5577,#5578,#5579,#5580,#5581,#5582,#5583,#5584,
#5585,#5586,#5587,#5588,#5589,#5590,#5591,#5592,#5593,#5594,#5595,#5596,
#5597,#5598,#5599,#5600,#5601,#5602,#5603,#5604,#5605,#5606,#5607,#5608,
#5609,#5610,#5611,#5612,#5613,#5614,#5615,#5616));
#5618=DERIVED_UNIT_ELEMENT(#5620,1.);
#5619=DERIVED_UNIT_ELEMENT(#9889,-3.);
#5620=(
MASS_UNIT()
NAMED_UNIT(*)
SI_UNIT(.KILO.,.GRAM.)
);
#5621=DERIVED_UNIT((#5618,#5619));
#5622=MEASURE_REPRESENTATION_ITEM('density measure',
POSITIVE_RATIO_MEASURE(7850.),#5621);
#5623=PROPERTY_DEFINITION_REPRESENTATION(#5628,#5625);
#5624=PROPERTY_DEFINITION_REPRESENTATION(#5629,#5626);
#5625=REPRESENTATION('material name',(#5627),#9886);
#5626=REPRESENTATION('density',(#5622),#9886);
#5627=DESCRIPTIVE_REPRESENTATION_ITEM('Steel','Steel');
#5628=PROPERTY_DEFINITION('material property','material name',#9896);
#5629=PROPERTY_DEFINITION('material property','density of part',#9896);
#5630=AXIS2_PLACEMENT_3D('',#8061,#6287,#6288);
#5631=AXIS2_PLACEMENT_3D('',#8062,#6289,#6290);
#5632=AXIS2_PLACEMENT_3D('',#8065,#6291,#6292);
#5633=AXIS2_PLACEMENT_3D('',#8069,#6294,#6295);
#5634=AXIS2_PLACEMENT_3D('',#8071,#6297,#6298);
#5635=AXIS2_PLACEMENT_3D('',#8079,#6303,#6304);
#5636=AXIS2_PLACEMENT_3D('',#8083,#6306,#6307);
#5637=AXIS2_PLACEMENT_3D('',#8085,#6309,#6310);
#5638=AXIS2_PLACEMENT_3D('',#8097,#6311,#6312);
#5639=AXIS2_PLACEMENT_3D('',#8099,#6313,#6314);
#5640=AXIS2_PLACEMENT_3D('',#8101,#6315,#6316);
#5641=AXIS2_PLACEMENT_3D('',#8102,#6317,#6318);
#5642=AXIS2_PLACEMENT_3D('',#8104,#6319,#6320);
#5643=AXIS2_PLACEMENT_3D('',#8115,#6321,#6322);
#5644=AXIS2_PLACEMENT_3D('',#8119,#6324,#6325);
#5645=AXIS2_PLACEMENT_3D('',#8122,#6327,#6328);
#5646=AXIS2_PLACEMENT_3D('',#8123,#6329,#6330);
#5647=AXIS2_PLACEMENT_3D('',#8126,#6332,#6333);
#5648=AXIS2_PLACEMENT_3D('',#8127,#6334,#6335);
#5649=AXIS2_PLACEMENT_3D('',#8129,#6336,#6337);
#5650=AXIS2_PLACEMENT_3D('',#8131,#6338,#6339);
#5651=AXIS2_PLACEMENT_3D('',#8133,#6340,#6341);
#5652=AXIS2_PLACEMENT_3D('',#8134,#6342,#6343);
#5653=AXIS2_PLACEMENT_3D('',#8135,#6344,#6345);
#5654=AXIS2_PLACEMENT_3D('',#8137,#6346,#6347);
#5655=AXIS2_PLACEMENT_3D('',#8141,#6349,#6350);
#5656=AXIS2_PLACEMENT_3D('',#8159,#6359,#6360);
#5657=AXIS2_PLACEMENT_3D('',#8163,#6362,#6363);
#5658=AXIS2_PLACEMENT_3D('',#8167,#6365,#6366);
#5659=AXIS2_PLACEMENT_3D('',#8171,#6368,#6369);
#5660=AXIS2_PLACEMENT_3D('',#8173,#6370,#6371);
#5661=AXIS2_PLACEMENT_3D('',#8175,#6372,#6373);
#5662=AXIS2_PLACEMENT_3D('',#8179,#6375,#6376);
#5663=AXIS2_PLACEMENT_3D('',#8193,#6383,#6384);
#5664=AXIS2_PLACEMENT_3D('',#8197,#6386,#6387);
#5665=AXIS2_PLACEMENT_3D('',#8200,#6389,#6390);
#5666=AXIS2_PLACEMENT_3D('',#8202,#6391,#6392);
#5667=AXIS2_PLACEMENT_3D('',#8203,#6393,#6394);
#5668=AXIS2_PLACEMENT_3D('',#8206,#6396,#6397);
#5669=AXIS2_PLACEMENT_3D('',#8207,#6398,#6399);
#5670=AXIS2_PLACEMENT_3D('',#8211,#6401,#6402);
#5671=AXIS2_PLACEMENT_3D('',#8212,#6403,#6404);
#5672=AXIS2_PLACEMENT_3D('',#8213,#6405,#6406);
#5673=AXIS2_PLACEMENT_3D('',#8215,#6407,#6408);
#5674=AXIS2_PLACEMENT_3D('',#8216,#6409,#6410);
#5675=AXIS2_PLACEMENT_3D('',#8217,#6411,#6412);
#5676=AXIS2_PLACEMENT_3D('',#8219,#6413,#6414);
#5677=AXIS2_PLACEMENT_3D('',#8221,#6416,#6417);
#5678=AXIS2_PLACEMENT_3D('',#8223,#6418,#6419);
#5679=AXIS2_PLACEMENT_3D('',#8224,#6420,#6421);
#5680=AXIS2_PLACEMENT_3D('',#8225,#6422,#6423);
#5681=AXIS2_PLACEMENT_3D('',#8227,#6424,#6425);
#5682=AXIS2_PLACEMENT_3D('',#8229,#6427,#6428);
#5683=AXIS2_PLACEMENT_3D('',#8230,#6429,#6430);
#5684=AXIS2_PLACEMENT_3D('',#8231,#6431,#6432);
#5685=AXIS2_PLACEMENT_3D('',#8233,#6433,#6434);
#5686=AXIS2_PLACEMENT_3D('',#8234,#6435,#6436);
#5687=AXIS2_PLACEMENT_3D('',#8235,#6437,#6438);
#5688=AXIS2_PLACEMENT_3D('',#8237,#6439,#6440);
#5689=AXIS2_PLACEMENT_3D('',#8239,#6442,#6443);
#5690=AXIS2_PLACEMENT_3D('',#8241,#6444,#6445);
#5691=AXIS2_PLACEMENT_3D('',#8242,#6446,#6447);
#5692=AXIS2_PLACEMENT_3D('',#8243,#6448,#6449);
#5693=AXIS2_PLACEMENT_3D('',#8245,#6450,#6451);
#5694=AXIS2_PLACEMENT_3D('',#8247,#6453,#6454);
#5695=AXIS2_PLACEMENT_3D('',#8250,#6456,#6457);
#5696=AXIS2_PLACEMENT_3D('',#8251,#6458,#6459);
#5697=AXIS2_PLACEMENT_3D('',#8254,#6461,#6462);
#5698=AXIS2_PLACEMENT_3D('',#8255,#6463,#6464);
#5699=AXIS2_PLACEMENT_3D('',#8257,#6465,#6466);
#5700=AXIS2_PLACEMENT_3D('',#8259,#6468,#6469);
#5701=AXIS2_PLACEMENT_3D('',#8265,#6473,#6474);
#5702=AXIS2_PLACEMENT_3D('',#8269,#6476,#6477);
#5703=AXIS2_PLACEMENT_3D('',#8274,#6478,#6479);
#5704=AXIS2_PLACEMENT_3D('',#8275,#6480,#6481);
#5705=AXIS2_PLACEMENT_3D('',#8279,#6484,#6485);
#5706=AXIS2_PLACEMENT_3D('',#8282,#6487,#6488);
#5707=AXIS2_PLACEMENT_3D('',#8283,#6489,#6490);
#5708=AXIS2_PLACEMENT_3D('',#8287,#6493,#6494);
#5709=AXIS2_PLACEMENT_3D('',#8290,#6496,#6497);
#5710=AXIS2_PLACEMENT_3D('',#8291,#6498,#6499);
#5711=AXIS2_PLACEMENT_3D('',#8311,#6510,#6511);
#5712=AXIS2_PLACEMENT_3D('',#8314,#6513,#6514);
#5713=AXIS2_PLACEMENT_3D('',#8315,#6515,#6516);
#5714=AXIS2_PLACEMENT_3D('',#8319,#6519,#6520);
#5715=AXIS2_PLACEMENT_3D('',#8322,#6522,#6523);
#5716=AXIS2_PLACEMENT_3D('',#8323,#6524,#6525);
#5717=AXIS2_PLACEMENT_3D('',#8334,#6532,#6533);
#5718=AXIS2_PLACEMENT_3D('',#8338,#6536,#6537);
#5719=AXIS2_PLACEMENT_3D('',#8342,#6539,#6540);
#5720=AXIS2_PLACEMENT_3D('',#8353,#6547,#6548);
#5721=AXIS2_PLACEMENT_3D('',#8357,#6551,#6552);
#5722=AXIS2_PLACEMENT_3D('',#8369,#6553,#6554);
#5723=AXIS2_PLACEMENT_3D('',#8371,#6555,#6556);
#5724=AXIS2_PLACEMENT_3D('',#8372,#6557,#6558);
#5725=AXIS2_PLACEMENT_3D('',#8382,#6559,#6560);
#5726=AXIS2_PLACEMENT_3D('',#8383,#6561,#6562);
#5727=AXIS2_PLACEMENT_3D('',#8387,#6564,#6565);
#5728=AXIS2_PLACEMENT_3D('',#8391,#6567,#6568);
#5729=AXIS2_PLACEMENT_3D('',#8393,#6570,#6571);
#5730=AXIS2_PLACEMENT_3D('',#8396,#6573,#6574);
#5731=AXIS2_PLACEMENT_3D('',#8397,#6575,#6576);
#5732=AXIS2_PLACEMENT_3D('',#8415,#6577,#6578);
#5733=AXIS2_PLACEMENT_3D('',#8417,#6579,#6580);
#5734=AXIS2_PLACEMENT_3D('',#8419,#6581,#6582);
#5735=AXIS2_PLACEMENT_3D('',#8420,#6583,#6584);
#5736=AXIS2_PLACEMENT_3D('',#8421,#6585,#6586);
#5737=AXIS2_PLACEMENT_3D('',#8422,#6587,#6588);
#5738=AXIS2_PLACEMENT_3D('',#8426,#6590,#6591);
#5739=AXIS2_PLACEMENT_3D('',#8430,#6593,#6594);
#5740=AXIS2_PLACEMENT_3D('',#8432,#6596,#6597);
#5741=AXIS2_PLACEMENT_3D('',#8435,#6599,#6600);
#5742=AXIS2_PLACEMENT_3D('',#8436,#6601,#6602);
#5743=AXIS2_PLACEMENT_3D('',#8438,#6603,#6604);
#5744=AXIS2_PLACEMENT_3D('',#8441,#6606,#6607);
#5745=AXIS2_PLACEMENT_3D('',#8442,#6608,#6609);
#5746=AXIS2_PLACEMENT_3D('',#8445,#6611,#6612);
#5747=AXIS2_PLACEMENT_3D('',#8446,#6613,#6614);
#5748=AXIS2_PLACEMENT_3D('',#8449,#6615,#6616);
#5749=AXIS2_PLACEMENT_3D('',#8453,#6618,#6619);
#5750=AXIS2_PLACEMENT_3D('',#8455,#6621,#6622);
#5751=AXIS2_PLACEMENT_3D('',#8456,#6623,#6624);
#5752=AXIS2_PLACEMENT_3D('',#8457,#6625,#6626);
#5753=AXIS2_PLACEMENT_3D('',#8458,#6627,#6628);
#5754=AXIS2_PLACEMENT_3D('',#8460,#6629,#6630);
#5755=AXIS2_PLACEMENT_3D('',#8461,#6631,#6632);
#5756=AXIS2_PLACEMENT_3D('',#8462,#6633,#6634);
#5757=AXIS2_PLACEMENT_3D('',#8463,#6635,#6636);
#5758=AXIS2_PLACEMENT_3D('',#8465,#6637,#6638);
#5759=AXIS2_PLACEMENT_3D('',#8467,#6640,#6641);
#5760=AXIS2_PLACEMENT_3D('',#8468,#6642,#6643);
#5761=AXIS2_PLACEMENT_3D('',#8469,#6644,#6645);
#5762=AXIS2_PLACEMENT_3D('',#8470,#6646,#6647);
#5763=AXIS2_PLACEMENT_3D('',#8471,#6648,#6649);
#5764=AXIS2_PLACEMENT_3D('',#8472,#6650,#6651);
#5765=AXIS2_PLACEMENT_3D('',#8473,#6652,#6653);
#5766=AXIS2_PLACEMENT_3D('',#8476,#6656,#6657);
#5767=AXIS2_PLACEMENT_3D('',#8478,#6658,#6659);
#5768=AXIS2_PLACEMENT_3D('',#8480,#6660,#6661);
#5769=AXIS2_PLACEMENT_3D('',#8482,#6662,#6663);
#5770=AXIS2_PLACEMENT_3D('',#8483,#6664,#6665);
#5771=AXIS2_PLACEMENT_3D('',#8484,#6666,#6667);
#5772=AXIS2_PLACEMENT_3D('',#8487,#6668,#6669);
#5773=AXIS2_PLACEMENT_3D('',#8489,#6670,#6671);
#5774=AXIS2_PLACEMENT_3D('',#8493,#6673,#6674);
#5775=AXIS2_PLACEMENT_3D('',#8507,#6681,#6682);
#5776=AXIS2_PLACEMENT_3D('',#8511,#6684,#6685);
#5777=AXIS2_PLACEMENT_3D('',#8515,#6687,#6688);
#5778=AXIS2_PLACEMENT_3D('',#8518,#6690,#6691);
#5779=AXIS2_PLACEMENT_3D('',#8519,#6692,#6693);
#5780=AXIS2_PLACEMENT_3D('',#8522,#6695,#6696);
#5781=AXIS2_PLACEMENT_3D('',#8523,#6697,#6698);
#5782=AXIS2_PLACEMENT_3D('',#8534,#6699,#6700);
#5783=AXIS2_PLACEMENT_3D('',#8536,#6701,#6702);
#5784=AXIS2_PLACEMENT_3D('',#8537,#6703,#6704);
#5785=AXIS2_PLACEMENT_3D('',#8548,#6705,#6706);
#5786=AXIS2_PLACEMENT_3D('',#8550,#6707,#6708);
#5787=AXIS2_PLACEMENT_3D('',#8552,#6709,#6710);
#5788=AXIS2_PLACEMENT_3D('',#8553,#6711,#6712);
#5789=AXIS2_PLACEMENT_3D('',#8554,#6713,#6714);
#5790=AXIS2_PLACEMENT_3D('',#8556,#6715,#6716);
#5791=AXIS2_PLACEMENT_3D('',#8558,#6718,#6719);
#5792=AXIS2_PLACEMENT_3D('',#8561,#6721,#6722);
#5793=AXIS2_PLACEMENT_3D('',#8562,#6723,#6724);
#5794=AXIS2_PLACEMENT_3D('',#8566,#6726,#6727);
#5795=AXIS2_PLACEMENT_3D('',#8567,#6728,#6729);
#5796=AXIS2_PLACEMENT_3D('',#8568,#6730,#6731);
#5797=AXIS2_PLACEMENT_3D('',#8570,#6732,#6733);
#5798=AXIS2_PLACEMENT_3D('',#8571,#6734,#6735);
#5799=AXIS2_PLACEMENT_3D('',#8572,#6736,#6737);
#5800=AXIS2_PLACEMENT_3D('',#8574,#6738,#6739);
#5801=AXIS2_PLACEMENT_3D('',#8576,#6741,#6742);
#5802=AXIS2_PLACEMENT_3D('',#8578,#6743,#6744);
#5803=AXIS2_PLACEMENT_3D('',#8579,#6745,#6746);
#5804=AXIS2_PLACEMENT_3D('',#8580,#6747,#6748);
#5805=AXIS2_PLACEMENT_3D('',#8582,#6749,#6750);
#5806=AXIS2_PLACEMENT_3D('',#8584,#6752,#6753);
#5807=AXIS2_PLACEMENT_3D('',#8585,#6754,#6755);
#5808=AXIS2_PLACEMENT_3D('',#8586,#6756,#6757);
#5809=AXIS2_PLACEMENT_3D('',#8588,#6758,#6759);
#5810=AXIS2_PLACEMENT_3D('',#8590,#6761,#6762);
#5811=AXIS2_PLACEMENT_3D('',#8592,#6763,#6764);
#5812=AXIS2_PLACEMENT_3D('',#8593,#6765,#6766);
#5813=AXIS2_PLACEMENT_3D('',#8594,#6767,#6768);
#5814=AXIS2_PLACEMENT_3D('',#8596,#6769,#6770);
#5815=AXIS2_PLACEMENT_3D('',#8598,#6772,#6773);
#5816=AXIS2_PLACEMENT_3D('',#8601,#6775,#6776);
#5817=AXIS2_PLACEMENT_3D('',#8602,#6777,#6778);
#5818=AXIS2_PLACEMENT_3D('',#8605,#6780,#6781);
#5819=AXIS2_PLACEMENT_3D('',#8606,#6782,#6783);
#5820=AXIS2_PLACEMENT_3D('',#8608,#6784,#6785);
#5821=AXIS2_PLACEMENT_3D('',#8610,#6787,#6788);
#5822=AXIS2_PLACEMENT_3D('',#8616,#6792,#6793);
#5823=AXIS2_PLACEMENT_3D('',#8620,#6795,#6796);
#5824=AXIS2_PLACEMENT_3D('',#8625,#6797,#6798);
#5825=AXIS2_PLACEMENT_3D('',#8626,#6799,#6800);
#5826=AXIS2_PLACEMENT_3D('',#8630,#6803,#6804);
#5827=AXIS2_PLACEMENT_3D('',#8633,#6806,#6807);
#5828=AXIS2_PLACEMENT_3D('',#8634,#6808,#6809);
#5829=AXIS2_PLACEMENT_3D('',#8638,#6812,#6813);
#5830=AXIS2_PLACEMENT_3D('',#8641,#6815,#6816);
#5831=AXIS2_PLACEMENT_3D('',#8642,#6817,#6818);
#5832=AXIS2_PLACEMENT_3D('',#8662,#6829,#6830);
#5833=AXIS2_PLACEMENT_3D('',#8665,#6832,#6833);
#5834=AXIS2_PLACEMENT_3D('',#8666,#6834,#6835);
#5835=AXIS2_PLACEMENT_3D('',#8670,#6838,#6839);
#5836=AXIS2_PLACEMENT_3D('',#8673,#6841,#6842);
#5837=AXIS2_PLACEMENT_3D('',#8674,#6843,#6844);
#5838=AXIS2_PLACEMENT_3D('',#8685,#6851,#6852);
#5839=AXIS2_PLACEMENT_3D('',#8689,#6855,#6856);
#5840=AXIS2_PLACEMENT_3D('',#8693,#6858,#6859);
#5841=AXIS2_PLACEMENT_3D('',#8705,#6866,#6867);
#5842=AXIS2_PLACEMENT_3D('',#8709,#6870,#6871);
#5843=AXIS2_PLACEMENT_3D('',#8711,#6872,#6873);
#5844=AXIS2_PLACEMENT_3D('',#8714,#6875,#6876);
#5845=AXIS2_PLACEMENT_3D('',#8715,#6877,#6878);
#5846=AXIS2_PLACEMENT_3D('',#8719,#6880,#6881);
#5847=AXIS2_PLACEMENT_3D('',#8722,#6883,#6884);
#5848=AXIS2_PLACEMENT_3D('',#8723,#6885,#6886);
#5849=AXIS2_PLACEMENT_3D('',#8727,#6888,#6889);
#5850=AXIS2_PLACEMENT_3D('',#8729,#6891,#6892);
#5851=AXIS2_PLACEMENT_3D('',#8732,#6893,#6894);
#5852=AXIS2_PLACEMENT_3D('',#8733,#6895,#6896);
#5853=AXIS2_PLACEMENT_3D('',#8734,#6897,#6898);
#5854=AXIS2_PLACEMENT_3D('',#8735,#6899,#6900);
#5855=AXIS2_PLACEMENT_3D('',#8762,#6902,#6903);
#5856=AXIS2_PLACEMENT_3D('',#8765,#6906,#6907);
#5857=AXIS2_PLACEMENT_3D('',#8767,#6908,#6909);
#5858=AXIS2_PLACEMENT_3D('',#8768,#6910,#6911);
#5859=AXIS2_PLACEMENT_3D('',#8769,#6912,#6913);
#5860=AXIS2_PLACEMENT_3D('',#8770,#6914,#6915);
#5861=AXIS2_PLACEMENT_3D('',#8772,#6916,#6917);
#5862=AXIS2_PLACEMENT_3D('',#8774,#6919,#6920);
#5863=AXIS2_PLACEMENT_3D('',#8777,#6921,#6922);
#5864=AXIS2_PLACEMENT_3D('',#8778,#6923,#6924);
#5865=AXIS2_PLACEMENT_3D('',#8779,#6925,#6926);
#5866=AXIS2_PLACEMENT_3D('',#8780,#6927,#6928);
#5867=AXIS2_PLACEMENT_3D('',#8804,#6930,#6931);
#5868=AXIS2_PLACEMENT_3D('',#8807,#6934,#6935);
#5869=AXIS2_PLACEMENT_3D('',#8810,#6936,#6937);
#5870=AXIS2_PLACEMENT_3D('',#8811,#6938,#6939);
#5871=AXIS2_PLACEMENT_3D('',#8812,#6940,#6941);
#5872=AXIS2_PLACEMENT_3D('',#8813,#6942,#6943);
#5873=AXIS2_PLACEMENT_3D('',#8816,#6944,#6945);
#5874=AXIS2_PLACEMENT_3D('',#8819,#6948,#6949);
#5875=AXIS2_PLACEMENT_3D('',#8826,#6954,#6955);
#5876=AXIS2_PLACEMENT_3D('',#8831,#6959,#6960);
#5877=AXIS2_PLACEMENT_3D('',#8834,#6962,#6963);
#5878=AXIS2_PLACEMENT_3D('',#8835,#6964,#6965);
#5879=AXIS2_PLACEMENT_3D('',#8839,#6968,#6969);
#5880=AXIS2_PLACEMENT_3D('',#8840,#6970,#6971);
#5881=AXIS2_PLACEMENT_3D('',#8841,#6972,#6973);
#5882=AXIS2_PLACEMENT_3D('',#8844,#6975,#6976);
#5883=AXIS2_PLACEMENT_3D('',#8845,#6977,#6978);
#5884=AXIS2_PLACEMENT_3D('',#8849,#6981,#6982);
#5885=AXIS2_PLACEMENT_3D('',#8850,#6983,#6984);
#5886=AXIS2_PLACEMENT_3D('',#8852,#6985,#6986);
#5887=AXIS2_PLACEMENT_3D('',#8854,#6987,#6988);
#5888=AXIS2_PLACEMENT_3D('',#8855,#6989,#6990);
#5889=AXIS2_PLACEMENT_3D('',#8856,#6991,#6992);
#5890=AXIS2_PLACEMENT_3D('',#8859,#6994,#6995);
#5891=AXIS2_PLACEMENT_3D('',#8860,#6996,#6997);
#5892=AXIS2_PLACEMENT_3D('',#8866,#7001,#7002);
#5893=AXIS2_PLACEMENT_3D('',#8868,#7003,#7004);
#5894=AXIS2_PLACEMENT_3D('',#8870,#7005,#7006);
#5895=AXIS2_PLACEMENT_3D('',#8872,#7007,#7008);
#5896=AXIS2_PLACEMENT_3D('',#8873,#7009,#7010);
#5897=AXIS2_PLACEMENT_3D('',#8874,#7011,#7012);
#5898=AXIS2_PLACEMENT_3D('',#8875,#7013,#7014);
#5899=AXIS2_PLACEMENT_3D('',#8877,#7016,#7017);
#5900=AXIS2_PLACEMENT_3D('',#8880,#7019,#7020);
#5901=AXIS2_PLACEMENT_3D('',#8881,#7021,#7022);
#5902=AXIS2_PLACEMENT_3D('',#8884,#7024,#7025);
#5903=AXIS2_PLACEMENT_3D('',#8885,#7026,#7027);
#5904=AXIS2_PLACEMENT_3D('',#8903,#7028,#7029);
#5905=AXIS2_PLACEMENT_3D('',#8905,#7030,#7031);
#5906=AXIS2_PLACEMENT_3D('',#8907,#7032,#7033);
#5907=AXIS2_PLACEMENT_3D('',#8908,#7034,#7035);
#5908=AXIS2_PLACEMENT_3D('',#8909,#7036,#7037);
#5909=AXIS2_PLACEMENT_3D('',#8910,#7038,#7039);
#5910=AXIS2_PLACEMENT_3D('',#8914,#7041,#7042);
#5911=AXIS2_PLACEMENT_3D('',#8918,#7044,#7045);
#5912=AXIS2_PLACEMENT_3D('',#8920,#7047,#7048);
#5913=AXIS2_PLACEMENT_3D('',#8923,#7050,#7051);
#5914=AXIS2_PLACEMENT_3D('',#8924,#7052,#7053);
#5915=AXIS2_PLACEMENT_3D('',#8936,#7054,#7055);
#5916=AXIS2_PLACEMENT_3D('',#8938,#7056,#7057);
#5917=AXIS2_PLACEMENT_3D('',#8939,#7058,#7059);
#5918=AXIS2_PLACEMENT_3D('',#8949,#7060,#7061);
#5919=AXIS2_PLACEMENT_3D('',#8950,#7062,#7063);
#5920=AXIS2_PLACEMENT_3D('',#8954,#7065,#7066);
#5921=AXIS2_PLACEMENT_3D('',#8958,#7068,#7069);
#5922=AXIS2_PLACEMENT_3D('',#8960,#7071,#7072);
#5923=AXIS2_PLACEMENT_3D('',#8963,#7074,#7075);
#5924=AXIS2_PLACEMENT_3D('',#8964,#7076,#7077);
#5925=AXIS2_PLACEMENT_3D('',#8967,#7078,#7079);
#5926=AXIS2_PLACEMENT_3D('',#8971,#7081,#7082);
#5927=AXIS2_PLACEMENT_3D('',#8973,#7084,#7085);
#5928=AXIS2_PLACEMENT_3D('',#8974,#7086,#7087);
#5929=AXIS2_PLACEMENT_3D('',#8975,#7088,#7089);
#5930=AXIS2_PLACEMENT_3D('',#8976,#7090,#7091);
#5931=AXIS2_PLACEMENT_3D('',#8979,#7092,#7093);
#5932=AXIS2_PLACEMENT_3D('',#8980,#7094,#7095);
#5933=AXIS2_PLACEMENT_3D('',#8981,#7096,#7097);
#5934=AXIS2_PLACEMENT_3D('',#8982,#7098,#7099);
#5935=AXIS2_PLACEMENT_3D('',#8985,#7100,#7101);
#5936=AXIS2_PLACEMENT_3D('',#8988,#7104,#7105);
#5937=AXIS2_PLACEMENT_3D('',#8989,#7106,#7107);
#5938=AXIS2_PLACEMENT_3D('',#8990,#7108,#7109);
#5939=AXIS2_PLACEMENT_3D('',#8991,#7110,#7111);
#5940=AXIS2_PLACEMENT_3D('',#8994,#7112,#7113);
#5941=AXIS2_PLACEMENT_3D('',#8995,#7114,#7115);
#5942=AXIS2_PLACEMENT_3D('',#8996,#7116,#7117);
#5943=AXIS2_PLACEMENT_3D('',#8997,#7118,#7119);
#5944=AXIS2_PLACEMENT_3D('',#9000,#7120,#7121);
#5945=AXIS2_PLACEMENT_3D('',#9003,#7124,#7125);
#5946=AXIS2_PLACEMENT_3D('',#9013,#7131,#7132);
#5947=AXIS2_PLACEMENT_3D('',#9021,#7137,#7138);
#5948=AXIS2_PLACEMENT_3D('',#9034,#7139,#7140);
#5949=AXIS2_PLACEMENT_3D('',#9037,#7142,#7143);
#5950=AXIS2_PLACEMENT_3D('',#9038,#7144,#7145);
#5951=AXIS2_PLACEMENT_3D('',#9041,#7147,#7148);
#5952=AXIS2_PLACEMENT_3D('',#9045,#7151,#7152);
#5953=AXIS2_PLACEMENT_3D('',#9057,#7159,#7160);
#5954=AXIS2_PLACEMENT_3D('',#9070,#7168,#7169);
#5955=AXIS2_PLACEMENT_3D('',#9082,#7170,#7171);
#5956=AXIS2_PLACEMENT_3D('',#9084,#7172,#7173);
#5957=AXIS2_PLACEMENT_3D('',#9086,#7174,#7175);
#5958=AXIS2_PLACEMENT_3D('',#9087,#7176,#7177);
#5959=AXIS2_PLACEMENT_3D('',#9089,#7178,#7179);
#5960=AXIS2_PLACEMENT_3D('',#9100,#7180,#7181);
#5961=AXIS2_PLACEMENT_3D('',#9104,#7183,#7184);
#5962=AXIS2_PLACEMENT_3D('',#9107,#7186,#7187);
#5963=AXIS2_PLACEMENT_3D('',#9108,#7188,#7189);
#5964=AXIS2_PLACEMENT_3D('',#9111,#7191,#7192);
#5965=AXIS2_PLACEMENT_3D('',#9112,#7193,#7194);
#5966=AXIS2_PLACEMENT_3D('',#9114,#7195,#7196);
#5967=AXIS2_PLACEMENT_3D('',#9116,#7197,#7198);
#5968=AXIS2_PLACEMENT_3D('',#9118,#7199,#7200);
#5969=AXIS2_PLACEMENT_3D('',#9119,#7201,#7202);
#5970=AXIS2_PLACEMENT_3D('',#9120,#7203,#7204);
#5971=AXIS2_PLACEMENT_3D('',#9122,#7205,#7206);
#5972=AXIS2_PLACEMENT_3D('',#9126,#7208,#7209);
#5973=AXIS2_PLACEMENT_3D('',#9140,#7216,#7217);
#5974=AXIS2_PLACEMENT_3D('',#9144,#7219,#7220);
#5975=AXIS2_PLACEMENT_3D('',#9147,#7222,#7223);
#5976=AXIS2_PLACEMENT_3D('',#9148,#7224,#7225);
#5977=AXIS2_PLACEMENT_3D('',#9151,#7227,#7228);
#5978=AXIS2_PLACEMENT_3D('',#9152,#7229,#7230);
#5979=AXIS2_PLACEMENT_3D('',#9154,#7231,#7232);
#5980=AXIS2_PLACEMENT_3D('',#9156,#7233,#7234);
#5981=AXIS2_PLACEMENT_3D('',#9157,#7235,#7236);
#5982=AXIS2_PLACEMENT_3D('',#9158,#7237,#7238);
#5983=AXIS2_PLACEMENT_3D('',#9161,#7240,#7241);
#5984=AXIS2_PLACEMENT_3D('',#9162,#7242,#7243);
#5985=AXIS2_PLACEMENT_3D('',#9166,#7245,#7246);
#5986=AXIS2_PLACEMENT_3D('',#9167,#7247,#7248);
#5987=AXIS2_PLACEMENT_3D('',#9168,#7249,#7250);
#5988=AXIS2_PLACEMENT_3D('',#9169,#7251,#7252);
#5989=AXIS2_PLACEMENT_3D('',#9171,#7254,#7255);
#5990=AXIS2_PLACEMENT_3D('',#9172,#7256,#7257);
#5991=AXIS2_PLACEMENT_3D('',#9173,#7258,#7259);
#5992=AXIS2_PLACEMENT_3D('',#9174,#7260,#7261);
#5993=AXIS2_PLACEMENT_3D('',#9175,#7262,#7263);
#5994=AXIS2_PLACEMENT_3D('',#9177,#7264,#7265);
#5995=AXIS2_PLACEMENT_3D('',#9178,#7266,#7267);
#5996=AXIS2_PLACEMENT_3D('',#9179,#7268,#7269);
#5997=AXIS2_PLACEMENT_3D('',#9181,#7270,#7271);
#5998=AXIS2_PLACEMENT_3D('',#9183,#7273,#7274);
#5999=AXIS2_PLACEMENT_3D('',#9185,#7275,#7276);
#6000=AXIS2_PLACEMENT_3D('',#9186,#7277,#7278);
#6001=AXIS2_PLACEMENT_3D('',#9187,#7279,#7280);
#6002=AXIS2_PLACEMENT_3D('',#9189,#7281,#7282);
#6003=AXIS2_PLACEMENT_3D('',#9191,#7284,#7285);
#6004=AXIS2_PLACEMENT_3D('',#9192,#7286,#7287);
#6005=AXIS2_PLACEMENT_3D('',#9193,#7288,#7289);
#6006=AXIS2_PLACEMENT_3D('',#9195,#7290,#7291);
#6007=AXIS2_PLACEMENT_3D('',#9196,#7292,#7293);
#6008=AXIS2_PLACEMENT_3D('',#9197,#7294,#7295);
#6009=AXIS2_PLACEMENT_3D('',#9199,#7296,#7297);
#6010=AXIS2_PLACEMENT_3D('',#9201,#7299,#7300);
#6011=AXIS2_PLACEMENT_3D('',#9203,#7301,#7302);
#6012=AXIS2_PLACEMENT_3D('',#9204,#7303,#7304);
#6013=AXIS2_PLACEMENT_3D('',#9205,#7305,#7306);
#6014=AXIS2_PLACEMENT_3D('',#9207,#7307,#7308);
#6015=AXIS2_PLACEMENT_3D('',#9209,#7310,#7311);
#6016=AXIS2_PLACEMENT_3D('',#9215,#7315,#7316);
#6017=AXIS2_PLACEMENT_3D('',#9219,#7318,#7319);
#6018=AXIS2_PLACEMENT_3D('',#9224,#7320,#7321);
#6019=AXIS2_PLACEMENT_3D('',#9225,#7322,#7323);
#6020=AXIS2_PLACEMENT_3D('',#9229,#7326,#7327);
#6021=AXIS2_PLACEMENT_3D('',#9232,#7329,#7330);
#6022=AXIS2_PLACEMENT_3D('',#9233,#7331,#7332);
#6023=AXIS2_PLACEMENT_3D('',#9237,#7335,#7336);
#6024=AXIS2_PLACEMENT_3D('',#9240,#7338,#7339);
#6025=AXIS2_PLACEMENT_3D('',#9241,#7340,#7341);
#6026=AXIS2_PLACEMENT_3D('',#9258,#7351,#7352);
#6027=AXIS2_PLACEMENT_3D('',#9261,#7354,#7355);
#6028=AXIS2_PLACEMENT_3D('',#9262,#7356,#7357);
#6029=AXIS2_PLACEMENT_3D('',#9266,#7360,#7361);
#6030=AXIS2_PLACEMENT_3D('',#9269,#7363,#7364);
#6031=AXIS2_PLACEMENT_3D('',#9270,#7365,#7366);
#6032=AXIS2_PLACEMENT_3D('',#9281,#7373,#7374);
#6033=AXIS2_PLACEMENT_3D('',#9283,#7376,#7377);
#6034=AXIS2_PLACEMENT_3D('',#9286,#7378,#7379);
#6035=AXIS2_PLACEMENT_3D('',#9290,#7381,#7382);
#6036=AXIS2_PLACEMENT_3D('',#9292,#7384,#7385);
#6037=AXIS2_PLACEMENT_3D('',#9295,#7386,#7387);
#6038=AXIS2_PLACEMENT_3D('',#9296,#7388,#7389);
#6039=AXIS2_PLACEMENT_3D('',#9297,#7390,#7391);
#6040=AXIS2_PLACEMENT_3D('',#9298,#7392,#7393);
#6041=AXIS2_PLACEMENT_3D('',#9301,#7394,#7395);
#6042=AXIS2_PLACEMENT_3D('',#9304,#7398,#7399);
#6043=AXIS2_PLACEMENT_3D('',#9307,#7400,#7401);
#6044=AXIS2_PLACEMENT_3D('',#9308,#7402,#7403);
#6045=AXIS2_PLACEMENT_3D('',#9309,#7404,#7405);
#6046=AXIS2_PLACEMENT_3D('',#9310,#7406,#7407);
#6047=AXIS2_PLACEMENT_3D('',#9313,#7408,#7409);
#6048=AXIS2_PLACEMENT_3D('',#9316,#7412,#7413);
#6049=AXIS2_PLACEMENT_3D('',#9319,#7414,#7415);
#6050=AXIS2_PLACEMENT_3D('',#9320,#7416,#7417);
#6051=AXIS2_PLACEMENT_3D('',#9321,#7418,#7419);
#6052=AXIS2_PLACEMENT_3D('',#9322,#7420,#7421);
#6053=AXIS2_PLACEMENT_3D('',#9325,#7422,#7423);
#6054=AXIS2_PLACEMENT_3D('',#9328,#7426,#7427);
#6055=AXIS2_PLACEMENT_3D('',#9331,#7428,#7429);
#6056=AXIS2_PLACEMENT_3D('',#9332,#7430,#7431);
#6057=AXIS2_PLACEMENT_3D('',#9333,#7432,#7433);
#6058=AXIS2_PLACEMENT_3D('',#9334,#7434,#7435);
#6059=AXIS2_PLACEMENT_3D('',#9339,#7438,#7439);
#6060=AXIS2_PLACEMENT_3D('',#9340,#7440,#7441);
#6061=AXIS2_PLACEMENT_3D('',#9344,#7443,#7444);
#6062=AXIS2_PLACEMENT_3D('',#9348,#7446,#7447);
#6063=AXIS2_PLACEMENT_3D('',#9350,#7449,#7450);
#6064=AXIS2_PLACEMENT_3D('',#9355,#7453,#7454);
#6065=AXIS2_PLACEMENT_3D('',#9357,#7455,#7456);
#6066=AXIS2_PLACEMENT_3D('',#9358,#7457,#7458);
#6067=AXIS2_PLACEMENT_3D('',#9359,#7459,#7460);
#6068=AXIS2_PLACEMENT_3D('',#9360,#7461,#7462);
#6069=AXIS2_PLACEMENT_3D('',#9361,#7463,#7464);
#6070=AXIS2_PLACEMENT_3D('',#9375,#7472,#7473);
#6071=AXIS2_PLACEMENT_3D('',#9386,#7474,#7475);
#6072=AXIS2_PLACEMENT_3D('',#9388,#7476,#7477);
#6073=AXIS2_PLACEMENT_3D('',#9389,#7478,#7479);
#6074=AXIS2_PLACEMENT_3D('',#9400,#7480,#7481);
#6075=AXIS2_PLACEMENT_3D('',#9402,#7482,#7483);
#6076=AXIS2_PLACEMENT_3D('',#9404,#7484,#7485);
#6077=AXIS2_PLACEMENT_3D('',#9405,#7486,#7487);
#6078=AXIS2_PLACEMENT_3D('',#9406,#7488,#7489);
#6079=AXIS2_PLACEMENT_3D('',#9408,#7490,#7491);
#6080=AXIS2_PLACEMENT_3D('',#9410,#7493,#7494);
#6081=AXIS2_PLACEMENT_3D('',#9413,#7496,#7497);
#6082=AXIS2_PLACEMENT_3D('',#9414,#7498,#7499);
#6083=AXIS2_PLACEMENT_3D('',#9418,#7501,#7502);
#6084=AXIS2_PLACEMENT_3D('',#9419,#7503,#7504);
#6085=AXIS2_PLACEMENT_3D('',#9420,#7505,#7506);
#6086=AXIS2_PLACEMENT_3D('',#9422,#7507,#7508);
#6087=AXIS2_PLACEMENT_3D('',#9423,#7509,#7510);
#6088=AXIS2_PLACEMENT_3D('',#9424,#7511,#7512);
#6089=AXIS2_PLACEMENT_3D('',#9426,#7513,#7514);
#6090=AXIS2_PLACEMENT_3D('',#9428,#7516,#7517);
#6091=AXIS2_PLACEMENT_3D('',#9430,#7518,#7519);
#6092=AXIS2_PLACEMENT_3D('',#9431,#7520,#7521);
#6093=AXIS2_PLACEMENT_3D('',#9432,#7522,#7523);
#6094=AXIS2_PLACEMENT_3D('',#9434,#7524,#7525);
#6095=AXIS2_PLACEMENT_3D('',#9436,#7527,#7528);
#6096=AXIS2_PLACEMENT_3D('',#9437,#7529,#7530);
#6097=AXIS2_PLACEMENT_3D('',#9438,#7531,#7532);
#6098=AXIS2_PLACEMENT_3D('',#9440,#7533,#7534);
#6099=AXIS2_PLACEMENT_3D('',#9442,#7536,#7537);
#6100=AXIS2_PLACEMENT_3D('',#9444,#7538,#7539);
#6101=AXIS2_PLACEMENT_3D('',#9445,#7540,#7541);
#6102=AXIS2_PLACEMENT_3D('',#9446,#7542,#7543);
#6103=AXIS2_PLACEMENT_3D('',#9448,#7544,#7545);
#6104=AXIS2_PLACEMENT_3D('',#9450,#7547,#7548);
#6105=AXIS2_PLACEMENT_3D('',#9452,#7550,#7551);
#6106=AXIS2_PLACEMENT_3D('',#9453,#7552,#7553);
#6107=AXIS2_PLACEMENT_3D('',#9454,#7554,#7555);
#6108=AXIS2_PLACEMENT_3D('',#9455,#7556,#7557);
#6109=AXIS2_PLACEMENT_3D('',#9456,#7558,#7559);
#6110=AXIS2_PLACEMENT_3D('',#9462,#7563,#7564);
#6111=AXIS2_PLACEMENT_3D('',#9466,#7566,#7567);
#6112=AXIS2_PLACEMENT_3D('',#9471,#7568,#7569);
#6113=AXIS2_PLACEMENT_3D('',#9472,#7570,#7571);
#6114=AXIS2_PLACEMENT_3D('',#9476,#7574,#7575);
#6115=AXIS2_PLACEMENT_3D('',#9479,#7577,#7578);
#6116=AXIS2_PLACEMENT_3D('',#9480,#7579,#7580);
#6117=AXIS2_PLACEMENT_3D('',#9484,#7583,#7584);
#6118=AXIS2_PLACEMENT_3D('',#9487,#7586,#7587);
#6119=AXIS2_PLACEMENT_3D('',#9488,#7588,#7589);
#6120=AXIS2_PLACEMENT_3D('',#9505,#7599,#7600);
#6121=AXIS2_PLACEMENT_3D('',#9508,#7602,#7603);
#6122=AXIS2_PLACEMENT_3D('',#9509,#7604,#7605);
#6123=AXIS2_PLACEMENT_3D('',#9513,#7608,#7609);
#6124=AXIS2_PLACEMENT_3D('',#9516,#7611,#7612);
#6125=AXIS2_PLACEMENT_3D('',#9517,#7613,#7614);
#6126=AXIS2_PLACEMENT_3D('',#9528,#7621,#7622);
#6127=AXIS2_PLACEMENT_3D('',#9530,#7624,#7625);
#6128=AXIS2_PLACEMENT_3D('',#9536,#7629,#7630);
#6129=AXIS2_PLACEMENT_3D('',#9540,#7633,#7634);
#6130=AXIS2_PLACEMENT_3D('',#9543,#7637,#7638);
#6131=AXIS2_PLACEMENT_3D('',#9565,#7651,#7652);
#6132=AXIS2_PLACEMENT_3D('',#9572,#7657,#7658);
#6133=AXIS2_PLACEMENT_3D('',#9574,#7660,#7661);
#6134=AXIS2_PLACEMENT_3D('',#9577,#7664,#7665);
#6135=AXIS2_PLACEMENT_3D('',#9578,#7666,#7667);
#6136=AXIS2_PLACEMENT_3D('',#9582,#7669,#7670);
#6137=AXIS2_PLACEMENT_3D('',#9584,#7672,#7673);
#6138=AXIS2_PLACEMENT_3D('',#9586,#7675,#7676);
#6139=AXIS2_PLACEMENT_3D('',#9590,#7679,#7680);
#6140=AXIS2_PLACEMENT_3D('',#9594,#7682,#7683);
#6141=AXIS2_PLACEMENT_3D('',#9596,#7685,#7686);
#6142=AXIS2_PLACEMENT_3D('',#9600,#7689,#7690);
#6143=AXIS2_PLACEMENT_3D('',#9601,#7691,#7692);
#6144=AXIS2_PLACEMENT_3D('',#9602,#7693,#7694);
#6145=AXIS2_PLACEMENT_3D('',#9603,#7695,#7696);
#6146=AXIS2_PLACEMENT_3D('',#9604,#7697,#7698);
#6147=AXIS2_PLACEMENT_3D('',#9606,#7699,#7700);
#6148=AXIS2_PLACEMENT_3D('',#9607,#7701,#7702);
#6149=AXIS2_PLACEMENT_3D('',#9616,#7708,#7709);
#6150=AXIS2_PLACEMENT_3D('',#9618,#7710,#7711);
#6151=AXIS2_PLACEMENT_3D('',#9619,#7712,#7713);
#6152=AXIS2_PLACEMENT_3D('',#9621,#7714,#7715);
#6153=AXIS2_PLACEMENT_3D('',#9622,#7716,#7717);
#6154=AXIS2_PLACEMENT_3D('',#9624,#7718,#7719);
#6155=AXIS2_PLACEMENT_3D('',#9625,#7720,#7721);
#6156=AXIS2_PLACEMENT_3D('',#9627,#7723,#7724);
#6157=AXIS2_PLACEMENT_3D('',#9629,#7725,#7726);
#6158=AXIS2_PLACEMENT_3D('',#9631,#7728,#7729);
#6159=AXIS2_PLACEMENT_3D('',#9634,#7731,#7732);
#6160=AXIS2_PLACEMENT_3D('',#9635,#7733,#7734);
#6161=AXIS2_PLACEMENT_3D('',#9637,#7735,#7736);
#6162=AXIS2_PLACEMENT_3D('',#9638,#7737,#7738);
#6163=AXIS2_PLACEMENT_3D('',#9641,#7740,#7741);
#6164=AXIS2_PLACEMENT_3D('',#9642,#7742,#7743);
#6165=AXIS2_PLACEMENT_3D('',#9644,#7744,#7745);
#6166=AXIS2_PLACEMENT_3D('',#9645,#7746,#7747);
#6167=AXIS2_PLACEMENT_3D('',#9647,#7749,#7750);
#6168=AXIS2_PLACEMENT_3D('',#9649,#7751,#7752);
#6169=AXIS2_PLACEMENT_3D('',#9651,#7754,#7755);
#6170=AXIS2_PLACEMENT_3D('',#9653,#7757,#7758);
#6171=AXIS2_PLACEMENT_3D('',#9654,#7759,#7760);
#6172=AXIS2_PLACEMENT_3D('',#9656,#7762,#7763);
#6173=AXIS2_PLACEMENT_3D('',#9658,#7765,#7766);
#6174=AXIS2_PLACEMENT_3D('',#9660,#7768,#7769);
#6175=AXIS2_PLACEMENT_3D('',#9661,#7770,#7771);
#6176=AXIS2_PLACEMENT_3D('',#9663,#7773,#7774);
#6177=AXIS2_PLACEMENT_3D('',#9664,#7775,#7776);
#6178=AXIS2_PLACEMENT_3D('',#9666,#7778,#7779);
#6179=AXIS2_PLACEMENT_3D('',#9668,#7781,#7782);
#6180=AXIS2_PLACEMENT_3D('',#9669,#7783,#7784);
#6181=AXIS2_PLACEMENT_3D('',#9671,#7785,#7786);
#6182=AXIS2_PLACEMENT_3D('',#9672,#7787,#7788);
#6183=AXIS2_PLACEMENT_3D('',#9680,#7794,#7795);
#6184=AXIS2_PLACEMENT_3D('',#9682,#7796,#7797);
#6185=AXIS2_PLACEMENT_3D('',#9683,#7798,#7799);
#6186=AXIS2_PLACEMENT_3D('',#9685,#7800,#7801);
#6187=AXIS2_PLACEMENT_3D('',#9686,#7802,#7803);
#6188=AXIS2_PLACEMENT_3D('',#9688,#7804,#7805);
#6189=AXIS2_PLACEMENT_3D('',#9689,#7806,#7807);
#6190=AXIS2_PLACEMENT_3D('',#9691,#7809,#7810);
#6191=AXIS2_PLACEMENT_3D('',#9693,#7811,#7812);
#6192=AXIS2_PLACEMENT_3D('',#9695,#7814,#7815);
#6193=AXIS2_PLACEMENT_3D('',#9697,#7816,#7817);
#6194=AXIS2_PLACEMENT_3D('',#9698,#7818,#7819);
#6195=AXIS2_PLACEMENT_3D('',#9700,#7820,#7821);
#6196=AXIS2_PLACEMENT_3D('',#9701,#7822,#7823);
#6197=AXIS2_PLACEMENT_3D('',#9703,#7825,#7826);
#6198=AXIS2_PLACEMENT_3D('',#9705,#7827,#7828);
#6199=AXIS2_PLACEMENT_3D('',#9707,#7830,#7831);
#6200=AXIS2_PLACEMENT_3D('',#9708,#7832,#7833);
#6201=AXIS2_PLACEMENT_3D('',#9709,#7834,#7835);
#6202=AXIS2_PLACEMENT_3D('',#9711,#7837,#7838);
#6203=AXIS2_PLACEMENT_3D('',#9713,#7840,#7841);
#6204=AXIS2_PLACEMENT_3D('',#9714,#7842,#7843);
#6205=AXIS2_PLACEMENT_3D('',#9716,#7845,#7846);
#6206=AXIS2_PLACEMENT_3D('',#9718,#7848,#7849);
#6207=AXIS2_PLACEMENT_3D('',#9721,#7852,#7853);
#6208=AXIS2_PLACEMENT_3D('',#9722,#7854,#7855);
#6209=AXIS2_PLACEMENT_3D('',#9726,#7857,#7858);
#6210=AXIS2_PLACEMENT_3D('',#9728,#7860,#7861);
#6211=AXIS2_PLACEMENT_3D('',#9730,#7863,#7864);
#6212=AXIS2_PLACEMENT_3D('',#9734,#7867,#7868);
#6213=AXIS2_PLACEMENT_3D('',#9738,#7870,#7871);
#6214=AXIS2_PLACEMENT_3D('',#9740,#7873,#7874);
#6215=AXIS2_PLACEMENT_3D('',#9744,#7877,#7878);
#6216=AXIS2_PLACEMENT_3D('',#9745,#7879,#7880);
#6217=AXIS2_PLACEMENT_3D('',#9746,#7881,#7882);
#6218=AXIS2_PLACEMENT_3D('',#9747,#7883,#7884);
#6219=AXIS2_PLACEMENT_3D('',#9748,#7885,#7886);
#6220=AXIS2_PLACEMENT_3D('',#9750,#7887,#7888);
#6221=AXIS2_PLACEMENT_3D('',#9751,#7889,#7890);
#6222=AXIS2_PLACEMENT_3D('',#9760,#7896,#7897);
#6223=AXIS2_PLACEMENT_3D('',#9762,#7898,#7899);
#6224=AXIS2_PLACEMENT_3D('',#9763,#7900,#7901);
#6225=AXIS2_PLACEMENT_3D('',#9765,#7902,#7903);
#6226=AXIS2_PLACEMENT_3D('',#9766,#7904,#7905);
#6227=AXIS2_PLACEMENT_3D('',#9768,#7906,#7907);
#6228=AXIS2_PLACEMENT_3D('',#9769,#7908,#7909);
#6229=AXIS2_PLACEMENT_3D('',#9771,#7911,#7912);
#6230=AXIS2_PLACEMENT_3D('',#9773,#7913,#7914);
#6231=AXIS2_PLACEMENT_3D('',#9775,#7916,#7917);
#6232=AXIS2_PLACEMENT_3D('',#9777,#7918,#7919);
#6233=AXIS2_PLACEMENT_3D('',#9778,#7920,#7921);
#6234=AXIS2_PLACEMENT_3D('',#9780,#7922,#7923);
#6235=AXIS2_PLACEMENT_3D('',#9781,#7924,#7925);
#6236=AXIS2_PLACEMENT_3D('',#9783,#7927,#7928);
#6237=AXIS2_PLACEMENT_3D('',#9785,#7929,#7930);
#6238=AXIS2_PLACEMENT_3D('',#9787,#7932,#7933);
#6239=AXIS2_PLACEMENT_3D('',#9789,#7935,#7936);
#6240=AXIS2_PLACEMENT_3D('',#9790,#7937,#7938);
#6241=AXIS2_PLACEMENT_3D('',#9792,#7940,#7941);
#6242=AXIS2_PLACEMENT_3D('',#9794,#7943,#7944);
#6243=AXIS2_PLACEMENT_3D('',#9796,#7946,#7947);
#6244=AXIS2_PLACEMENT_3D('',#9797,#7948,#7949);
#6245=AXIS2_PLACEMENT_3D('',#9799,#7951,#7952);
#6246=AXIS2_PLACEMENT_3D('',#9800,#7953,#7954);
#6247=AXIS2_PLACEMENT_3D('',#9802,#7956,#7957);
#6248=AXIS2_PLACEMENT_3D('',#9805,#7960,#7961);
#6249=AXIS2_PLACEMENT_3D('',#9806,#7962,#7963);
#6250=AXIS2_PLACEMENT_3D('',#9810,#7965,#7966);
#6251=AXIS2_PLACEMENT_3D('',#9812,#7968,#7969);
#6252=AXIS2_PLACEMENT_3D('',#9814,#7971,#7972);
#6253=AXIS2_PLACEMENT_3D('',#9818,#7975,#7976);
#6254=AXIS2_PLACEMENT_3D('',#9822,#7978,#7979);
#6255=AXIS2_PLACEMENT_3D('',#9824,#7981,#7982);
#6256=AXIS2_PLACEMENT_3D('',#9828,#7985,#7986);
#6257=AXIS2_PLACEMENT_3D('',#9829,#7987,#7988);
#6258=AXIS2_PLACEMENT_3D('',#9830,#7989,#7990);
#6259=AXIS2_PLACEMENT_3D('',#9831,#7991,#7992);
#6260=AXIS2_PLACEMENT_3D('',#9832,#7993,#7994);
#6261=AXIS2_PLACEMENT_3D('',#9834,#7995,#7996);
#6262=AXIS2_PLACEMENT_3D('',#9835,#7997,#7998);
#6263=AXIS2_PLACEMENT_3D('',#9844,#8004,#8005);
#6264=AXIS2_PLACEMENT_3D('',#9846,#8006,#8007);
#6265=AXIS2_PLACEMENT_3D('',#9847,#8008,#8009);
#6266=AXIS2_PLACEMENT_3D('',#9849,#8010,#8011);
#6267=AXIS2_PLACEMENT_3D('',#9850,#8012,#8013);
#6268=AXIS2_PLACEMENT_3D('',#9852,#8014,#8015);
#6269=AXIS2_PLACEMENT_3D('',#9853,#8016,#8017);
#6270=AXIS2_PLACEMENT_3D('',#9855,#8019,#8020);
#6271=AXIS2_PLACEMENT_3D('',#9857,#8021,#8022);
#6272=AXIS2_PLACEMENT_3D('',#9859,#8024,#8025);
#6273=AXIS2_PLACEMENT_3D('',#9861,#8026,#8027);
#6274=AXIS2_PLACEMENT_3D('',#9862,#8028,#8029);
#6275=AXIS2_PLACEMENT_3D('',#9864,#8030,#8031);
#6276=AXIS2_PLACEMENT_3D('',#9865,#8032,#8033);
#6277=AXIS2_PLACEMENT_3D('',#9867,#8035,#8036);
#6278=AXIS2_PLACEMENT_3D('',#9869,#8037,#8038);
#6279=AXIS2_PLACEMENT_3D('',#9871,#8040,#8041);
#6280=AXIS2_PLACEMENT_3D('',#9873,#8043,#8044);
#6281=AXIS2_PLACEMENT_3D('',#9874,#8045,#8046);
#6282=AXIS2_PLACEMENT_3D('',#9876,#8048,#8049);
#6283=AXIS2_PLACEMENT_3D('',#9878,#8051,#8052);
#6284=AXIS2_PLACEMENT_3D('',#9880,#8054,#8055);
#6285=AXIS2_PLACEMENT_3D('',#9881,#8056,#8057);
#6286=AXIS2_PLACEMENT_3D('',#9883,#8059,#8060);
#6287=DIRECTION('axis',(0.,0.,1.));
#6288=DIRECTION('refdir',(1.,0.,0.));
#6289=DIRECTION('center_axis',(1.,0.,0.));
#6290=DIRECTION('ref_axis',(0.,0.700909264299881,-0.713250449154152));
#6291=DIRECTION('center_axis',(-0.707106781186548,-0.00617059242716341,
-0.707079856727016));
#6292=DIRECTION('ref_axis',(0.707106781186547,-0.00617059242716346,-0.707079856727017));
#6293=DIRECTION('',(-1.,0.,0.));
#6294=DIRECTION('center_axis',(1.,0.,0.));
#6295=DIRECTION('ref_axis',(0.,0.700909264299881,-0.713250449154152));
#6296=DIRECTION('',(1.,0.,0.));
#6297=DIRECTION('center_axis',(0.,-0.00872653549828946,-0.999961923064172));
#6298=DIRECTION('ref_axis',(-1.,0.,0.));
#6299=DIRECTION('',(0.,-0.999961923064171,0.00872653549837201));
#6300=DIRECTION('',(1.,2.87394434447449E-14,-2.5080532331985E-16));
#6301=DIRECTION('',(0.,-0.999961923064172,0.00872653549828946));
#6302=DIRECTION('',(0.,0.999961923064171,-0.00872653549837212));
#6303=DIRECTION('center_axis',(0.,-0.00872653549837209,-0.999961923064171));
#6304=DIRECTION('ref_axis',(0.70710678118654,0.707079856727024,-0.00617059242716348));
#6305=DIRECTION('',(0.,0.00872653549837209,0.999961923064171));
#6306=DIRECTION('center_axis',(0.,0.00872653549837125,0.999961923064171));
#6307=DIRECTION('ref_axis',(1.,0.,0.));
#6308=DIRECTION('',(0.,-0.00872653549837209,-0.999961923064171));
#6309=DIRECTION('center_axis',(0.,1.,0.));
#6310=DIRECTION('ref_axis',(0.,0.,1.));
#6311=DIRECTION('center_axis',(0.,-1.,0.));
#6312=DIRECTION('ref_axis',(1.,0.,0.));
#6313=DIRECTION('center_axis',(-1.,0.,0.));
#6314=DIRECTION('ref_axis',(0.,0.,-1.));
#6315=DIRECTION('center_axis',(0.,1.,0.));
#6316=DIRECTION('ref_axis',(1.,0.,0.));
#6317=DIRECTION('center_axis',(0.,1.,0.));
#6318=DIRECTION('ref_axis',(1.,0.,0.));
#6319=DIRECTION('center_axis',(0.,-1.,0.));
#6320=DIRECTION('ref_axis',(1.,0.,0.));
#6321=DIRECTION('center_axis',(-0.707106781186544,0.,-0.707106781186551));
#6322=DIRECTION('ref_axis',(0.500000000000007,-0.707106781186542,-0.500000000000001));
#6323=DIRECTION('',(-0.707106781186544,0.,-0.707106781186551));
#6324=DIRECTION('center_axis',(-0.707106781186548,0.,-0.707106781186547));
#6325=DIRECTION('ref_axis',(0.707106781186547,0.,-0.707106781186548));
#6326=DIRECTION('',(0.707106781186544,0.,0.707106781186551));
#6327=DIRECTION('center_axis',(-0.707106781186544,0.,-0.707106781186551));
#6328=DIRECTION('ref_axis',(0.707106781186551,0.,-0.707106781186544));
#6329=DIRECTION('center_axis',(0.,1.,0.));
#6330=DIRECTION('ref_axis',(1.,0.,0.));
#6331=DIRECTION('',(0.,1.,0.));
#6332=DIRECTION('center_axis',(0.,1.,0.));
#6333=DIRECTION('ref_axis',(1.,0.,0.));
#6334=DIRECTION('center_axis',(0.,1.,0.));
#6335=DIRECTION('ref_axis',(0.,0.,1.));
#6336=DIRECTION('center_axis',(0.,-1.,0.));
#6337=DIRECTION('ref_axis',(1.,0.,0.));
#6338=DIRECTION('center_axis',(-1.,0.,0.));
#6339=DIRECTION('ref_axis',(0.,0.,-1.));
#6340=DIRECTION('center_axis',(0.,1.,0.));
#6341=DIRECTION('ref_axis',(1.,0.,0.));
#6342=DIRECTION('center_axis',(0.,1.,0.));
#6343=DIRECTION('ref_axis',(1.,0.,0.));
#6344=DIRECTION('center_axis',(0.,-1.,0.));
#6345=DIRECTION('ref_axis',(2.56867174625748E-14,0.,-1.));
#6346=DIRECTION('center_axis',(0.,-1.,0.));
#6347=DIRECTION('ref_axis',(-0.382683432365092,0.,0.923879532511286));
#6348=DIRECTION('',(-1.,0.,0.));
#6349=DIRECTION('center_axis',(0.,1.,0.));
#6350=DIRECTION('ref_axis',(0.707106781186548,0.,-0.707106781186547));
#6351=DIRECTION('',(0.,0.,-1.));
#6352=DIRECTION('',(1.,0.,-1.16561541361811E-30));
#6353=DIRECTION('',(0.,0.,1.));
#6354=DIRECTION('',(1.,0.,-1.16561541361811E-30));
#6355=DIRECTION('',(-3.25965556124157E-16,0.,1.));
#6356=DIRECTION('',(-1.,0.,-2.56672523833499E-14));
#6357=DIRECTION('',(0.,0.,-1.));
#6358=DIRECTION('',(1.,0.,0.));
#6359=DIRECTION('center_axis',(0.,-1.,0.));
#6360=DIRECTION('ref_axis',(-0.38268343236508,0.,-0.923879532511291));
#6361=DIRECTION('',(0.707106781186567,0.,-0.707106781186528));
#6362=DIRECTION('center_axis',(0.,-1.,0.));
#6363=DIRECTION('ref_axis',(-0.923879532511282,0.,-0.382683432365102));
#6364=DIRECTION('',(0.,0.,-1.));
#6365=DIRECTION('center_axis',(0.,-1.,0.));
#6366=DIRECTION('ref_axis',(-0.923879532511288,0.,0.382683432365086));
#6367=DIRECTION('',(-0.707106781186544,0.,-0.707106781186551));
#6368=DIRECTION('center_axis',(0.,-1.,0.));
#6369=DIRECTION('ref_axis',(1.,0.,0.));
#6370=DIRECTION('center_axis',(0.,-1.,0.));
#6371=DIRECTION('ref_axis',(1.,0.,0.));
#6372=DIRECTION('center_axis',(0.,-1.,0.));
#6373=DIRECTION('ref_axis',(-0.38268343236509,0.,0.923879532511287));
#6374=DIRECTION('',(-1.,0.,0.));
#6375=DIRECTION('center_axis',(0.,1.,0.));
#6376=DIRECTION('ref_axis',(0.707106781186547,0.,-0.707106781186548));
#6377=DIRECTION('',(0.,0.,-1.));
#6378=DIRECTION('',(1.,0.,-1.16561541361811E-30));
#6379=DIRECTION('',(-3.25965556124157E-16,0.,1.));
#6380=DIRECTION('',(-1.,0.,-2.56672523833499E-14));
#6381=DIRECTION('',(0.,0.,-1.));
#6382=DIRECTION('',(1.,0.,0.));
#6383=DIRECTION('center_axis',(0.,-1.,0.));
#6384=DIRECTION('ref_axis',(-0.382683432365076,0.,-0.923879532511292));
#6385=DIRECTION('',(0.707106781186567,0.,-0.707106781186528));
#6386=DIRECTION('center_axis',(0.,-1.,0.));
#6387=DIRECTION('ref_axis',(-0.923879532511282,0.,-0.382683432365102));
#6388=DIRECTION('',(0.,0.,-1.));
#6389=DIRECTION('center_axis',(0.,-1.,0.));
#6390=DIRECTION('ref_axis',(-0.923879532511288,0.,0.382683432365088));
#6391=DIRECTION('center_axis',(0.,-1.,0.));
#6392=DIRECTION('ref_axis',(1.,0.,0.));
#6393=DIRECTION('center_axis',(0.,1.,0.));
#6394=DIRECTION('ref_axis',(1.,0.,0.));
#6395=DIRECTION('',(0.,1.,0.));
#6396=DIRECTION('center_axis',(0.,1.,0.));
#6397=DIRECTION('ref_axis',(1.,0.,0.));
#6398=DIRECTION('center_axis',(-1.,0.,0.));
#6399=DIRECTION('ref_axis',(0.,-0.70710678118655,0.707106781186545));
#6400=DIRECTION('',(-1.,0.,0.));
#6401=DIRECTION('center_axis',(1.,0.,0.));
#6402=DIRECTION('ref_axis',(0.,0.,1.));
#6403=DIRECTION('center_axis',(-0.707106781186549,0.,0.707106781186546));
#6404=DIRECTION('ref_axis',(0.707106781186546,0.,0.707106781186549));
#6405=DIRECTION('center_axis',(0.,-1.,0.));
#6406=DIRECTION('ref_axis',(0.,0.,-1.));
#6407=DIRECTION('center_axis',(0.707106781186566,0.,-0.707106781186529));
#6408=DIRECTION('ref_axis',(0.707106781186529,0.,0.707106781186566));
#6409=DIRECTION('center_axis',(0.,1.,0.));
#6410=DIRECTION('ref_axis',(-0.382683432365076,0.,-0.923879532511292));
#6411=DIRECTION('center_axis',(0.707106781186567,0.,-0.707106781186528));
#6412=DIRECTION('ref_axis',(0.499999999999988,-0.707106781186546,0.500000000000014));
#6413=DIRECTION('center_axis',(0.707106781186567,0.,-0.707106781186528));
#6414=DIRECTION('ref_axis',(0.707106781186528,0.,0.707106781186567));
#6415=DIRECTION('',(-0.707106781186567,0.,0.707106781186528));
#6416=DIRECTION('center_axis',(0.,-1.,0.));
#6417=DIRECTION('ref_axis',(0.,0.,-1.));
#6418=DIRECTION('center_axis',(-9.25185853854303E-16,0.,-1.));
#6419=DIRECTION('ref_axis',(1.,0.,-9.25185853854303E-16));
#6420=DIRECTION('center_axis',(0.,1.,0.));
#6421=DIRECTION('ref_axis',(-0.923879532511282,0.,-0.382683432365102));
#6422=DIRECTION('center_axis',(0.,0.,1.));
#6423=DIRECTION('ref_axis',(0.707106781186553,-0.707106781186542,0.));
#6424=DIRECTION('center_axis',(0.,0.,-1.));
#6425=DIRECTION('ref_axis',(1.,0.,0.));
#6426=DIRECTION('',(0.,0.,1.));
#6427=DIRECTION('center_axis',(0.,-1.,0.));
#6428=DIRECTION('ref_axis',(0.,0.,-1.));
#6429=DIRECTION('center_axis',(0.,1.,0.));
#6430=DIRECTION('ref_axis',(-0.923879532511288,0.,0.382683432365088));
#6431=DIRECTION('center_axis',(0.,-1.,0.));
#6432=DIRECTION('ref_axis',(0.,0.,-1.));
#6433=DIRECTION('center_axis',(0.,1.,0.));
#6434=DIRECTION('ref_axis',(-0.382683432365092,0.,0.923879532511286));
#6435=DIRECTION('center_axis',(-1.,0.,0.));
#6436=DIRECTION('ref_axis',(0.,0.,-1.));
#6437=DIRECTION('center_axis',(1.,0.,0.));
#6438=DIRECTION('ref_axis',(0.,-0.70710678118655,-0.707106781186545));
#6439=DIRECTION('center_axis',(-1.,0.,0.));
#6440=DIRECTION('ref_axis',(0.,0.,-1.));
#6441=DIRECTION('',(1.,0.,0.));
#6442=DIRECTION('center_axis',(0.,1.,0.));
#6443=DIRECTION('ref_axis',(0.,0.,1.));
#6444=DIRECTION('center_axis',(0.,0.,-1.));
#6445=DIRECTION('ref_axis',(1.,0.,0.));
#6446=DIRECTION('center_axis',(0.,-1.,0.));
#6447=DIRECTION('ref_axis',(0.707106781186548,0.,-0.707106781186547));
#6448=DIRECTION('center_axis',(0.,0.,1.));
#6449=DIRECTION('ref_axis',(0.707106781186553,-0.707106781186542,0.));
#6450=DIRECTION('center_axis',(-4.92714366105345E-44,3.81848622811233E-43,
1.));
#6451=DIRECTION('ref_axis',(0.707106781186553,-0.707106781186542,0.));
#6452=DIRECTION('',(0.,0.,1.));
#6453=DIRECTION('center_axis',(0.,0.,1.));
#6454=DIRECTION('ref_axis',(0.707106781186553,-0.707106781186542,0.));
#6455=DIRECTION('',(0.,0.,1.));
#6456=DIRECTION('center_axis',(0.707106781186536,0.,0.707106781186559));
#6457=DIRECTION('ref_axis',(0.707106781186559,0.,-0.707106781186536));
#6458=DIRECTION('center_axis',(1.,0.,2.56672523833499E-14));
#6459=DIRECTION('ref_axis',(2.09345661157836E-14,-0.70710678118655,-0.707106781186545));
#6460=DIRECTION('',(1.,0.,2.56672523833499E-14));
#6461=DIRECTION('center_axis',(0.707106781186224,0.,-0.707106781186871));
#6462=DIRECTION('ref_axis',(-0.707106781186871,0.,-0.707106781186224));
#6463=DIRECTION('center_axis',(-3.25965556124157E-16,0.,1.));
#6464=DIRECTION('ref_axis',(-0.707106781186532,-0.707106781186563,0.));
#6465=DIRECTION('center_axis',(-4.92714366105345E-44,3.81848622811233E-43,
1.));
#6466=DIRECTION('ref_axis',(-0.707106781186532,-0.707106781186563,0.));
#6467=DIRECTION('',(3.25965556124157E-16,0.,-1.));
#6468=DIRECTION('center_axis',(1.,0.,0.));
#6469=DIRECTION('ref_axis',(0.,0.00872653549837281,0.999961923064171));
#6470=DIRECTION('',(0.,-1.,0.));
#6471=DIRECTION('',(0.,0.00872653549837281,0.999961923064171));
#6472=DIRECTION('',(0.,-1.,0.));
#6473=DIRECTION('center_axis',(0.,1.,0.));
#6474=DIRECTION('ref_axis',(0.707106781186548,0.,-0.707106781186548));
#6475=DIRECTION('',(0.,1.,0.));
#6476=DIRECTION('center_axis',(0.,-1.,0.));
#6477=DIRECTION('ref_axis',(0.707106781186548,0.,-0.707106781186548));
#6478=DIRECTION('center_axis',(-2.91397119324188E-14,0.999961923064171,
-0.00872653549837138));
#6479=DIRECTION('ref_axis',(-3.41658126038478E-12,-0.00872653549837138,
-0.999961923064171));
#6480=DIRECTION('center_axis',(0.,0.,-1.));
#6481=DIRECTION('ref_axis',(-1.,0.,0.));
#6482=DIRECTION('',(0.,-1.,0.));
#6483=DIRECTION('',(-1.,0.,0.));
#6484=DIRECTION('center_axis',(0.,1.,0.));
#6485=DIRECTION('ref_axis',(-0.382683432365092,0.,0.923879532511286));
#6486=DIRECTION('',(0.,1.,0.));
#6487=DIRECTION('center_axis',(0.,1.,0.));
#6488=DIRECTION('ref_axis',(-0.382683432365092,0.,0.923879532511286));
#6489=DIRECTION('center_axis',(0.707106781186551,0.,-0.707106781186544));
#6490=DIRECTION('ref_axis',(-0.707106781186544,0.,-0.707106781186551));
#6491=DIRECTION('',(0.,-1.,0.));
#6492=DIRECTION('',(-0.707106781186544,0.,-0.707106781186551));
#6493=DIRECTION('center_axis',(0.,-1.,0.));
#6494=DIRECTION('ref_axis',(-0.923879532511288,0.,0.382683432365088));
#6495=DIRECTION('',(0.,1.,0.));
#6496=DIRECTION('center_axis',(0.,1.,0.));
#6497=DIRECTION('ref_axis',(-0.923879532511288,0.,0.382683432365088));
#6498=DIRECTION('center_axis',(1.,0.,0.));
#6499=DIRECTION('ref_axis',(0.,0.00872653549837281,0.999961923064171));
#6500=DIRECTION('',(0.,-1.,0.));
#6501=DIRECTION('',(0.,0.,-1.));
#6502=DIRECTION('',(0.,1.,0.));
#6503=DIRECTION('',(0.,0.00872653549837212,0.999961923064171));
#6504=DIRECTION('',(0.,-0.999961923064171,0.00872653549837201));
#6505=DIRECTION('',(0.,-0.00872653549837209,-0.999961923064171));
#6506=DIRECTION('',(0.,0.999961923064171,-0.00872653549837201));
#6507=DIRECTION('',(0.,0.00872653549837201,0.999961923064171));
#6508=DIRECTION('',(0.,0.999961923064171,-0.00872653549838011));
#6509=DIRECTION('',(0.,0.,-1.));
#6510=DIRECTION('center_axis',(0.,1.,0.));
#6511=DIRECTION('ref_axis',(-0.923879532511282,0.,-0.382683432365102));
#6512=DIRECTION('',(0.,1.,0.));
#6513=DIRECTION('center_axis',(0.,1.,0.));
#6514=DIRECTION('ref_axis',(-0.923879532511282,0.,-0.382683432365102));
#6515=DIRECTION('center_axis',(0.707106781186528,0.,0.707106781186567));
#6516=DIRECTION('ref_axis',(0.707106781186567,0.,-0.707106781186528));
#6517=DIRECTION('',(0.,-1.,0.));
#6518=DIRECTION('',(-0.707106781186567,0.,0.707106781186528));
#6519=DIRECTION('center_axis',(0.,-1.,0.));
#6520=DIRECTION('ref_axis',(-0.382683432365077,0.,-0.923879532511292));
#6521=DIRECTION('',(0.,1.,0.));
#6522=DIRECTION('center_axis',(0.,1.,0.));
#6523=DIRECTION('ref_axis',(-0.382683432365077,0.,-0.923879532511292));
#6524=DIRECTION('center_axis',(0.,0.,-1.));
#6525=DIRECTION('ref_axis',(-1.,0.,0.));
#6526=DIRECTION('',(0.,-1.,0.));
#6527=DIRECTION('',(-1.,-2.914082152561E-14,0.));
#6528=DIRECTION('',(2.9503958331574E-14,-1.,0.));
#6529=DIRECTION('',(1.,2.87416321896428E-14,0.));
#6530=DIRECTION('',(1.,2.87416321896428E-14,0.));
#6531=DIRECTION('',(1.,0.,0.));
#6532=DIRECTION('center_axis',(1.,0.,0.));
#6533=DIRECTION('ref_axis',(0.,0.00872653549837281,0.999961923064171));
#6534=DIRECTION('',(2.32521615252032E-16,-1.,5.96819098325809E-30));
#6535=DIRECTION('',(0.,0.00872653549837281,0.999961923064171));
#6536=DIRECTION('center_axis',(2.56672523833499E-14,0.,-1.));
#6537=DIRECTION('ref_axis',(0.,1.,0.));
#6538=DIRECTION('',(0.,-1.,0.));
#6539=DIRECTION('center_axis',(-2.56672523833499E-14,0.,1.));
#6540=DIRECTION('ref_axis',(3.14406657922798E-12,1.,8.11953472627772E-26));
#6541=DIRECTION('',(-1.,-2.23994718101486E-16,-2.56672523833499E-14));
#6542=DIRECTION('',(0.,-1.,0.));
#6543=DIRECTION('',(0.,-1.,0.));
#6544=DIRECTION('',(1.,2.96533450404542E-14,2.56672523833499E-14));
#6545=DIRECTION('',(2.97304189632255E-14,-1.,7.63098166991841E-28));
#6546=DIRECTION('',(-1.,-2.96533450404542E-14,-2.56672523833499E-14));
#6547=DIRECTION('center_axis',(-1.,-2.94321949806654E-14,-3.25965556124157E-16));
#6548=DIRECTION('ref_axis',(2.94282297428691E-14,-0.999961923064171,0.00872653549837238));
#6549=DIRECTION('',(-2.94321949806654E-14,1.,-7.55790728989941E-28));
#6550=DIRECTION('',(-5.8279423864838E-16,0.00872653549837209,0.999961923064171));
#6551=DIRECTION('center_axis',(0.,-0.999961923064171,0.00872653549837209));
#6552=DIRECTION('ref_axis',(0.,-0.00872653549837205,-0.999961923064171));
#6553=DIRECTION('center_axis',(-1.,0.,0.));
#6554=DIRECTION('ref_axis',(0.,0.00872653549837197,0.999961923064171));
#6555=DIRECTION('center_axis',(0.,-0.999961923064171,0.00872653549837209));
#6556=DIRECTION('ref_axis',(-1.,0.,2.96761623211747E-16));
#6557=DIRECTION('center_axis',(0.,-0.999961923064171,0.00872653549837209));
#6558=DIRECTION('ref_axis',(-1.,0.,2.96761623211747E-16));
#6559=DIRECTION('center_axis',(0.,0.999961923064171,-0.00872653549837209));
#6560=DIRECTION('ref_axis',(-1.,2.58960223163915E-18,2.96739024095441E-16));
#6561=DIRECTION('center_axis',(-1.,0.,0.));
#6562=DIRECTION('ref_axis',(0.,0.71325044915418,0.700909264299853));
#6563=DIRECTION('',(-1.,0.,0.));
#6564=DIRECTION('center_axis',(-1.,0.,0.));
#6565=DIRECTION('ref_axis',(0.,0.00872653549837675,0.999961923064171));
#6566=DIRECTION('',(1.,0.,0.));
#6567=DIRECTION('center_axis',(-1.,0.,0.));
#6568=DIRECTION('ref_axis',(0.,0.00872653549837122,0.999961923064171));
#6569=DIRECTION('',(-1.,0.,0.));
#6570=DIRECTION('center_axis',(0.,-0.999961923064171,0.0087265354983721));
#6571=DIRECTION('ref_axis',(-1.,0.,0.));
#6572=DIRECTION('',(0.,-0.999961923064171,0.0087265354983721));
#6573=DIRECTION('center_axis',(0.,-0.999961923064171,0.00872653549837209));
#6574=DIRECTION('ref_axis',(-1.,0.,0.));
#6575=DIRECTION('center_axis',(0.,-0.999961923064171,0.00872653549837209));
#6576=DIRECTION('ref_axis',(0.,-0.00872653549837205,-0.999961923064171));
#6577=DIRECTION('center_axis',(0.,0.999961923064171,-0.00872653549837209));
#6578=DIRECTION('ref_axis',(-1.,2.54094582227641E-18,2.91163551826424E-16));
#6579=DIRECTION('center_axis',(-1.,0.,0.));
#6580=DIRECTION('ref_axis',(0.,0.00872653549837197,0.999961923064171));
#6581=DIRECTION('center_axis',(0.,-0.999961923064171,0.00872653549837209));
#6582=DIRECTION('ref_axis',(-1.,0.,2.91185726324679E-16));
#6583=DIRECTION('center_axis',(0.,-0.999961923064171,0.00872653549837209));
#6584=DIRECTION('ref_axis',(-1.,0.,2.91185726324679E-16));
#6585=DIRECTION('center_axis',(0.,0.999961923064171,-0.00872653549837209));
#6586=DIRECTION('ref_axis',(-1.,2.54094582227641E-18,2.91163551826424E-16));
#6587=DIRECTION('center_axis',(1.,0.,0.));
#6588=DIRECTION('ref_axis',(0.,0.700909264299851,-0.713250449154181));
#6589=DIRECTION('',(1.,0.,0.));
#6590=DIRECTION('center_axis',(1.,0.,0.));
#6591=DIRECTION('ref_axis',(0.,-0.00872653549837119,-0.999961923064171));
#6592=DIRECTION('',(-1.,0.,0.));
#6593=DIRECTION('center_axis',(1.,0.,0.));
#6594=DIRECTION('ref_axis',(0.,-0.00872653549837307,-0.999961923064171));
#6595=DIRECTION('',(1.,0.,0.));
#6596=DIRECTION('center_axis',(0.,-0.999961923064171,0.0087265354983721));
#6597=DIRECTION('ref_axis',(-1.,0.,0.));
#6598=DIRECTION('',(0.,-0.999961923064171,0.0087265354983721));
#6599=DIRECTION('center_axis',(0.,-0.999961923064171,0.00872653549837209));
#6600=DIRECTION('ref_axis',(-1.,0.,0.));
#6601=DIRECTION('center_axis',(-5.8279423864838E-16,0.00872653549837209,
0.999961923064171));
#6602=DIRECTION('ref_axis',(-0.707106781186561,0.707079856727003,-0.00617059242716348));
#6603=DIRECTION('center_axis',(-4.92714366105345E-44,3.81848622811233E-43,
1.));
#6604=DIRECTION('ref_axis',(-1.93125193096486E-14,1.,0.));
#6605=DIRECTION('',(5.8279423864838E-16,-0.00872653549837209,-0.999961923064171));
#6606=DIRECTION('center_axis',(-0.707106781186441,0.00617059242692884,0.707079856727125));
#6607=DIRECTION('ref_axis',(-0.707106781186655,-0.00617059242739922,-0.707079856726907));
#6608=DIRECTION('center_axis',(-1.,-2.23994718101486E-16,-2.56672523833499E-14));
#6609=DIRECTION('ref_axis',(2.08438165157613E-14,0.70401472445597,-0.710185375623284));
#6610=DIRECTION('',(1.,2.23994718101486E-16,2.56672523833499E-14));
#6611=DIRECTION('center_axis',(1.,0.,0.));
#6612=DIRECTION('ref_axis',(2.08438165157613E-14,0.70401472445597,-0.710185375623284));
#6613=DIRECTION('center_axis',(0.,0.00872653549837209,0.999961923064171));
#6614=DIRECTION('ref_axis',(0.70710678118654,0.707079856727024,-0.00617059242716348));
#6615=DIRECTION('center_axis',(0.,0.00872653549837122,0.999961923064171));
#6616=DIRECTION('ref_axis',(1.,0.,0.));
#6617=DIRECTION('',(0.,0.00872653549837209,0.999961923064171));
#6618=DIRECTION('center_axis',(-4.92714366105345E-44,3.81848622811233E-43,
1.));
#6619=DIRECTION('ref_axis',(-1.02344787958318E-14,1.,0.));
#6620=DIRECTION('',(0.,-0.00872653549837209,-0.999961923064171));
#6621=DIRECTION('center_axis',(0.,-0.999961923064171,0.00872653549837209));
#6622=DIRECTION('ref_axis',(0.,-0.0087265354983721,-0.999961923064171));
#6623=DIRECTION('center_axis',(0.,-0.999961923064171,0.00872653549837209));
#6624=DIRECTION('ref_axis',(0.707106781186547,-0.00617059242716403,-0.707079856727017));
#6625=DIRECTION('center_axis',(0.,0.999961923064171,-0.00872653549837209));
#6626=DIRECTION('ref_axis',(0.707106781186547,-0.00617059242716403,-0.707079856727017));
#6627=DIRECTION('center_axis',(0.,0.999961923064171,-0.00872653549837209));
#6628=DIRECTION('ref_axis',(0.,0.00872653549837232,0.999961923064171));
#6629=DIRECTION('center_axis',(0.,0.00872653549837122,0.999961923064171));
#6630=DIRECTION('ref_axis',(1.,0.,0.));
#6631=DIRECTION('center_axis',(0.,0.999961923064171,-0.00872653549837209));
#6632=DIRECTION('ref_axis',(-0.707106781186549,0.00617059242716402,0.707079856727015));
#6633=DIRECTION('center_axis',(0.,-0.999961923064171,0.00872653549837209));
#6634=DIRECTION('ref_axis',(-0.707106781186549,0.00617059242716401,0.707079856727015));
#6635=DIRECTION('center_axis',(0.,-0.00872653549837209,-0.999961923064171));
#6636=DIRECTION('ref_axis',(0.707106781186551,0.707079856727013,-0.00617059242716339));
#6637=DIRECTION('center_axis',(0.,0.0087265354983712,0.999961923064171));
#6638=DIRECTION('ref_axis',(1.,0.,0.));
#6639=DIRECTION('',(0.,0.00872653549837209,0.999961923064171));
#6640=DIRECTION('center_axis',(0.,0.999961923064171,-0.00872653549837209));
#6641=DIRECTION('ref_axis',(0.,0.00872653549837232,0.999961923064171));
#6642=DIRECTION('center_axis',(0.,0.999961923064171,-0.00872653549837209));
#6643=DIRECTION('ref_axis',(-0.707106781186547,-0.00617059242716404,-0.707079856727017));
#6644=DIRECTION('center_axis',(0.,-0.999961923064171,0.00872653549837209));
#6645=DIRECTION('ref_axis',(-0.707106781186547,-0.00617059242716406,-0.707079856727017));
#6646=DIRECTION('center_axis',(0.,-0.999961923064171,0.00872653549837209));
#6647=DIRECTION('ref_axis',(0.,-0.00872653549837211,-0.999961923064171));
#6648=DIRECTION('center_axis',(0.,-0.999961923064171,0.00872653549837209));
#6649=DIRECTION('ref_axis',(0.707106781186547,0.00617059242716404,0.707079856727017));
#6650=DIRECTION('center_axis',(0.,0.999961923064171,-0.00872653549837209));
#6651=DIRECTION('ref_axis',(0.707106781186547,0.00617059242716403,0.707079856727017));
#6652=DIRECTION('center_axis',(0.,0.999961923064171,-0.00872653549837209));
#6653=DIRECTION('ref_axis',(-1.,0.,0.));
#6654=DIRECTION('',(0.,-0.00872653549837212,-0.999961923064171));
#6655=DIRECTION('',(1.,-1.69525820393726E-18,-1.9425734920985E-16));
#6656=DIRECTION('center_axis',(0.,1.,0.));
#6657=DIRECTION('ref_axis',(0.,0.,1.));
#6658=DIRECTION('center_axis',(0.,-1.,0.));
#6659=DIRECTION('ref_axis',(1.,0.,0.));
#6660=DIRECTION('center_axis',(-1.,0.,0.));
#6661=DIRECTION('ref_axis',(0.,0.,-1.));
#6662=DIRECTION('center_axis',(0.,1.,0.));
#6663=DIRECTION('ref_axis',(1.,0.,0.));
#6664=DIRECTION('center_axis',(0.,1.,0.));
#6665=DIRECTION('ref_axis',(1.,0.,0.));
#6666=DIRECTION('center_axis',(0.,-1.,0.));
#6667=DIRECTION('ref_axis',(2.56867174625748E-14,0.,-1.));
#6668=DIRECTION('center_axis',(0.,-1.,0.));
#6669=DIRECTION('ref_axis',(1.,0.,0.));
#6670=DIRECTION('center_axis',(0.,-1.,0.));
#6671=DIRECTION('ref_axis',(-0.382683432365092,0.,0.923879532511286));
#6672=DIRECTION('',(-1.,0.,0.));
#6673=DIRECTION('center_axis',(0.,1.,0.));
#6674=DIRECTION('ref_axis',(0.707106781186548,0.,-0.707106781186547));
#6675=DIRECTION('',(0.,0.,-1.));
#6676=DIRECTION('',(1.,-2.3311769545935E-16,-2.3311769545935E-16));
#6677=DIRECTION('',(-3.25965556124157E-16,0.,1.));
#6678=DIRECTION('',(-1.,0.,-2.56672523833499E-14));
#6679=DIRECTION('',(0.,0.,-1.));
#6680=DIRECTION('',(1.,0.,0.));
#6681=DIRECTION('center_axis',(0.,-1.,0.));
#6682=DIRECTION('ref_axis',(-0.382683432365076,0.,-0.923879532511292));
#6683=DIRECTION('',(0.707106781186567,0.,-0.707106781186528));
#6684=DIRECTION('center_axis',(0.,-1.,0.));
#6685=DIRECTION('ref_axis',(-0.923879532511282,0.,-0.382683432365102));
#6686=DIRECTION('',(0.,0.,-1.));
#6687=DIRECTION('center_axis',(0.,-1.,0.));
#6688=DIRECTION('ref_axis',(-0.923879532511288,0.,0.382683432365088));
#6689=DIRECTION('',(-0.707106781186544,0.,-0.707106781186551));
#6690=DIRECTION('center_axis',(0.,-1.,0.));
#6691=DIRECTION('ref_axis',(1.,0.,0.));
#6692=DIRECTION('center_axis',(0.,1.,0.));
#6693=DIRECTION('ref_axis',(1.,0.,0.));
#6694=DIRECTION('',(0.,1.,0.));
#6695=DIRECTION('center_axis',(0.,1.,0.));
#6696=DIRECTION('ref_axis',(1.,0.,0.));
#6697=DIRECTION('center_axis',(0.,1.,0.));
#6698=DIRECTION('ref_axis',(0.,0.,1.));
#6699=DIRECTION('center_axis',(-1.,0.,0.));
#6700=DIRECTION('ref_axis',(0.,0.,-1.));
#6701=DIRECTION('center_axis',(0.,1.,0.));
#6702=DIRECTION('ref_axis',(1.,0.,0.));
#6703=DIRECTION('center_axis',(0.,1.,0.));
#6704=DIRECTION('ref_axis',(1.,0.,0.));
#6705=DIRECTION('center_axis',(0.,-1.,0.));
#6706=DIRECTION('ref_axis',(0.,0.,-1.));
#6707=DIRECTION('center_axis',(-0.707106781186544,0.,-0.707106781186551));
#6708=DIRECTION('ref_axis',(0.707106781186551,0.,-0.707106781186544));
#6709=DIRECTION('center_axis',(0.,1.,0.));
#6710=DIRECTION('ref_axis',(-0.382683432365092,0.,0.923879532511286));
#6711=DIRECTION('center_axis',(-1.,0.,0.));
#6712=DIRECTION('ref_axis',(0.,0.,-1.));
#6713=DIRECTION('center_axis',(-0.707106781186544,0.,-0.707106781186551));
#6714=DIRECTION('ref_axis',(0.500000000000003,-0.707106781186547,-0.499999999999997));
#6715=DIRECTION('center_axis',(-0.707106781186548,0.,-0.707106781186547));
#6716=DIRECTION('ref_axis',(0.707106781186547,0.,-0.707106781186548));
#6717=DIRECTION('',(0.707106781186544,0.,0.707106781186551));
#6718=DIRECTION('center_axis',(0.,1.,0.));
#6719=DIRECTION('ref_axis',(1.,0.,0.));
#6720=DIRECTION('',(0.,1.,0.));
#6721=DIRECTION('center_axis',(0.,1.,0.));
#6722=DIRECTION('ref_axis',(1.,0.,0.));
#6723=DIRECTION('center_axis',(-1.,0.,0.));
#6724=DIRECTION('ref_axis',(0.,-0.70710678118654,0.707106781186555));
#6725=DIRECTION('',(-1.,0.,0.));
#6726=DIRECTION('center_axis',(1.,0.,0.));
#6727=DIRECTION('ref_axis',(0.,0.,1.));
#6728=DIRECTION('center_axis',(-0.707106781186549,0.,0.707106781186546));
#6729=DIRECTION('ref_axis',(0.707106781186546,0.,0.707106781186549));
#6730=DIRECTION('center_axis',(0.,-1.,0.));
#6731=DIRECTION('ref_axis',(0.,0.,-1.));
#6732=DIRECTION('center_axis',(0.707106781186566,0.,-0.707106781186529));
#6733=DIRECTION('ref_axis',(0.707106781186529,0.,0.707106781186566));
#6734=DIRECTION('center_axis',(0.,1.,0.));
#6735=DIRECTION('ref_axis',(-0.382683432365076,0.,-0.923879532511292));
#6736=DIRECTION('center_axis',(0.707106781186567,0.,-0.707106781186528));
#6737=DIRECTION('ref_axis',(0.499999999999985,-0.707106781186551,0.500000000000011));
#6738=DIRECTION('center_axis',(0.707106781186567,0.,-0.707106781186528));
#6739=DIRECTION('ref_axis',(0.707106781186528,0.,0.707106781186567));
#6740=DIRECTION('',(-0.707106781186567,0.,0.707106781186528));
#6741=DIRECTION('center_axis',(0.,-1.,0.));
#6742=DIRECTION('ref_axis',(0.,0.,-1.));
#6743=DIRECTION('center_axis',(-9.25185853854303E-16,0.,-1.));
#6744=DIRECTION('ref_axis',(1.,0.,-9.25185853854303E-16));
#6745=DIRECTION('center_axis',(0.,1.,0.));
#6746=DIRECTION('ref_axis',(-0.923879532511282,0.,-0.382683432365102));
#6747=DIRECTION('center_axis',(0.,0.,1.));
#6748=DIRECTION('ref_axis',(0.707106781186547,-0.707106781186547,0.));
#6749=DIRECTION('center_axis',(0.,0.,-1.));
#6750=DIRECTION('ref_axis',(1.,0.,0.));
#6751=DIRECTION('',(0.,0.,1.));
#6752=DIRECTION('center_axis',(0.,-1.,0.));
#6753=DIRECTION('ref_axis',(0.,0.,-1.));
#6754=DIRECTION('center_axis',(0.,1.,0.));
#6755=DIRECTION('ref_axis',(-0.923879532511288,0.,0.382683432365088));
#6756=DIRECTION('center_axis',(1.,0.,0.));
#6757=DIRECTION('ref_axis',(0.,-0.70710678118654,-0.707106781186555));
#6758=DIRECTION('center_axis',(-1.,0.,0.));
#6759=DIRECTION('ref_axis',(0.,0.,-1.));
#6760=DIRECTION('',(1.,0.,0.));
#6761=DIRECTION('center_axis',(0.,1.,0.));
#6762=DIRECTION('ref_axis',(0.,0.,1.));
#6763=DIRECTION('center_axis',(0.,0.,-1.));
#6764=DIRECTION('ref_axis',(1.,0.,0.));
#6765=DIRECTION('center_axis',(0.,-1.,0.));
#6766=DIRECTION('ref_axis',(0.707106781186548,0.,-0.707106781186547));
#6767=DIRECTION('center_axis',(0.,0.,1.));
#6768=DIRECTION('ref_axis',(0.707106781186547,-0.707106781186547,0.));
#6769=DIRECTION('center_axis',(-4.92714366105345E-44,3.81848622811233E-43,
1.));
#6770=DIRECTION('ref_axis',(0.707106781186547,-0.707106781186547,0.));
#6771=DIRECTION('',(0.,0.,1.));
#6772=DIRECTION('center_axis',(0.,0.,1.));
#6773=DIRECTION('ref_axis',(0.707106781186547,-0.707106781186547,0.));
#6774=DIRECTION('',(0.,0.,1.));
#6775=DIRECTION('center_axis',(0.707106781186536,0.,0.707106781186559));
#6776=DIRECTION('ref_axis',(0.707106781186559,0.,-0.707106781186536));
#6777=DIRECTION('center_axis',(1.,0.,2.56672523833499E-14));
#6778=DIRECTION('ref_axis',(2.09345661157839E-14,-0.70710678118654,-0.707106781186555));
#6779=DIRECTION('',(1.,0.,2.56672523833499E-14));
#6780=DIRECTION('center_axis',(0.707106781186224,0.,-0.707106781186871));
#6781=DIRECTION('ref_axis',(-0.707106781186871,0.,-0.707106781186224));
#6782=DIRECTION('center_axis',(-3.25965556124157E-16,0.,1.));
#6783=DIRECTION('ref_axis',(-0.707106781186537,-0.707106781186558,0.));
#6784=DIRECTION('center_axis',(-4.92714366105345E-44,3.81848622811233E-43,
1.));
#6785=DIRECTION('ref_axis',(-0.707106781186537,-0.707106781186558,0.));
#6786=DIRECTION('',(3.25965556124157E-16,0.,-1.));
#6787=DIRECTION('center_axis',(1.,0.,0.));
#6788=DIRECTION('ref_axis',(0.,0.00872653549837281,0.999961923064171));
#6789=DIRECTION('',(0.,-1.,0.));
#6790=DIRECTION('',(0.,0.00872653549837281,0.999961923064171));
#6791=DIRECTION('',(0.,-1.,0.));
#6792=DIRECTION('center_axis',(0.,1.,0.));
#6793=DIRECTION('ref_axis',(0.707106781186548,0.,-0.707106781186548));
#6794=DIRECTION('',(0.,1.,0.));
#6795=DIRECTION('center_axis',(0.,-1.,0.));
#6796=DIRECTION('ref_axis',(0.707106781186548,0.,-0.707106781186548));
#6797=DIRECTION('center_axis',(-2.91397119324188E-14,0.999961923064171,
-0.00872653549837138));
#6798=DIRECTION('ref_axis',(-3.41658126038478E-12,-0.00872653549837138,
-0.999961923064171));
#6799=DIRECTION('center_axis',(0.,0.,-1.));
#6800=DIRECTION('ref_axis',(-1.,0.,0.));
#6801=DIRECTION('',(0.,-1.,0.));
#6802=DIRECTION('',(-1.,0.,0.));
#6803=DIRECTION('center_axis',(0.,1.,0.));
#6804=DIRECTION('ref_axis',(-0.382683432365092,0.,0.923879532511286));
#6805=DIRECTION('',(0.,1.,0.));
#6806=DIRECTION('center_axis',(0.,1.,0.));
#6807=DIRECTION('ref_axis',(-0.382683432365092,0.,0.923879532511286));
#6808=DIRECTION('center_axis',(0.707106781186551,0.,-0.707106781186544));
#6809=DIRECTION('ref_axis',(-0.707106781186544,0.,-0.707106781186551));
#6810=DIRECTION('',(0.,-1.,0.));
#6811=DIRECTION('',(-0.707106781186544,0.,-0.707106781186551));
#6812=DIRECTION('center_axis',(0.,-1.,0.));
#6813=DIRECTION('ref_axis',(-0.923879532511288,0.,0.382683432365088));
#6814=DIRECTION('',(0.,1.,0.));
#6815=DIRECTION('center_axis',(0.,1.,0.));
#6816=DIRECTION('ref_axis',(-0.923879532511288,0.,0.382683432365088));
#6817=DIRECTION('center_axis',(1.,0.,0.));
#6818=DIRECTION('ref_axis',(0.,0.00872653549837281,0.999961923064171));
#6819=DIRECTION('',(0.,-1.,0.));
#6820=DIRECTION('',(0.,0.,-1.));
#6821=DIRECTION('',(0.,1.,0.));
#6822=DIRECTION('',(0.,0.00872653549837212,0.999961923064171));
#6823=DIRECTION('',(0.,-0.999961923064171,0.00872653549837201));
#6824=DIRECTION('',(0.,-0.00872653549837209,-0.999961923064171));
#6825=DIRECTION('',(0.,0.999961923064171,-0.00872653549837201));
#6826=DIRECTION('',(0.,0.00872653549837201,0.999961923064171));
#6827=DIRECTION('',(0.,0.999961923064171,-0.00872653549838011));
#6828=DIRECTION('',(0.,0.,-1.));
#6829=DIRECTION('center_axis',(0.,1.,0.));
#6830=DIRECTION('ref_axis',(-0.923879532511282,0.,-0.382683432365102));
#6831=DIRECTION('',(0.,1.,0.));
#6832=DIRECTION('center_axis',(0.,1.,0.));
#6833=DIRECTION('ref_axis',(-0.923879532511282,0.,-0.382683432365102));
#6834=DIRECTION('center_axis',(0.707106781186528,0.,0.707106781186567));
#6835=DIRECTION('ref_axis',(0.707106781186567,0.,-0.707106781186528));
#6836=DIRECTION('',(0.,-1.,0.));
#6837=DIRECTION('',(-0.707106781186567,0.,0.707106781186528));
#6838=DIRECTION('center_axis',(0.,-1.,0.));
#6839=DIRECTION('ref_axis',(-0.382683432365077,0.,-0.923879532511292));
#6840=DIRECTION('',(0.,1.,0.));
#6841=DIRECTION('center_axis',(0.,1.,0.));
#6842=DIRECTION('ref_axis',(-0.382683432365077,0.,-0.923879532511292));
#6843=DIRECTION('center_axis',(0.,0.,-1.));
#6844=DIRECTION('ref_axis',(-1.,0.,0.));
#6845=DIRECTION('',(0.,-1.,0.));
#6846=DIRECTION('',(-1.,-2.914082152561E-14,0.));
#6847=DIRECTION('',(2.9503958331574E-14,-1.,0.));
#6848=DIRECTION('',(1.,2.87416321896428E-14,0.));
#6849=DIRECTION('',(1.,2.87416321896428E-14,0.));
#6850=DIRECTION('',(1.,0.,0.));
#6851=DIRECTION('center_axis',(1.,0.,0.));
#6852=DIRECTION('ref_axis',(0.,0.00872653549837281,0.999961923064171));
#6853=DIRECTION('',(2.32521615252032E-16,-1.,5.96819098325809E-30));
#6854=DIRECTION('',(0.,0.00872653549837281,0.999961923064171));
#6855=DIRECTION('center_axis',(2.56672523833499E-14,0.,-1.));
#6856=DIRECTION('ref_axis',(0.,1.,0.));
#6857=DIRECTION('',(0.,-1.,0.));
#6858=DIRECTION('center_axis',(-2.56672523833499E-14,0.,1.));
#6859=DIRECTION('ref_axis',(3.16447771490554E-12,1.,8.11953472627772E-26));
#6860=DIRECTION('',(-1.,0.,0.));
#6861=DIRECTION('',(0.,-1.,0.));
#6862=DIRECTION('',(0.,-1.,0.));
#6863=DIRECTION('',(1.,2.96533450404542E-14,2.56672523833499E-14));
#6864=DIRECTION('',(2.97304189632255E-14,-1.,7.63098166991841E-28));
#6865=DIRECTION('',(-1.,-2.96533450404542E-14,-2.56672523833499E-14));
#6866=DIRECTION('center_axis',(-1.,-2.94321949806654E-14,-3.25965556124157E-16));
#6867=DIRECTION('ref_axis',(2.94282297428691E-14,-0.999961923064171,0.00872653549837238));
#6868=DIRECTION('',(-2.94321949806654E-14,1.,-7.55790728989941E-28));
#6869=DIRECTION('',(-5.8279423864838E-16,0.00872653549837209,0.999961923064171));
#6870=DIRECTION('center_axis',(-5.8279423864838E-16,0.00872653549837209,
0.999961923064171));
#6871=DIRECTION('ref_axis',(-0.707106781186547,0.707079856727017,-0.00617059242716335));
#6872=DIRECTION('center_axis',(-4.92714366105345E-44,3.81848622811233E-43,
1.));
#6873=DIRECTION('ref_axis',(1.09861636791414E-15,1.,0.));
#6874=DIRECTION('',(5.8279423864838E-16,-0.00872653549837209,-0.999961923064171));
#6875=DIRECTION('center_axis',(-0.707106781186544,0.00617059242716338,0.707079856727019));
#6876=DIRECTION('ref_axis',(-0.707106781186551,-0.00617059242716471,-0.707079856727013));
#6877=DIRECTION('center_axis',(1.,0.,0.));
#6878=DIRECTION('ref_axis',(0.,0.70090926429988,-0.713250449154153));
#6879=DIRECTION('',(1.,0.,0.));
#6880=DIRECTION('center_axis',(0.707106781186221,0.00617059242657746,0.707079856727348));
#6881=DIRECTION('ref_axis',(-0.707106781186874,0.0061705924277506,0.707079856726684));
#6882=DIRECTION('',(-1.,0.,0.));
#6883=DIRECTION('center_axis',(1.,0.,0.));
#6884=DIRECTION('ref_axis',(0.,0.70090926429988,-0.713250449154153));
#6885=DIRECTION('center_axis',(0.,-0.00872653549837209,-0.999961923064171));
#6886=DIRECTION('ref_axis',(0.707106781186536,0.707079856727027,-0.00617059242716345));
#6887=DIRECTION('',(0.,0.00872653549837209,0.999961923064171));
#6888=DIRECTION('center_axis',(0.,-0.00872653549837297,-0.999961923064171));
#6889=DIRECTION('ref_axis',(0.,0.999961923064171,-0.00872653549837297));
#6890=DIRECTION('',(0.,-0.00872653549837209,-0.999961923064171));
#6891=DIRECTION('center_axis',(0.,-0.999961923064171,0.00872653549837209));
#6892=DIRECTION('ref_axis',(0.,-0.00872653549836855,-0.999961923064171));
#6893=DIRECTION('center_axis',(1.,0.,0.));
#6894=DIRECTION('ref_axis',(0.,0.999961923064171,-0.00872653549837112));
#6895=DIRECTION('center_axis',(0.,0.999961923064171,-0.00872653549837209));
#6896=DIRECTION('ref_axis',(0.707106781186547,0.00617059242716403,0.707079856727017));
#6897=DIRECTION('center_axis',(0.,-0.999961923064171,0.00872653549837209));
#6898=DIRECTION('ref_axis',(0.707106781186547,0.00617059242716403,0.707079856727017));
#6899=DIRECTION('center_axis',(-1.,0.,0.));
#6900=DIRECTION('ref_axis',(0.,0.713250449154182,0.70090926429985));
#6901=DIRECTION('',(-1.,0.,0.));
#6902=DIRECTION('center_axis',(1.,0.,0.));
#6903=DIRECTION('ref_axis',(0.,0.999961923064171,-0.00872653549837297));
#6904=DIRECTION('',(1.,0.,0.));
#6905=DIRECTION('',(-1.,0.,0.));
#6906=DIRECTION('center_axis',(0.,0.999961923064171,-0.00872653549837209));
#6907=DIRECTION('ref_axis',(0.,0.00872653549837121,0.999961923064171));
#6908=DIRECTION('center_axis',(0.,-0.00872653549837112,-0.999961923064171));
#6909=DIRECTION('ref_axis',(0.,0.999961923064171,-0.00872653549837112));
#6910=DIRECTION('center_axis',(0.,-0.999961923064171,0.00872653549837209));
#6911=DIRECTION('ref_axis',(-0.707106781186547,-0.00617059242716406,-0.707079856727017));
#6912=DIRECTION('center_axis',(0.,0.999961923064171,-0.00872653549837209));
#6913=DIRECTION('ref_axis',(-0.707106781186546,-0.00617059242716404,-0.707079856727017));
#6914=DIRECTION('center_axis',(0.,-0.00872653549837209,-0.999961923064171));
#6915=DIRECTION('ref_axis',(0.707106781186547,0.707079856727017,-0.00617059242716335));
#6916=DIRECTION('center_axis',(0.,-0.00872653549837297,-0.999961923064171));
#6917=DIRECTION('ref_axis',(0.,0.999961923064171,-0.00872653549837297));
#6918=DIRECTION('',(0.,0.00872653549837209,0.999961923064171));
#6919=DIRECTION('center_axis',(0.,0.999961923064171,-0.00872653549837209));
#6920=DIRECTION('ref_axis',(0.,0.00872653549837121,0.999961923064171));
#6921=DIRECTION('center_axis',(-1.,0.,0.));
#6922=DIRECTION('ref_axis',(0.,0.999961923064171,-0.00872653549837112));
#6923=DIRECTION('center_axis',(0.,-0.999961923064171,0.00872653549837209));
#6924=DIRECTION('ref_axis',(-0.707106781186549,0.00617059242716401,0.707079856727015));
#6925=DIRECTION('center_axis',(0.,0.999961923064171,-0.00872653549837209));
#6926=DIRECTION('ref_axis',(-0.707106781186549,0.00617059242716402,0.707079856727015));
#6927=DIRECTION('center_axis',(1.,0.,0.));
#6928=DIRECTION('ref_axis',(0.,0.700909264299858,-0.713250449154174));
#6929=DIRECTION('',(1.,0.,0.));
#6930=DIRECTION('center_axis',(-1.,0.,0.));
#6931=DIRECTION('ref_axis',(0.,0.999961923064171,-0.00872653549837112));
#6932=DIRECTION('',(-1.,0.,0.));
#6933=DIRECTION('',(1.,0.,0.));
#6934=DIRECTION('center_axis',(0.,-0.999961923064171,0.00872653549837209));
#6935=DIRECTION('ref_axis',(0.,-0.00872653549836855,-0.999961923064171));
#6936=DIRECTION('center_axis',(0.,-0.00872653549837297,-0.999961923064171));
#6937=DIRECTION('ref_axis',(0.,0.999961923064171,-0.00872653549837297));
#6938=DIRECTION('center_axis',(0.,0.999961923064171,-0.00872653549837209));
#6939=DIRECTION('ref_axis',(0.707106781186547,-0.00617059242716403,-0.707079856727017));
#6940=DIRECTION('center_axis',(0.,-0.999961923064171,0.00872653549837209));
#6941=DIRECTION('ref_axis',(0.707106781186547,-0.00617059242716403,-0.707079856727017));
#6942=DIRECTION('center_axis',(0.,0.00872653549837209,0.999961923064171));
#6943=DIRECTION('ref_axis',(0.707106781186536,0.707079856727027,-0.00617059242716345));
#6944=DIRECTION('center_axis',(-4.92714366105345E-44,3.81848622811233E-43,
1.));
#6945=DIRECTION('ref_axis',(-1.57853825495032E-14,1.,0.));
#6946=DIRECTION('',(0.,-0.00872653549837209,-0.999961923064171));
#6947=DIRECTION('',(0.,0.00872653549837209,0.999961923064171));
#6948=DIRECTION('center_axis',(0.,-0.00872653549828946,-0.999961923064172));
#6949=DIRECTION('ref_axis',(-1.,0.,0.));
#6950=DIRECTION('',(0.,-0.999961923064171,0.00872653549837201));
#6951=DIRECTION('',(1.,2.87394434447449E-14,-2.5080532331985E-16));
#6952=DIRECTION('',(0.,-0.999961923064172,0.00872653549828946));
#6953=DIRECTION('',(0.,0.999961923064171,-0.00872653549837212));
#6954=DIRECTION('center_axis',(1.,0.,0.));
#6955=DIRECTION('ref_axis',(0.,0.00872653549837209,0.999961923064171));
#6956=DIRECTION('',(0.,0.999961923064171,-0.00872653549837201));
#6957=DIRECTION('',(0.,-0.00872653549837212,-0.999961923064171));
#6958=DIRECTION('',(0.,0.00872653549837198,0.999961923064171));
#6959=DIRECTION('center_axis',(0.,-0.999961923064171,0.00872653549837201));
#6960=DIRECTION('ref_axis',(0.707106781186546,0.00617059242716421,0.707079856727017));
#6961=DIRECTION('',(0.,-0.999961923064171,0.00872653549837201));
#6962=DIRECTION('center_axis',(0.,0.999961923064171,-0.00872653549837201));
#6963=DIRECTION('ref_axis',(0.707106781186546,0.00617059242716421,0.707079856727017));
#6964=DIRECTION('center_axis',(0.,0.00872653549837201,0.999961923064171));
#6965=DIRECTION('ref_axis',(-1.,0.,0.));
#6966=DIRECTION('',(0.,0.999961923064171,-0.00872653549837201));
#6967=DIRECTION('',(-1.,0.,0.));
#6968=DIRECTION('center_axis',(0.,0.999961923064171,-0.00872653549837201));
#6969=DIRECTION('ref_axis',(-0.707106781186546,-0.00617059242716421,-0.707079856727018));
#6970=DIRECTION('center_axis',(0.,-0.999961923064171,0.00872653549837201));
#6971=DIRECTION('ref_axis',(-0.707106781186546,-0.00617059242716421,-0.707079856727018));
#6972=DIRECTION('center_axis',(0.,-0.999961923064171,0.00872653549837201));
#6973=DIRECTION('ref_axis',(-0.70710678118655,0.0061705924271634,0.707079856727014));
#6974=DIRECTION('',(0.,-0.999961923064171,0.00872653549837201));
#6975=DIRECTION('center_axis',(0.,-0.999961923064171,0.00872653549837201));
#6976=DIRECTION('ref_axis',(-0.70710678118655,0.0061705924271634,0.707079856727014));
#6977=DIRECTION('center_axis',(0.,-0.00872653549837201,-0.999961923064171));
#6978=DIRECTION('ref_axis',(1.,0.,0.));
#6979=DIRECTION('',(0.,0.999961923064171,-0.00872653549837201));
#6980=DIRECTION('',(1.,0.,0.));
#6981=DIRECTION('center_axis',(0.,-0.999961923064171,0.00872653549837209));
#6982=DIRECTION('ref_axis',(0.,-0.00872653549836904,-0.999961923064171));
#6983=DIRECTION('center_axis',(0.,0.999961923064171,-0.00872653549837209));
#6984=DIRECTION('ref_axis',(-1.,2.88154068781559E-18,3.30191857709541E-16));
#6985=DIRECTION('center_axis',(-1.,0.,0.));
#6986=DIRECTION('ref_axis',(0.,0.00872653549837385,0.999961923064171));
#6987=DIRECTION('center_axis',(0.,-0.999961923064171,0.00872653549837209));
#6988=DIRECTION('ref_axis',(-1.,0.,3.30217004534157E-16));
#6989=DIRECTION('center_axis',(0.,-0.999961923064171,0.00872653549837209));
#6990=DIRECTION('ref_axis',(-1.,0.,3.30217004534157E-16));
#6991=DIRECTION('center_axis',(0.,-0.999961923064171,0.00872653549837201));
#6992=DIRECTION('ref_axis',(0.707106781186546,-0.00617059242716342,-0.707079856727018));
#6993=DIRECTION('',(0.,-0.999961923064171,0.00872653549837201));
#6994=DIRECTION('center_axis',(0.,0.999961923064171,-0.00872653549837201));
#6995=DIRECTION('ref_axis',(0.707106781186546,-0.00617059242716342,-0.707079856727018));
#6996=DIRECTION('center_axis',(1.,0.,0.));
#6997=DIRECTION('ref_axis',(0.,-0.00872653549837209,-0.999961923064171));
#6998=DIRECTION('',(0.,-1.,0.));
#6999=DIRECTION('',(0.,-0.00872653549837209,-0.999961923064171));
#7000=DIRECTION('',(0.,0.00872653549837209,0.999961923064171));
#7001=DIRECTION('center_axis',(0.,-0.999961923064171,0.00872653549837209));
#7002=DIRECTION('ref_axis',(0.,-0.00872653549836904,-0.999961923064171));
#7003=DIRECTION('center_axis',(0.,0.999961923064171,-0.00872653549837209));
#7004=DIRECTION('ref_axis',(-1.,2.88154068781559E-18,3.30191857709541E-16));
#7005=DIRECTION('center_axis',(-1.,0.,0.));
#7006=DIRECTION('ref_axis',(0.,0.00872653549837385,0.999961923064171));
#7007=DIRECTION('center_axis',(0.,-0.999961923064171,0.00872653549837209));
#7008=DIRECTION('ref_axis',(-1.,0.,3.30217004534157E-16));
#7009=DIRECTION('center_axis',(0.,-0.999961923064171,0.00872653549837209));
#7010=DIRECTION('ref_axis',(-1.,0.,3.30217004534157E-16));
#7011=DIRECTION('center_axis',(0.,0.999961923064171,-0.00872653549837209));
#7012=DIRECTION('ref_axis',(-1.,2.88154068781559E-18,3.30191857709541E-16));
#7013=DIRECTION('center_axis',(0.,0.999961923064171,-0.00872653549837209));
#7014=DIRECTION('ref_axis',(-1.,0.,0.));
#7015=DIRECTION('',(1.,-1.69525820393726E-18,-1.9425734920985E-16));
#7016=DIRECTION('center_axis',(0.,-0.999961923064171,0.0087265354983721));
#7017=DIRECTION('ref_axis',(-1.,0.,0.));
#7018=DIRECTION('',(0.,-0.999961923064171,0.0087265354983721));
#7019=DIRECTION('center_axis',(0.,-0.999961923064171,0.00872653549837209));
#7020=DIRECTION('ref_axis',(-1.,0.,0.));
#7021=DIRECTION('center_axis',(0.,-0.999961923064171,0.0087265354983721));
#7022=DIRECTION('ref_axis',(-1.,0.,0.));
#7023=DIRECTION('',(0.,-0.999961923064171,0.0087265354983721));
#7024=DIRECTION('center_axis',(0.,-0.999961923064171,0.00872653549837209));
#7025=DIRECTION('ref_axis',(-1.,0.,0.));
#7026=DIRECTION('center_axis',(0.,-0.999961923064171,0.00872653549837209));
#7027=DIRECTION('ref_axis',(0.,-0.00872653549836904,-0.999961923064171));
#7028=DIRECTION('center_axis',(0.,0.999961923064171,-0.00872653549837209));
#7029=DIRECTION('ref_axis',(-1.,2.88154068781557E-18,3.30191857709539E-16));
#7030=DIRECTION('center_axis',(-1.,0.,0.));
#7031=DIRECTION('ref_axis',(0.,0.00872653549837385,0.999961923064171));
#7032=DIRECTION('center_axis',(0.,-0.999961923064171,0.00872653549837209));
#7033=DIRECTION('ref_axis',(-1.,0.,3.30217004534155E-16));
#7034=DIRECTION('center_axis',(0.,-0.999961923064171,0.00872653549837209));
#7035=DIRECTION('ref_axis',(-1.,0.,3.30217004534155E-16));
#7036=DIRECTION('center_axis',(0.,0.999961923064171,-0.00872653549837209));
#7037=DIRECTION('ref_axis',(-1.,2.88154068781557E-18,3.30191857709539E-16));
#7038=DIRECTION('center_axis',(1.,0.,0.));
#7039=DIRECTION('ref_axis',(0.,0.700909264299858,-0.713250449154174));
#7040=DIRECTION('',(1.,0.,0.));
#7041=DIRECTION('center_axis',(1.,0.,0.));
#7042=DIRECTION('ref_axis',(0.,-0.00872653549836379,-0.999961923064171));
#7043=DIRECTION('',(-1.,0.,0.));
#7044=DIRECTION('center_axis',(1.,0.,0.));
#7045=DIRECTION('ref_axis',(0.,-0.00872653549836382,-0.999961923064171));
#7046=DIRECTION('',(1.,0.,0.));
#7047=DIRECTION('center_axis',(0.,-0.999961923064171,0.0087265354983721));
#7048=DIRECTION('ref_axis',(-1.,0.,0.));
#7049=DIRECTION('',(0.,-0.999961923064171,0.0087265354983721));
#7050=DIRECTION('center_axis',(0.,-0.999961923064171,0.00872653549837209));
#7051=DIRECTION('ref_axis',(-1.,0.,0.));
#7052=DIRECTION('center_axis',(0.,-0.999961923064171,0.00872653549837209));
#7053=DIRECTION('ref_axis',(0.,-0.00872653549836904,-0.999961923064171));
#7054=DIRECTION('center_axis',(-1.,0.,0.));
#7055=DIRECTION('ref_axis',(0.,0.00872653549837385,0.999961923064171));
#7056=DIRECTION('center_axis',(0.,-0.999961923064171,0.00872653549837209));
#7057=DIRECTION('ref_axis',(-1.,0.,3.30217004534155E-16));
#7058=DIRECTION('center_axis',(0.,-0.999961923064171,0.00872653549837209));
#7059=DIRECTION('ref_axis',(-1.,0.,3.30217004534155E-16));
#7060=DIRECTION('center_axis',(0.,0.999961923064171,-0.00872653549837209));
#7061=DIRECTION('ref_axis',(-1.,2.88154068781557E-18,3.30191857709539E-16));
#7062=DIRECTION('center_axis',(-1.,0.,0.));
#7063=DIRECTION('ref_axis',(0.,0.713250449154182,0.70090926429985));
#7064=DIRECTION('',(-1.,0.,0.));
#7065=DIRECTION('center_axis',(-1.,0.,0.));
#7066=DIRECTION('ref_axis',(0.,0.00872653549839342,0.999961923064171));
#7067=DIRECTION('',(1.,0.,0.));
#7068=DIRECTION('center_axis',(-1.,0.,0.));
#7069=DIRECTION('ref_axis',(0.,0.00872653549836382,0.999961923064171));
#7070=DIRECTION('',(-1.,0.,0.));
#7071=DIRECTION('center_axis',(0.,-0.999961923064171,0.0087265354983721));
#7072=DIRECTION('ref_axis',(-1.,0.,0.));
#7073=DIRECTION('',(0.,-0.999961923064171,0.0087265354983721));
#7074=DIRECTION('center_axis',(0.,-0.999961923064171,0.00872653549837209));
#7075=DIRECTION('ref_axis',(-1.,0.,0.));
#7076=DIRECTION('center_axis',(0.,0.00872653549837209,0.999961923064171));
#7077=DIRECTION('ref_axis',(0.707106781186557,0.707079856727007,-0.00617059242716326));
#7078=DIRECTION('center_axis',(-4.92714366105345E-44,3.81848622811233E-43,
1.));
#7079=DIRECTION('ref_axis',(8.04649756625959E-13,1.,0.));
#7080=DIRECTION('',(0.,-0.00872653549837209,-0.999961923064171));
#7081=DIRECTION('center_axis',(0.,0.00872653549837297,0.999961923064171));
#7082=DIRECTION('ref_axis',(1.,0.,0.));
#7083=DIRECTION('',(0.,0.00872653549837209,0.999961923064171));
#7084=DIRECTION('center_axis',(0.,-0.999961923064171,0.00872653549837209));
#7085=DIRECTION('ref_axis',(0.,-0.00872653549836855,-0.999961923064171));
#7086=DIRECTION('center_axis',(0.,-0.999961923064171,0.00872653549837209));
#7087=DIRECTION('ref_axis',(0.707106781186547,-0.00617059242716403,-0.707079856727017));
#7088=DIRECTION('center_axis',(0.,0.999961923064171,-0.00872653549837209));
#7089=DIRECTION('ref_axis',(0.707106781186547,-0.00617059242716403,-0.707079856727017));
#7090=DIRECTION('center_axis',(0.,0.999961923064171,-0.00872653549837209));
#7091=DIRECTION('ref_axis',(0.,0.00872653549837121,0.999961923064171));
#7092=DIRECTION('center_axis',(0.,0.00872653549837112,0.999961923064171));
#7093=DIRECTION('ref_axis',(1.,0.,0.));
#7094=DIRECTION('center_axis',(0.,0.999961923064171,-0.00872653549837209));
#7095=DIRECTION('ref_axis',(-0.707106781186547,0.00617059242716404,0.707079856727017));
#7096=DIRECTION('center_axis',(0.,-0.999961923064171,0.00872653549837209));
#7097=DIRECTION('ref_axis',(-0.707106781186547,0.00617059242716403,0.707079856727017));
#7098=DIRECTION('center_axis',(0.,-0.00872653549837209,-0.999961923064171));
#7099=DIRECTION('ref_axis',(0.707106781186515,0.707079856727048,-0.00617059242716363));
#7100=DIRECTION('center_axis',(2.58357350280016E-16,0.00872653549837112,
0.999961923064171));
#7101=DIRECTION('ref_axis',(1.,-2.96059473233381E-14,0.));
#7102=DIRECTION('',(0.,0.00872653549837209,0.999961923064171));
#7103=DIRECTION('',(0.,-0.00872653549837209,-0.999961923064171));
#7104=DIRECTION('center_axis',(0.,0.999961923064171,-0.00872653549837209));
#7105=DIRECTION('ref_axis',(0.,0.00872653549837121,0.999961923064171));
#7106=DIRECTION('center_axis',(0.,0.999961923064171,-0.00872653549837209));
#7107=DIRECTION('ref_axis',(-0.707106781186546,-0.00617059242716404,-0.707079856727017));
#7108=DIRECTION('center_axis',(0.,-0.999961923064171,0.00872653549837209));
#7109=DIRECTION('ref_axis',(-0.707106781186547,-0.00617059242716406,-0.707079856727017));
#7110=DIRECTION('center_axis',(0.,-0.999961923064171,0.00872653549837209));
#7111=DIRECTION('ref_axis',(0.,-0.00872653549836855,-0.999961923064171));
#7112=DIRECTION('center_axis',(0.,0.00872653549837112,0.999961923064171));
#7113=DIRECTION('ref_axis',(1.,0.,0.));
#7114=DIRECTION('center_axis',(0.,-0.999961923064171,0.00872653549837209));
#7115=DIRECTION('ref_axis',(0.707106781186547,0.00617059242716403,0.707079856727017));
#7116=DIRECTION('center_axis',(0.,0.999961923064171,-0.00872653549837209));
#7117=DIRECTION('ref_axis',(0.707106781186547,0.00617059242716403,0.707079856727017));
#7118=DIRECTION('center_axis',(0.,-0.00872653549837209,-0.999961923064171));
#7119=DIRECTION('ref_axis',(0.707106781186515,0.707079856727048,-0.00617059242716363));
#7120=DIRECTION('center_axis',(0.,0.00872653549828946,0.999961923064172));
#7121=DIRECTION('ref_axis',(0.707106781186515,0.707079856727048,-0.00617059242716363));
#7122=DIRECTION('',(0.,0.00872653549837209,0.999961923064171));
#7123=DIRECTION('',(0.,-0.00872653549837209,-0.999961923064171));
#7124=DIRECTION('center_axis',(0.,0.999961923064171,-0.00872653549837209));
#7125=DIRECTION('ref_axis',(-1.,0.,0.));
#7126=DIRECTION('',(1.,9.24368281489015E-35,1.05922113598198E-32));
#7127=DIRECTION('',(0.,-0.00872653549837212,-0.999961923064171));
#7128=DIRECTION('',(-1.,0.,0.));
#7129=DIRECTION('',(5.8279423864838E-16,-0.00872653549837209,-0.999961923064171));
#7130=DIRECTION('',(1.,-1.69525820393726E-18,-1.9425734920985E-16));
#7131=DIRECTION('center_axis',(0.,-0.00872653549828946,-0.999961923064172));
#7132=DIRECTION('ref_axis',(-1.,0.,0.));
#7133=DIRECTION('',(0.,-0.999961923064171,0.00872653549837201));
#7134=DIRECTION('',(1.,2.87394434447449E-14,-2.5080532331985E-16));
#7135=DIRECTION('',(0.,-0.999961923064172,0.00872653549828946));
#7136=DIRECTION('',(0.,0.999961923064171,-0.00872653549837212));
#7137=DIRECTION('center_axis',(-5.8279423864838E-16,0.00872653549837209,
0.999961923064171));
#7138=DIRECTION('ref_axis',(-0.707106781186515,0.707079856727048,-0.00617059242716363));
#7139=DIRECTION('center_axis',(-2.56672523833499E-14,0.,1.));
#7140=DIRECTION('ref_axis',(3.20882712302081E-12,1.,8.11953472627772E-26));
#7141=DIRECTION('',(-5.8279423864838E-16,0.00872653549837209,0.999961923064171));
#7142=DIRECTION('center_axis',(0.,0.,-1.));
#7143=DIRECTION('ref_axis',(-7.45440116586797E-13,1.,0.));
#7144=DIRECTION('center_axis',(0.,0.,1.));
#7145=DIRECTION('ref_axis',(1.,0.,0.));
#7146=DIRECTION('',(-4.57093929686235E-15,-1.,1.58716837832976E-31));
#7147=DIRECTION('center_axis',(0.,0.,-1.));
#7148=DIRECTION('ref_axis',(-0.707106781186553,-0.707106781186542,0.));
#7149=DIRECTION('',(0.,1.,0.));
#7150=DIRECTION('',(-1.,0.,0.));
#7151=DIRECTION('center_axis',(-1.,-2.94321949806654E-14,-3.25965556124157E-16));
#7152=DIRECTION('ref_axis',(2.94282297428691E-14,-0.999961923064171,0.00872653549837238));
#7153=DIRECTION('',(0.,-1.,0.));
#7154=DIRECTION('',(3.25965556124157E-16,0.,-1.));
#7155=DIRECTION('',(-4.57093929686235E-15,-1.,1.58716837832976E-31));
#7156=DIRECTION('',(-5.8279423864838E-16,0.00872653549837209,0.999961923064171));
#7157=DIRECTION('',(0.,-1.,0.));
#7158=DIRECTION('',(3.25965556124157E-16,0.,-1.));
#7159=DIRECTION('center_axis',(2.56672523833499E-14,0.,-1.));
#7160=DIRECTION('ref_axis',(0.,1.,0.));
#7161=DIRECTION('',(0.,-1.,0.));
#7162=DIRECTION('',(0.,-1.,0.));
#7163=DIRECTION('',(1.,2.96533450404542E-14,2.56672523833499E-14));
#7164=DIRECTION('',(2.97304189632255E-14,-1.,7.63098166991841E-28));
#7165=DIRECTION('',(-1.,-2.96533450404542E-14,-2.56672523833499E-14));
#7166=DIRECTION('',(2.32521615252032E-16,-1.,5.96819098325809E-30));
#7167=DIRECTION('',(1.,0.,2.56672523833499E-14));
#7168=DIRECTION('center_axis',(0.,1.,0.));
#7169=DIRECTION('ref_axis',(0.,0.,1.));
#7170=DIRECTION('center_axis',(0.,-1.,0.));
#7171=DIRECTION('ref_axis',(1.,0.,0.));
#7172=DIRECTION('center_axis',(-1.,0.,0.));
#7173=DIRECTION('ref_axis',(0.,0.,-1.));
#7174=DIRECTION('center_axis',(0.,1.,0.));
#7175=DIRECTION('ref_axis',(1.,0.,0.));
#7176=DIRECTION('center_axis',(0.,1.,0.));
#7177=DIRECTION('ref_axis',(1.,0.,0.));
#7178=DIRECTION('center_axis',(0.,-1.,0.));
#7179=DIRECTION('ref_axis',(1.,0.,0.));
#7180=DIRECTION('center_axis',(-0.707106781186544,0.,-0.707106781186551));
#7181=DIRECTION('ref_axis',(0.500000000000005,-0.70710678118655,-0.499999999999991));
#7182=DIRECTION('',(-0.707106781186544,0.,-0.707106781186551));
#7183=DIRECTION('center_axis',(-0.707106781186549,0.,-0.707106781186546));
#7184=DIRECTION('ref_axis',(0.707106781186546,0.,-0.707106781186549));
#7185=DIRECTION('',(0.707106781186544,0.,0.707106781186551));
#7186=DIRECTION('center_axis',(-0.707106781186531,0.,-0.707106781186564));
#7187=DIRECTION('ref_axis',(0.707106781186564,0.,-0.707106781186531));
#7188=DIRECTION('center_axis',(0.,1.,0.));
#7189=DIRECTION('ref_axis',(1.,0.,0.));
#7190=DIRECTION('',(0.,1.,0.));
#7191=DIRECTION('center_axis',(0.,1.,0.));
#7192=DIRECTION('ref_axis',(1.,0.,0.));
#7193=DIRECTION('center_axis',(0.,1.,0.));
#7194=DIRECTION('ref_axis',(0.,0.,1.));
#7195=DIRECTION('center_axis',(0.,-1.,0.));
#7196=DIRECTION('ref_axis',(1.,0.,0.));
#7197=DIRECTION('center_axis',(-1.,0.,0.));
#7198=DIRECTION('ref_axis',(0.,0.,-1.));
#7199=DIRECTION('center_axis',(0.,1.,0.));
#7200=DIRECTION('ref_axis',(1.,0.,0.));
#7201=DIRECTION('center_axis',(0.,1.,0.));
#7202=DIRECTION('ref_axis',(1.,0.,0.));
#7203=DIRECTION('center_axis',(0.,-1.,0.));
#7204=DIRECTION('ref_axis',(2.56867174625748E-14,0.,-1.));
#7205=DIRECTION('center_axis',(0.,-1.,0.));
#7206=DIRECTION('ref_axis',(-0.38268343236509,0.,0.923879532511287));
#7207=DIRECTION('',(-1.,0.,0.));
#7208=DIRECTION('center_axis',(0.,1.,0.));
#7209=DIRECTION('ref_axis',(0.707106781186547,0.,-0.707106781186548));
#7210=DIRECTION('',(0.,0.,-1.));
#7211=DIRECTION('',(1.,-2.3311769545935E-16,-2.3311769545935E-16));
#7212=DIRECTION('',(-3.25965556124157E-16,0.,1.));
#7213=DIRECTION('',(-1.,0.,-2.56672523833499E-14));
#7214=DIRECTION('',(0.,0.,-1.));
#7215=DIRECTION('',(1.,0.,0.));
#7216=DIRECTION('center_axis',(0.,-1.,0.));
#7217=DIRECTION('ref_axis',(-0.38268343236508,0.,-0.923879532511291));
#7218=DIRECTION('',(0.707106781186567,0.,-0.707106781186528));
#7219=DIRECTION('center_axis',(0.,-1.,0.));
#7220=DIRECTION('ref_axis',(-0.923879532511282,0.,-0.382683432365102));
#7221=DIRECTION('',(0.,0.,-1.));
#7222=DIRECTION('center_axis',(0.,-1.,0.));
#7223=DIRECTION('ref_axis',(-0.923879532511288,0.,0.382683432365086));
#7224=DIRECTION('center_axis',(0.,1.,0.));
#7225=DIRECTION('ref_axis',(1.,0.,0.));
#7226=DIRECTION('',(0.,1.,0.));
#7227=DIRECTION('center_axis',(0.,1.,0.));
#7228=DIRECTION('ref_axis',(1.,0.,0.));
#7229=DIRECTION('center_axis',(0.,1.,0.));
#7230=DIRECTION('ref_axis',(0.,0.,1.));
#7231=DIRECTION('center_axis',(-1.,0.,0.));
#7232=DIRECTION('ref_axis',(0.,0.,-1.));
#7233=DIRECTION('center_axis',(0.,1.,0.));
#7234=DIRECTION('ref_axis',(1.,0.,0.));
#7235=DIRECTION('center_axis',(0.,1.,0.));
#7236=DIRECTION('ref_axis',(1.,0.,0.));
#7237=DIRECTION('center_axis',(0.,1.,0.));
#7238=DIRECTION('ref_axis',(1.,0.,0.));
#7239=DIRECTION('',(0.,1.,0.));
#7240=DIRECTION('center_axis',(0.,1.,0.));
#7241=DIRECTION('ref_axis',(1.,0.,0.));
#7242=DIRECTION('center_axis',(-1.,0.,0.));
#7243=DIRECTION('ref_axis',(0.,-0.70710678118654,0.707106781186555));
#7244=DIRECTION('',(-1.,0.,0.));
#7245=DIRECTION('center_axis',(1.,0.,0.));
#7246=DIRECTION('ref_axis',(0.,0.,1.));
#7247=DIRECTION('center_axis',(-0.707106781186554,0.,0.707106781186541));
#7248=DIRECTION('ref_axis',(0.707106781186541,0.,0.707106781186554));
#7249=DIRECTION('center_axis',(0.,0.,1.));
#7250=DIRECTION('ref_axis',(0.707106781186516,-0.707106781186579,0.));
#7251=DIRECTION('center_axis',(0.707106781186546,0.,0.707106781186549));
#7252=DIRECTION('ref_axis',(0.707106781186549,0.,-0.707106781186546));
#7253=DIRECTION('',(0.,0.,1.));
#7254=DIRECTION('center_axis',(1.,0.,2.56672523833499E-14));
#7255=DIRECTION('ref_axis',(0.,-0.70710678118654,-0.707106781186555));
#7256=DIRECTION('center_axis',(0.707106781186209,0.,-0.707106781186886));
#7257=DIRECTION('ref_axis',(-0.707106781186886,0.,-0.707106781186209));
#7258=DIRECTION('center_axis',(-3.25965556124157E-16,0.,1.));
#7259=DIRECTION('ref_axis',(-0.707106781186558,-0.707106781186537,0.));
#7260=DIRECTION('center_axis',(-4.92714366105345E-44,3.81848622811233E-43,
1.));
#7261=DIRECTION('ref_axis',(-0.707106781186558,-0.707106781186537,0.));
#7262=DIRECTION('center_axis',(0.,-1.,0.));
#7263=DIRECTION('ref_axis',(0.,0.,-1.));
#7264=DIRECTION('center_axis',(0.707106781186581,0.,-0.707106781186514));
#7265=DIRECTION('ref_axis',(0.707106781186514,0.,0.707106781186581));
#7266=DIRECTION('center_axis',(0.,1.,0.));
#7267=DIRECTION('ref_axis',(-0.38268343236508,0.,-0.923879532511291));
#7268=DIRECTION('center_axis',(0.707106781186567,0.,-0.707106781186528));
#7269=DIRECTION('ref_axis',(0.500000000000005,-0.70710678118655,0.499999999999992));
#7270=DIRECTION('center_axis',(0.707106781186573,0.,-0.707106781186522));
#7271=DIRECTION('ref_axis',(0.707106781186522,0.,0.707106781186573));
#7272=DIRECTION('',(-0.707106781186567,0.,0.707106781186528));
#7273=DIRECTION('center_axis',(0.,-1.,0.));
#7274=DIRECTION('ref_axis',(0.,0.,-1.));
#7275=DIRECTION('center_axis',(-9.25185853854262E-16,0.,-1.));
#7276=DIRECTION('ref_axis',(1.,0.,-9.25185853854262E-16));
#7277=DIRECTION('center_axis',(0.,1.,0.));
#7278=DIRECTION('ref_axis',(-0.923879532511282,0.,-0.382683432365102));
#7279=DIRECTION('center_axis',(0.,0.,1.));
#7280=DIRECTION('ref_axis',(0.707106781186516,-0.707106781186579,0.));
#7281=DIRECTION('center_axis',(0.,0.,-1.));
#7282=DIRECTION('ref_axis',(1.,0.,0.));
#7283=DIRECTION('',(0.,0.,1.));
#7284=DIRECTION('center_axis',(0.,-1.,0.));
#7285=DIRECTION('ref_axis',(0.,0.,-1.));
#7286=DIRECTION('center_axis',(0.,1.,0.));
#7287=DIRECTION('ref_axis',(-0.923879532511288,0.,0.382683432365086));
#7288=DIRECTION('center_axis',(0.,-1.,0.));
#7289=DIRECTION('ref_axis',(0.,0.,-1.));
#7290=DIRECTION('center_axis',(0.,1.,0.));
#7291=DIRECTION('ref_axis',(-0.38268343236509,0.,0.923879532511287));
#7292=DIRECTION('center_axis',(-1.,0.,0.));
#7293=DIRECTION('ref_axis',(0.,0.,-1.));
#7294=DIRECTION('center_axis',(1.,0.,0.));
#7295=DIRECTION('ref_axis',(0.,-0.70710678118654,-0.707106781186555));
#7296=DIRECTION('center_axis',(-1.,0.,0.));
#7297=DIRECTION('ref_axis',(0.,0.,-1.));
#7298=DIRECTION('',(1.,0.,0.));
#7299=DIRECTION('center_axis',(0.,1.,0.));
#7300=DIRECTION('ref_axis',(0.,0.,1.));
#7301=DIRECTION('center_axis',(0.,0.,-1.));
#7302=DIRECTION('ref_axis',(1.,0.,0.));
#7303=DIRECTION('center_axis',(0.,-1.,0.));
#7304=DIRECTION('ref_axis',(0.707106781186547,0.,-0.707106781186548));
#7305=DIRECTION('center_axis',(0.,0.,1.));
#7306=DIRECTION('ref_axis',(0.707106781186516,-0.707106781186579,0.));
#7307=DIRECTION('center_axis',(-4.92714366105345E-44,3.81848622811233E-43,
1.));
#7308=DIRECTION('ref_axis',(0.707106781186516,-0.707106781186579,0.));
#7309=DIRECTION('',(0.,0.,1.));
#7310=DIRECTION('center_axis',(1.,0.,0.));
#7311=DIRECTION('ref_axis',(0.,0.00872653549837281,0.999961923064171));
#7312=DIRECTION('',(0.,-1.,0.));
#7313=DIRECTION('',(0.,0.00872653549837281,0.999961923064171));
#7314=DIRECTION('',(0.,-1.,0.));
#7315=DIRECTION('center_axis',(0.,1.,0.));
#7316=DIRECTION('ref_axis',(0.707106781186548,0.,-0.707106781186548));
#7317=DIRECTION('',(0.,1.,0.));
#7318=DIRECTION('center_axis',(0.,-1.,0.));
#7319=DIRECTION('ref_axis',(0.707106781186548,0.,-0.707106781186548));
#7320=DIRECTION('center_axis',(-2.91397119324188E-14,0.999961923064171,
-0.00872653549837138));
#7321=DIRECTION('ref_axis',(-3.41658126038478E-12,-0.00872653549837138,
-0.999961923064171));
#7322=DIRECTION('center_axis',(0.,0.,-1.));
#7323=DIRECTION('ref_axis',(-1.,0.,0.));
#7324=DIRECTION('',(0.,-1.,0.));
#7325=DIRECTION('',(-1.,0.,0.));
#7326=DIRECTION('center_axis',(0.,1.,0.));
#7327=DIRECTION('ref_axis',(-0.382683432365092,0.,0.923879532511286));
#7328=DIRECTION('',(0.,1.,0.));
#7329=DIRECTION('center_axis',(0.,1.,0.));
#7330=DIRECTION('ref_axis',(-0.382683432365092,0.,0.923879532511286));
#7331=DIRECTION('center_axis',(0.707106781186551,0.,-0.707106781186544));
#7332=DIRECTION('ref_axis',(-0.707106781186544,0.,-0.707106781186551));
#7333=DIRECTION('',(0.,-1.,0.));
#7334=DIRECTION('',(-0.707106781186544,0.,-0.707106781186551));
#7335=DIRECTION('center_axis',(0.,-1.,0.));
#7336=DIRECTION('ref_axis',(-0.923879532511288,0.,0.382683432365088));
#7337=DIRECTION('',(0.,1.,0.));
#7338=DIRECTION('center_axis',(0.,1.,0.));
#7339=DIRECTION('ref_axis',(-0.923879532511288,0.,0.382683432365088));
#7340=DIRECTION('center_axis',(1.,0.,0.));
#7341=DIRECTION('ref_axis',(0.,0.00872653549837281,0.999961923064171));
#7342=DIRECTION('',(0.,0.999961923064171,-0.00872653549837201));
#7343=DIRECTION('',(0.,0.00872653549837201,0.999961923064171));
#7344=DIRECTION('',(0.,0.999961923064171,-0.00872653549838011));
#7345=DIRECTION('',(0.,0.,-1.));
#7346=DIRECTION('',(0.,-1.,0.));
#7347=DIRECTION('',(0.,0.,-1.));
#7348=DIRECTION('',(0.,1.,0.));
#7349=DIRECTION('',(0.,0.00872653549837212,0.999961923064171));
#7350=DIRECTION('',(0.,-0.999961923064171,0.00872653549837201));
#7351=DIRECTION('center_axis',(0.,1.,0.));
#7352=DIRECTION('ref_axis',(-0.923879532511282,0.,-0.382683432365102));
#7353=DIRECTION('',(0.,1.,0.));
#7354=DIRECTION('center_axis',(0.,1.,0.));
#7355=DIRECTION('ref_axis',(-0.923879532511282,0.,-0.382683432365102));
#7356=DIRECTION('center_axis',(0.707106781186528,0.,0.707106781186567));
#7357=DIRECTION('ref_axis',(0.707106781186567,0.,-0.707106781186528));
#7358=DIRECTION('',(0.,-1.,0.));
#7359=DIRECTION('',(-0.707106781186567,0.,0.707106781186528));
#7360=DIRECTION('center_axis',(0.,-1.,0.));
#7361=DIRECTION('ref_axis',(-0.382683432365077,0.,-0.923879532511292));
#7362=DIRECTION('',(0.,1.,0.));
#7363=DIRECTION('center_axis',(0.,1.,0.));
#7364=DIRECTION('ref_axis',(-0.382683432365077,0.,-0.923879532511292));
#7365=DIRECTION('center_axis',(0.,0.,-1.));
#7366=DIRECTION('ref_axis',(-1.,0.,0.));
#7367=DIRECTION('',(0.,-1.,0.));
#7368=DIRECTION('',(-1.,-2.914082152561E-14,0.));
#7369=DIRECTION('',(2.9503958331574E-14,-1.,0.));
#7370=DIRECTION('',(1.,2.87416321896428E-14,0.));
#7371=DIRECTION('',(1.,2.87416321896428E-14,0.));
#7372=DIRECTION('',(1.,0.,0.));
#7373=DIRECTION('center_axis',(1.,0.,0.));
#7374=DIRECTION('ref_axis',(0.,0.00872653549837281,0.999961923064171));
#7375=DIRECTION('',(0.,0.00872653549837281,0.999961923064171));
#7376=DIRECTION('center_axis',(0.,0.00872653549837209,0.999961923064171));
#7377=DIRECTION('ref_axis',(0.707106781186561,0.707079856727003,-0.0061705924271633));
#7378=DIRECTION('center_axis',(0.,0.00872653549837122,0.999961923064171));
#7379=DIRECTION('ref_axis',(1.,0.,0.));
#7380=DIRECTION('',(0.,0.00872653549837209,0.999961923064171));
#7381=DIRECTION('center_axis',(-4.92714366105345E-44,3.81848622811233E-43,
1.));
#7382=DIRECTION('ref_axis',(1.92546973955479E-14,1.,0.));
#7383=DIRECTION('',(0.,-0.00872653549837209,-0.999961923064171));
#7384=DIRECTION('center_axis',(0.,-0.999961923064171,0.00872653549837209));
#7385=DIRECTION('ref_axis',(0.,-0.0087265354983721,-0.999961923064171));
#7386=DIRECTION('center_axis',(1.,0.,0.));
#7387=DIRECTION('ref_axis',(0.,-0.00872653549837119,-0.999961923064171));
#7388=DIRECTION('center_axis',(0.,-0.999961923064171,0.00872653549837209));
#7389=DIRECTION('ref_axis',(0.707106781186547,-0.00617059242716403,-0.707079856727017));
#7390=DIRECTION('center_axis',(0.,0.999961923064171,-0.00872653549837209));
#7391=DIRECTION('ref_axis',(0.707106781186547,-0.00617059242716403,-0.707079856727017));
#7392=DIRECTION('center_axis',(1.,0.,0.));
#7393=DIRECTION('ref_axis',(0.,0.700909264299851,-0.713250449154181));
#7394=DIRECTION('center_axis',(1.,0.,0.));
#7395=DIRECTION('ref_axis',(0.,-0.00872653549837307,-0.999961923064171));
#7396=DIRECTION('',(1.,0.,0.));
#7397=DIRECTION('',(-1.,0.,0.));
#7398=DIRECTION('center_axis',(0.,0.999961923064171,-0.00872653549837209));
#7399=DIRECTION('ref_axis',(0.,0.00872653549837232,0.999961923064171));
#7400=DIRECTION('center_axis',(0.,0.00872653549837122,0.999961923064171));
#7401=DIRECTION('ref_axis',(1.,0.,0.));
#7402=DIRECTION('center_axis',(0.,0.999961923064171,-0.00872653549837209));
#7403=DIRECTION('ref_axis',(-0.707106781186547,0.00617059242716404,0.707079856727017));
#7404=DIRECTION('center_axis',(0.,-0.999961923064171,0.00872653549837209));
#7405=DIRECTION('ref_axis',(-0.707106781186547,0.00617059242716403,0.707079856727017));
#7406=DIRECTION('center_axis',(0.,-0.00872653549837209,-0.999961923064171));
#7407=DIRECTION('ref_axis',(0.707106781186519,0.707079856727044,-0.00617059242716366));
#7408=DIRECTION('center_axis',(0.,0.0087265354983712,0.999961923064171));
#7409=DIRECTION('ref_axis',(1.,0.,0.));
#7410=DIRECTION('',(0.,0.00872653549837209,0.999961923064171));
#7411=DIRECTION('',(0.,-0.00872653549837209,-0.999961923064171));
#7412=DIRECTION('center_axis',(0.,0.999961923064171,-0.00872653549837209));
#7413=DIRECTION('ref_axis',(0.,0.00872653549837232,0.999961923064171));
#7414=DIRECTION('center_axis',(-1.,0.,0.));
#7415=DIRECTION('ref_axis',(0.,0.00872653549837675,0.999961923064171));
#7416=DIRECTION('center_axis',(0.,0.999961923064171,-0.00872653549837209));
#7417=DIRECTION('ref_axis',(-0.707106781186547,-0.00617059242716404,-0.707079856727017));
#7418=DIRECTION('center_axis',(0.,-0.999961923064171,0.00872653549837209));
#7419=DIRECTION('ref_axis',(-0.707106781186547,-0.00617059242716406,-0.707079856727017));
#7420=DIRECTION('center_axis',(-1.,0.,0.));
#7421=DIRECTION('ref_axis',(0.,0.71325044915418,0.700909264299853));
#7422=DIRECTION('center_axis',(-1.,0.,0.));
#7423=DIRECTION('ref_axis',(0.,0.00872653549837122,0.999961923064171));
#7424=DIRECTION('',(-1.,0.,0.));
#7425=DIRECTION('',(1.,0.,0.));
#7426=DIRECTION('center_axis',(0.,-0.999961923064171,0.00872653549837209));
#7427=DIRECTION('ref_axis',(0.,-0.00872653549837211,-0.999961923064171));
#7428=DIRECTION('center_axis',(0.,0.00872653549837125,0.999961923064171));
#7429=DIRECTION('ref_axis',(1.,0.,0.));
#7430=DIRECTION('center_axis',(0.,-0.999961923064171,0.00872653549837209));
#7431=DIRECTION('ref_axis',(0.707106781186547,0.00617059242716404,0.707079856727017));
#7432=DIRECTION('center_axis',(0.,0.999961923064171,-0.00872653549837209));
#7433=DIRECTION('ref_axis',(0.707106781186547,0.00617059242716403,0.707079856727017));
#7434=DIRECTION('center_axis',(0.,-0.00872653549837209,-0.999961923064171));
#7435=DIRECTION('ref_axis',(0.707106781186519,0.707079856727044,-0.00617059242716366));
#7436=DIRECTION('',(0.,0.00872653549837209,0.999961923064171));
#7437=DIRECTION('',(0.,-0.00872653549837209,-0.999961923064171));
#7438=DIRECTION('center_axis',(0.707106781186531,0.00617059242717403,0.707079856727033));
#7439=DIRECTION('ref_axis',(-0.707106781186564,0.00617059242715403,0.707079856727));
#7440=DIRECTION('center_axis',(1.,0.,0.));
#7441=DIRECTION('ref_axis',(0.,0.700909264299881,-0.713250449154152));
#7442=DIRECTION('',(-1.,0.,0.));
#7443=DIRECTION('center_axis',(1.,0.,0.));
#7444=DIRECTION('ref_axis',(0.,0.700909264299881,-0.713250449154152));
#7445=DIRECTION('',(-1.,0.,0.));
#7446=DIRECTION('center_axis',(0.707106781186559,-0.00617059242716332,-0.707079856727005));
#7447=DIRECTION('ref_axis',(-0.707106781186536,-0.00617059242716335,-0.707079856727027));
#7448=DIRECTION('',(1.,0.,0.));
#7449=DIRECTION('center_axis',(0.,0.999961923064171,-0.00872653549837209));
#7450=DIRECTION('ref_axis',(-1.,0.,0.));
#7451=DIRECTION('',(5.8279423864838E-16,-0.00872653549837209,-0.999961923064171));
#7452=DIRECTION('',(1.,-1.69525820393726E-18,-1.9425734920985E-16));
#7453=DIRECTION('center_axis',(0.,-0.999961923064171,0.00872653549837209));
#7454=DIRECTION('ref_axis',(-1.,0.,0.));
#7455=DIRECTION('center_axis',(0.,-0.999961923064171,0.00872653549837209));
#7456=DIRECTION('ref_axis',(-1.,0.,0.));
#7457=DIRECTION('center_axis',(-5.8279423864838E-16,0.00872653549837209,
0.999961923064171));
#7458=DIRECTION('ref_axis',(-0.707106781186572,0.707079856726992,-0.00617059242716339));
#7459=DIRECTION('center_axis',(-2.56672523833499E-14,0.,1.));
#7460=DIRECTION('ref_axis',(3.12932199113229E-12,1.,8.11953472627772E-26));
#7461=DIRECTION('center_axis',(-4.92714366105345E-44,3.81848622811233E-43,
1.));
#7462=DIRECTION('ref_axis',(-3.41149293194392E-14,1.,0.));
#7463=DIRECTION('center_axis',(2.56672523833499E-14,0.,-1.));
#7464=DIRECTION('ref_axis',(0.,1.,0.));
#7465=DIRECTION('',(0.,-1.,0.));
#7466=DIRECTION('',(0.,-1.,0.));
#7467=DIRECTION('',(1.,2.96533450404542E-14,2.56672523833499E-14));
#7468=DIRECTION('',(2.97304189632255E-14,-1.,7.63098166991841E-28));
#7469=DIRECTION('',(-1.,-2.96533450404542E-14,-2.56672523833499E-14));
#7470=DIRECTION('',(2.32521615252032E-16,-1.,5.96819098325809E-30));
#7471=DIRECTION('',(1.,0.,2.56672523833499E-14));
#7472=DIRECTION('center_axis',(0.,1.,0.));
#7473=DIRECTION('ref_axis',(0.,0.,1.));
#7474=DIRECTION('center_axis',(-1.,0.,0.));
#7475=DIRECTION('ref_axis',(0.,0.,-1.));
#7476=DIRECTION('center_axis',(0.,1.,0.));
#7477=DIRECTION('ref_axis',(1.,0.,0.));
#7478=DIRECTION('center_axis',(0.,1.,0.));
#7479=DIRECTION('ref_axis',(1.,0.,0.));
#7480=DIRECTION('center_axis',(0.,-1.,0.));
#7481=DIRECTION('ref_axis',(0.,0.,-1.));
#7482=DIRECTION('center_axis',(-0.707106781186523,0.,-0.707106781186572));
#7483=DIRECTION('ref_axis',(0.707106781186572,0.,-0.707106781186523));
#7484=DIRECTION('center_axis',(0.,1.,0.));
#7485=DIRECTION('ref_axis',(-0.38268343236509,0.,0.923879532511287));
#7486=DIRECTION('center_axis',(-1.,0.,0.));
#7487=DIRECTION('ref_axis',(0.,0.,-1.));
#7488=DIRECTION('center_axis',(-0.707106781186544,0.,-0.707106781186551));
#7489=DIRECTION('ref_axis',(0.500000000000005,-0.70710678118654,-0.500000000000005));
#7490=DIRECTION('center_axis',(-0.707106781186549,0.,-0.707106781186546));
#7491=DIRECTION('ref_axis',(0.707106781186546,0.,-0.707106781186549));
#7492=DIRECTION('',(0.707106781186544,0.,0.707106781186551));
#7493=DIRECTION('center_axis',(0.,1.,0.));
#7494=DIRECTION('ref_axis',(1.,0.,0.));
#7495=DIRECTION('',(0.,1.,0.));
#7496=DIRECTION('center_axis',(0.,1.,0.));
#7497=DIRECTION('ref_axis',(1.,0.,0.));
#7498=DIRECTION('center_axis',(-1.,0.,0.));
#7499=DIRECTION('ref_axis',(0.,-0.70710678118655,0.707106781186545));
#7500=DIRECTION('',(-1.,0.,0.));
#7501=DIRECTION('center_axis',(1.,0.,0.));
#7502=DIRECTION('ref_axis',(0.,0.,1.));
#7503=DIRECTION('center_axis',(-0.707106781186554,0.,0.707106781186541));
#7504=DIRECTION('ref_axis',(0.707106781186541,0.,0.707106781186554));
#7505=DIRECTION('center_axis',(0.,-1.,0.));
#7506=DIRECTION('ref_axis',(0.,0.,-1.));
#7507=DIRECTION('center_axis',(0.707106781186581,0.,-0.707106781186514));
#7508=DIRECTION('ref_axis',(0.707106781186514,0.,0.707106781186581));
#7509=DIRECTION('center_axis',(0.,1.,0.));
#7510=DIRECTION('ref_axis',(-0.38268343236508,0.,-0.923879532511291));
#7511=DIRECTION('center_axis',(0.707106781186567,0.,-0.707106781186528));
#7512=DIRECTION('ref_axis',(0.499999999999943,-0.70710678118657,0.500000000000026));
#7513=DIRECTION('center_axis',(0.707106781186578,0.,-0.707106781186517));
#7514=DIRECTION('ref_axis',(0.707106781186517,0.,0.707106781186578));
#7515=DIRECTION('',(-0.707106781186567,0.,0.707106781186528));
#7516=DIRECTION('center_axis',(0.,-1.,0.));
#7517=DIRECTION('ref_axis',(0.,0.,-1.));
#7518=DIRECTION('center_axis',(-9.25185853854262E-16,0.,-1.));
#7519=DIRECTION('ref_axis',(1.,0.,-9.25185853854262E-16));
#7520=DIRECTION('center_axis',(0.,1.,0.));
#7521=DIRECTION('ref_axis',(-0.923879532511282,0.,-0.382683432365102));
#7522=DIRECTION('center_axis',(0.,0.,1.));
#7523=DIRECTION('ref_axis',(0.707106781186521,-0.707106781186574,0.));
#7524=DIRECTION('center_axis',(0.,0.,-1.));
#7525=DIRECTION('ref_axis',(1.,0.,0.));
#7526=DIRECTION('',(0.,0.,1.));
#7527=DIRECTION('center_axis',(0.,-1.,0.));
#7528=DIRECTION('ref_axis',(0.,0.,-1.));
#7529=DIRECTION('center_axis',(0.,1.,0.));
#7530=DIRECTION('ref_axis',(-0.923879532511288,0.,0.382683432365086));
#7531=DIRECTION('center_axis',(1.,0.,0.));
#7532=DIRECTION('ref_axis',(0.,-0.70710678118655,-0.707106781186545));
#7533=DIRECTION('center_axis',(-1.,0.,0.));
#7534=DIRECTION('ref_axis',(0.,0.,-1.));
#7535=DIRECTION('',(1.,0.,0.));
#7536=DIRECTION('center_axis',(0.,1.,0.));
#7537=DIRECTION('ref_axis',(0.,0.,1.));
#7538=DIRECTION('center_axis',(0.,0.,-1.));
#7539=DIRECTION('ref_axis',(1.,0.,0.));
#7540=DIRECTION('center_axis',(0.,-1.,0.));
#7541=DIRECTION('ref_axis',(0.707106781186547,0.,-0.707106781186548));
#7542=DIRECTION('center_axis',(0.,0.,1.));
#7543=DIRECTION('ref_axis',(0.707106781186521,-0.707106781186574,0.));
#7544=DIRECTION('center_axis',(-4.92714366105345E-44,3.81848622811233E-43,
1.));
#7545=DIRECTION('ref_axis',(0.707106781186521,-0.707106781186574,0.));
#7546=DIRECTION('',(0.,0.,1.));
#7547=DIRECTION('center_axis',(0.,0.,1.));
#7548=DIRECTION('ref_axis',(0.707106781186521,-0.707106781186574,0.));
#7549=DIRECTION('',(0.,0.,1.));
#7550=DIRECTION('center_axis',(0.707106781186546,0.,0.707106781186549));
#7551=DIRECTION('ref_axis',(0.707106781186549,0.,-0.707106781186546));
#7552=DIRECTION('center_axis',(1.,0.,2.56672523833499E-14));
#7553=DIRECTION('ref_axis',(0.,-0.70710678118655,-0.707106781186545));
#7554=DIRECTION('center_axis',(0.707106781184492,0.,-0.707106781188603));
#7555=DIRECTION('ref_axis',(-0.707106781188603,0.,-0.707106781184492));
#7556=DIRECTION('center_axis',(-3.25965556124157E-16,0.,1.));
#7557=DIRECTION('ref_axis',(-0.707106781186553,-0.707106781186542,0.));
#7558=DIRECTION('center_axis',(1.,0.,0.));
#7559=DIRECTION('ref_axis',(0.,0.00872653549837281,0.999961923064171));
#7560=DIRECTION('',(0.,-1.,0.));
#7561=DIRECTION('',(0.,0.00872653549837281,0.999961923064171));
#7562=DIRECTION('',(0.,-1.,0.));
#7563=DIRECTION('center_axis',(0.,1.,0.));
#7564=DIRECTION('ref_axis',(0.707106781186548,0.,-0.707106781186548));
#7565=DIRECTION('',(0.,1.,0.));
#7566=DIRECTION('center_axis',(0.,-1.,0.));
#7567=DIRECTION('ref_axis',(0.707106781186548,0.,-0.707106781186548));
#7568=DIRECTION('center_axis',(-2.91397119324188E-14,0.999961923064171,
-0.00872653549837138));
#7569=DIRECTION('ref_axis',(-3.41658126038478E-12,-0.00872653549837138,
-0.999961923064171));
#7570=DIRECTION('center_axis',(0.,0.,-1.));
#7571=DIRECTION('ref_axis',(-1.,0.,0.));
#7572=DIRECTION('',(0.,-1.,0.));
#7573=DIRECTION('',(-1.,0.,0.));
#7574=DIRECTION('center_axis',(0.,1.,0.));
#7575=DIRECTION('ref_axis',(-0.382683432365092,0.,0.923879532511286));
#7576=DIRECTION('',(0.,1.,0.));
#7577=DIRECTION('center_axis',(0.,1.,0.));
#7578=DIRECTION('ref_axis',(-0.382683432365092,0.,0.923879532511286));
#7579=DIRECTION('center_axis',(0.707106781186551,0.,-0.707106781186544));
#7580=DIRECTION('ref_axis',(-0.707106781186544,0.,-0.707106781186551));
#7581=DIRECTION('',(0.,-1.,0.));
#7582=DIRECTION('',(-0.707106781186544,0.,-0.707106781186551));
#7583=DIRECTION('center_axis',(0.,-1.,0.));
#7584=DIRECTION('ref_axis',(-0.923879532511288,0.,0.382683432365088));
#7585=DIRECTION('',(0.,1.,0.));
#7586=DIRECTION('center_axis',(0.,1.,0.));
#7587=DIRECTION('ref_axis',(-0.923879532511288,0.,0.382683432365088));
#7588=DIRECTION('center_axis',(1.,0.,0.));
#7589=DIRECTION('ref_axis',(0.,0.00872653549837281,0.999961923064171));
#7590=DIRECTION('',(0.,0.999961923064171,-0.00872653549837201));
#7591=DIRECTION('',(0.,0.00872653549837201,0.999961923064171));
#7592=DIRECTION('',(0.,0.999961923064171,-0.00872653549838011));
#7593=DIRECTION('',(0.,0.,-1.));
#7594=DIRECTION('',(0.,-1.,0.));
#7595=DIRECTION('',(0.,0.,-1.));
#7596=DIRECTION('',(0.,1.,0.));
#7597=DIRECTION('',(0.,0.00872653549837212,0.999961923064171));
#7598=DIRECTION('',(0.,-0.999961923064171,0.00872653549837201));
#7599=DIRECTION('center_axis',(0.,1.,0.));
#7600=DIRECTION('ref_axis',(-0.923879532511282,0.,-0.382683432365102));
#7601=DIRECTION('',(0.,1.,0.));
#7602=DIRECTION('center_axis',(0.,1.,0.));
#7603=DIRECTION('ref_axis',(-0.923879532511282,0.,-0.382683432365102));
#7604=DIRECTION('center_axis',(0.707106781186528,0.,0.707106781186567));
#7605=DIRECTION('ref_axis',(0.707106781186567,0.,-0.707106781186528));
#7606=DIRECTION('',(0.,-1.,0.));
#7607=DIRECTION('',(-0.707106781186567,0.,0.707106781186528));
#7608=DIRECTION('center_axis',(0.,-1.,0.));
#7609=DIRECTION('ref_axis',(-0.382683432365077,0.,-0.923879532511292));
#7610=DIRECTION('',(0.,1.,0.));
#7611=DIRECTION('center_axis',(0.,1.,0.));
#7612=DIRECTION('ref_axis',(-0.382683432365077,0.,-0.923879532511292));
#7613=DIRECTION('center_axis',(0.,0.,-1.));
#7614=DIRECTION('ref_axis',(-1.,0.,0.));
#7615=DIRECTION('',(0.,-1.,0.));
#7616=DIRECTION('',(-1.,-2.914082152561E-14,0.));
#7617=DIRECTION('',(2.9503958331574E-14,-1.,0.));
#7618=DIRECTION('',(1.,2.87416321896428E-14,0.));
#7619=DIRECTION('',(1.,2.87416321896428E-14,0.));
#7620=DIRECTION('',(1.,0.,0.));
#7621=DIRECTION('center_axis',(1.,0.,0.));
#7622=DIRECTION('ref_axis',(0.,0.00872653549837281,0.999961923064171));
#7623=DIRECTION('',(0.,0.00872653549837281,0.999961923064171));
#7624=DIRECTION('center_axis',(-4.92714366105345E-44,3.81848622811233E-43,
1.));
#7625=DIRECTION('ref_axis',(-1.,0.,-4.92714366105345E-44));
#7626=DIRECTION('',(1.,3.01632978488991E-14,2.5679047365867E-14));
#7627=DIRECTION('',(-1.,0.,0.));
#7628=DIRECTION('',(0.,1.,0.));
#7629=DIRECTION('center_axis',(-4.92714366105345E-44,3.81848622811233E-43,
1.));
#7630=DIRECTION('ref_axis',(-1.,0.,-4.92714366105345E-44));
#7631=DIRECTION('',(-1.,-2.93649191769645E-14,-2.5679047365867E-14));
#7632=DIRECTION('',(0.,1.,0.));
#7633=DIRECTION('center_axis',(0.,1.,0.));
#7634=DIRECTION('ref_axis',(-1.,0.,0.));
#7635=DIRECTION('',(0.,0.,1.));
#7636=DIRECTION('',(1.,-1.69525820393726E-18,-1.9425734920985E-16));
#7637=DIRECTION('center_axis',(-4.92714366105345E-44,3.81848622811233E-43,
1.));
#7638=DIRECTION('ref_axis',(-1.,0.,-4.92714366105345E-44));
#7639=DIRECTION('',(-1.,-2.93649191769645E-14,-2.5679047365867E-14));
#7640=DIRECTION('',(0.,1.,0.));
#7641=DIRECTION('',(1.,3.01632978488991E-14,2.5679047365867E-14));
#7642=DIRECTION('',(0.,-1.,0.));
#7643=DIRECTION('',(-1.,-2.93649191769645E-14,-2.5679047365867E-14));
#7644=DIRECTION('',(2.94321949806654E-14,-1.,7.55790728989941E-28));
#7645=DIRECTION('',(1.,3.01632978488991E-14,2.5679047365867E-14));
#7646=DIRECTION('',(0.,-1.,0.));
#7647=DIRECTION('',(-1.,-2.93649191769645E-14,-2.5679047365867E-14));
#7648=DIRECTION('',(2.94321949806654E-14,-1.,7.55790728989941E-28));
#7649=DIRECTION('',(1.,3.01632978488991E-14,2.5679047365867E-14));
#7650=DIRECTION('',(0.,-1.,0.));
#7651=DIRECTION('center_axis',(0.,-0.00872653549828946,-0.999961923064172));
#7652=DIRECTION('ref_axis',(-1.,0.,0.));
#7653=DIRECTION('',(0.,-0.999961923064171,0.00872653549837201));
#7654=DIRECTION('',(1.,2.87394434447449E-14,-2.5080532331985E-16));
#7655=DIRECTION('',(0.,-0.999961923064172,0.00872653549828946));
#7656=DIRECTION('',(0.,0.999961923064171,-0.00872653549837212));
#7657=DIRECTION('center_axis',(1.,0.,0.));
#7658=DIRECTION('ref_axis',(0.,0.00872653549837281,0.999961923064171));
#7659=DIRECTION('',(0.,-0.00872653549837201,-0.999961923064171));
#7660=DIRECTION('center_axis',(-2.87405377963583E-14,0.999961923064171,
-0.00872653549837198));
#7661=DIRECTION('ref_axis',(0.,0.00872653549837198,0.999961923064171));
#7662=DIRECTION('',(0.,0.00872653549837198,0.999961923064171));
#7663=DIRECTION('',(2.66453525910038E-14,-0.00872653549837122,-0.999961923064171));
#7664=DIRECTION('center_axis',(-1.,0.,0.));
#7665=DIRECTION('ref_axis',(0.,0.999961923064171,-0.00872653549837201));
#7666=DIRECTION('center_axis',(0.,-0.999961923064171,0.00872653549837201));
#7667=DIRECTION('ref_axis',(0.707106781186546,0.00617059242716421,0.707079856727017));
#7668=DIRECTION('',(0.,-0.999961923064171,0.00872653549837201));
#7669=DIRECTION('center_axis',(0.,0.999961923064171,-0.00872653549837201));
#7670=DIRECTION('ref_axis',(0.707106781186546,0.00617059242716421,0.707079856727017));
#7671=DIRECTION('',(0.,0.999961923064171,-0.00872653549837201));
#7672=DIRECTION('center_axis',(1.,0.,0.));
#7673=DIRECTION('ref_axis',(0.,0.00872653549837209,0.999961923064171));
#7674=DIRECTION('',(0.,-0.00872653549837212,-0.999961923064171));
#7675=DIRECTION('center_axis',(0.,0.00872653549837201,0.999961923064171));
#7676=DIRECTION('ref_axis',(-1.,0.,0.));
#7677=DIRECTION('',(0.,0.999961923064171,-0.00872653549837201));
#7678=DIRECTION('',(-1.,0.,0.));
#7679=DIRECTION('center_axis',(0.,-0.999961923064171,0.00872653549837201));
#7680=DIRECTION('ref_axis',(0.707106781186546,-0.00617059242716342,-0.707079856727018));
#7681=DIRECTION('',(0.,-0.999961923064171,0.00872653549837201));
#7682=DIRECTION('center_axis',(0.,0.999961923064171,-0.00872653549837201));
#7683=DIRECTION('ref_axis',(0.707106781186546,-0.00617059242716342,-0.707079856727018));
#7684=DIRECTION('',(0.,0.999961923064171,-0.00872653549837201));
#7685=DIRECTION('center_axis',(0.,-0.00872653549837201,-0.999961923064171));
#7686=DIRECTION('ref_axis',(1.,0.,0.));
#7687=DIRECTION('',(1.,0.,0.));
#7688=DIRECTION('',(0.,-0.999961923064171,0.00872653549837201));
#7689=DIRECTION('center_axis',(0.,-0.999961923064171,0.00872653549837201));
#7690=DIRECTION('ref_axis',(-0.70710678118655,0.0061705924271634,0.707079856727014));
#7691=DIRECTION('center_axis',(0.,-0.999961923064171,0.00872653549837201));
#7692=DIRECTION('ref_axis',(-0.70710678118655,0.0061705924271634,0.707079856727014));
#7693=DIRECTION('center_axis',(0.,0.999961923064171,-0.00872653549837201));
#7694=DIRECTION('ref_axis',(-0.707106781186546,-0.00617059242716421,-0.707079856727018));
#7695=DIRECTION('center_axis',(0.,-0.999961923064171,0.00872653549837201));
#7696=DIRECTION('ref_axis',(-0.707106781186546,-0.00617059242716421,-0.707079856727018));
#7697=DIRECTION('center_axis',(0.,-0.999961923064171,0.00872653549837201));
#7698=DIRECTION('ref_axis',(0.,-0.00872653549837201,-0.999961923064171));
#7699=DIRECTION('center_axis',(0.,0.999961923064171,-0.00872653549837201));
#7700=DIRECTION('ref_axis',(-1.27333265495161E-16,0.00872653549837201,0.999961923064171));
#7701=DIRECTION('center_axis',(0.,0.00872653549838011,0.999961923064171));
#7702=DIRECTION('ref_axis',(1.,0.,0.));
#7703=DIRECTION('',(1.,2.94271092060536E-14,-2.56806491505632E-16));
#7704=DIRECTION('',(-1.,0.,0.));
#7705=DIRECTION('',(1.,0.,0.));
#7706=DIRECTION('',(-1.,-2.94271092060536E-14,2.56806491505632E-16));
#7707=DIRECTION('',(-2.99380602045398E-14,0.999961923064171,-0.00872653549837198));
#7708=DIRECTION('center_axis',(0.,1.,0.));
#7709=DIRECTION('ref_axis',(0.,0.,1.));
#7710=DIRECTION('center_axis',(0.,-1.,0.));
#7711=DIRECTION('ref_axis',(1.,1.4432899320127E-14,0.));
#7712=DIRECTION('center_axis',(0.,-1.,0.));
#7713=DIRECTION('ref_axis',(1.,0.,0.));
#7714=DIRECTION('center_axis',(0.,-1.,0.));
#7715=DIRECTION('ref_axis',(1.,1.4432899320127E-14,0.));
#7716=DIRECTION('center_axis',(0.,-1.,0.));
#7717=DIRECTION('ref_axis',(1.,0.,0.));
#7718=DIRECTION('center_axis',(0.,-1.,0.));
#7719=DIRECTION('ref_axis',(1.,1.4432899320127E-14,0.));
#7720=DIRECTION('center_axis',(1.4432899320127E-14,-1.,0.));
#7721=DIRECTION('ref_axis',(1.,1.4432899320127E-14,0.));
#7722=DIRECTION('',(1.4432899320127E-14,-1.,0.));
#7723=DIRECTION('center_axis',(1.4432899320127E-14,-1.,0.));
#7724=DIRECTION('ref_axis',(1.,1.4432899320127E-14,0.));
#7725=DIRECTION('center_axis',(0.,-1.,0.));
#7726=DIRECTION('ref_axis',(1.,1.4432899320127E-14,0.));
#7727=DIRECTION('',(1.4432899320127E-14,-1.,0.));
#7728=DIRECTION('center_axis',(0.,-0.999961923064171,0.0087265354983721));
#7729=DIRECTION('ref_axis',(-1.,0.,0.));
#7730=DIRECTION('',(0.,-0.999961923064171,0.0087265354983721));
#7731=DIRECTION('center_axis',(0.,-0.999961923064171,0.00872653549837209));
#7732=DIRECTION('ref_axis',(-1.,0.,0.));
#7733=DIRECTION('center_axis',(0.,0.999961923064171,-0.00872653549837209));
#7734=DIRECTION('ref_axis',(-1.,0.,0.));
#7735=DIRECTION('center_axis',(0.,0.999961923064171,-0.00872653549837209));
#7736=DIRECTION('ref_axis',(-1.25949208261519E-16,0.00872653549837208,0.999961923064171));
#7737=DIRECTION('center_axis',(0.,-0.999961923064171,0.0087265354983721));
#7738=DIRECTION('ref_axis',(-1.,0.,0.));
#7739=DIRECTION('',(0.,-0.999961923064171,0.0087265354983721));
#7740=DIRECTION('center_axis',(0.,-0.999961923064171,0.00872653549837209));
#7741=DIRECTION('ref_axis',(-1.,0.,0.));
#7742=DIRECTION('center_axis',(0.,0.999961923064171,-0.00872653549837209));
#7743=DIRECTION('ref_axis',(-1.,0.,0.));
#7744=DIRECTION('center_axis',(0.,0.999961923064171,-0.00872653549837209));
#7745=DIRECTION('ref_axis',(-1.27333265495162E-16,0.00872653549837208,0.999961923064171));
#7746=DIRECTION('center_axis',(-1.45915026093592E-14,1.,0.));
#7747=DIRECTION('ref_axis',(-1.,-1.45915026093592E-14,0.));
#7748=DIRECTION('',(-1.45915026093592E-14,1.,0.));
#7749=DIRECTION('center_axis',(-1.4432899320127E-14,1.,0.));
#7750=DIRECTION('ref_axis',(-1.,-1.4432899320127E-14,0.));
#7751=DIRECTION('center_axis',(0.,0.999961923064171,-0.00872653549837201));
#7752=DIRECTION('ref_axis',(-1.25949208261518E-16,0.00872653549837201,0.999961923064171));
#7753=DIRECTION('',(-1.4432899320127E-14,1.,0.));
#7754=DIRECTION('center_axis',(0.,-0.999961923064171,0.00872653549837201));
#7755=DIRECTION('ref_axis',(0.,-0.00872653549837201,-0.999961923064171));
#7756=DIRECTION('',(0.,0.00872653549837209,0.999961923064171));
#7757=DIRECTION('center_axis',(0.,1.,0.));
#7758=DIRECTION('ref_axis',(0.,0.,1.));
#7759=DIRECTION('center_axis',(-1.,-2.9503958331574E-14,-4.37095678986282E-16));
#7760=DIRECTION('ref_axis',(-4.37095678986282E-16,0.,1.));
#7761=DIRECTION('',(-6.94546375445113E-16,0.00872653549837138,0.999961923064171));
#7762=DIRECTION('center_axis',(1.,0.,0.));
#7763=DIRECTION('ref_axis',(0.,-0.00872653549837209,-0.999961923064171));
#7764=DIRECTION('',(0.,-0.00872653549837209,-0.999961923064171));
#7765=DIRECTION('center_axis',(2.91397119324188E-14,-0.999961923064171,
0.00872653549837138));
#7766=DIRECTION('ref_axis',(0.,-0.00872653549837138,-0.999961923064171));
#7767=DIRECTION('',(-5.82794238648376E-16,0.00872653549837197,0.999961923064171));
#7768=DIRECTION('center_axis',(2.91397119324188E-14,-0.999961923064171,
0.00872653549837138));
#7769=DIRECTION('ref_axis',(0.,-0.00872653549837138,-0.999961923064171));
#7770=DIRECTION('center_axis',(1.,2.94321949806654E-14,3.25965556124157E-16));
#7771=DIRECTION('ref_axis',(-2.94282297428691E-14,0.999961923064171,-0.00872653549837206));
#7772=DIRECTION('',(5.82794238648376E-16,-0.00872653549837197,-0.999961923064171));
#7773=DIRECTION('center_axis',(-2.99380602045399E-14,0.999961923064171,
-0.00872653549837199));
#7774=DIRECTION('ref_axis',(0.,0.00872653549837199,0.999961923064171));
#7775=DIRECTION('center_axis',(1.,0.,0.));
#7776=DIRECTION('ref_axis',(0.,0.00872653549837281,0.999961923064171));
#7777=DIRECTION('',(0.,-0.00872653549837201,-0.999961923064171));
#7778=DIRECTION('center_axis',(-2.87405377963583E-14,0.999961923064171,
-0.00872653549837198));
#7779=DIRECTION('ref_axis',(0.,0.00872653549837198,0.999961923064171));
#7780=DIRECTION('',(2.66453525910038E-14,-0.00872653549837122,-0.999961923064171));
#7781=DIRECTION('center_axis',(-1.,0.,0.));
#7782=DIRECTION('ref_axis',(0.,0.999961923064171,-0.00872653549837201));
#7783=DIRECTION('center_axis',(0.,-0.999961923064171,0.00872653549837201));
#7784=DIRECTION('ref_axis',(0.,-0.00872653549837201,-0.999961923064171));
#7785=DIRECTION('center_axis',(0.,0.999961923064171,-0.00872653549837201));
#7786=DIRECTION('ref_axis',(-1.27333265495161E-16,0.00872653549837201,0.999961923064171));
#7787=DIRECTION('center_axis',(0.,0.00872653549838011,0.999961923064171));
#7788=DIRECTION('ref_axis',(1.,0.,0.));
#7789=DIRECTION('',(1.,2.94271092060536E-14,-2.56806491505632E-16));
#7790=DIRECTION('',(-1.,0.,0.));
#7791=DIRECTION('',(1.,0.,0.));
#7792=DIRECTION('',(-1.,-2.94271092060536E-14,2.56806491505632E-16));
#7793=DIRECTION('',(-2.99380602045398E-14,0.999961923064171,-0.00872653549837198));
#7794=DIRECTION('center_axis',(0.,1.,0.));
#7795=DIRECTION('ref_axis',(0.,0.,1.));
#7796=DIRECTION('center_axis',(0.,-1.,0.));
#7797=DIRECTION('ref_axis',(1.,1.4432899320127E-14,0.));
#7798=DIRECTION('center_axis',(0.,-1.,0.));
#7799=DIRECTION('ref_axis',(1.,0.,0.));
#7800=DIRECTION('center_axis',(0.,-1.,0.));
#7801=DIRECTION('ref_axis',(1.,1.4432899320127E-14,0.));
#7802=DIRECTION('center_axis',(0.,-1.,0.));
#7803=DIRECTION('ref_axis',(1.,0.,0.));
#7804=DIRECTION('center_axis',(0.,-1.,0.));
#7805=DIRECTION('ref_axis',(1.,1.4432899320127E-14,0.));
#7806=DIRECTION('center_axis',(1.4432899320127E-14,-1.,0.));
#7807=DIRECTION('ref_axis',(1.,1.4432899320127E-14,0.));
#7808=DIRECTION('',(1.4432899320127E-14,-1.,0.));
#7809=DIRECTION('center_axis',(1.4432899320127E-14,-1.,0.));
#7810=DIRECTION('ref_axis',(1.,1.4432899320127E-14,0.));
#7811=DIRECTION('center_axis',(0.,-1.,0.));
#7812=DIRECTION('ref_axis',(1.,1.4432899320127E-14,0.));
#7813=DIRECTION('',(1.4432899320127E-14,-1.,0.));
#7814=DIRECTION('center_axis',(0.,0.999961923064171,-0.00872653549837209));
#7815=DIRECTION('ref_axis',(-1.,0.,0.));
#7816=DIRECTION('center_axis',(0.,0.999961923064171,-0.00872653549837209));
#7817=DIRECTION('ref_axis',(-1.25949208261519E-16,0.00872653549837208,0.999961923064171));
#7818=DIRECTION('center_axis',(0.,0.999961923064171,-0.00872653549837209));
#7819=DIRECTION('ref_axis',(-1.,0.,0.));
#7820=DIRECTION('center_axis',(0.,0.999961923064171,-0.00872653549837209));
#7821=DIRECTION('ref_axis',(-1.27333265495162E-16,0.00872653549837208,0.999961923064171));
#7822=DIRECTION('center_axis',(-1.45915026093592E-14,1.,0.));
#7823=DIRECTION('ref_axis',(-1.,-1.45915026093592E-14,0.));
#7824=DIRECTION('',(-1.45915026093592E-14,1.,0.));
#7825=DIRECTION('center_axis',(-1.4432899320127E-14,1.,0.));
#7826=DIRECTION('ref_axis',(-1.,-1.4432899320127E-14,0.));
#7827=DIRECTION('center_axis',(0.,0.999961923064171,-0.00872653549837201));
#7828=DIRECTION('ref_axis',(-1.25949208261518E-16,0.00872653549837201,0.999961923064171));
#7829=DIRECTION('',(-1.4432899320127E-14,1.,0.));
#7830=DIRECTION('center_axis',(0.,-0.999961923064171,0.00872653549837201));
#7831=DIRECTION('ref_axis',(0.,-0.00872653549837201,-0.999961923064171));
#7832=DIRECTION('center_axis',(0.,1.,0.));
#7833=DIRECTION('ref_axis',(0.,0.,1.));
#7834=DIRECTION('center_axis',(-1.,-2.9503958331574E-14,-4.37095678986282E-16));
#7835=DIRECTION('ref_axis',(-4.37095678986282E-16,0.,1.));
#7836=DIRECTION('',(-6.94546375445113E-16,0.00872653549837138,0.999961923064171));
#7837=DIRECTION('center_axis',(2.91397119324188E-14,-0.999961923064171,
0.00872653549837138));
#7838=DIRECTION('ref_axis',(0.,-0.00872653549837138,-0.999961923064171));
#7839=DIRECTION('',(-5.82794238648376E-16,0.00872653549837197,0.999961923064171));
#7840=DIRECTION('center_axis',(2.91397119324188E-14,-0.999961923064171,
0.00872653549837138));
#7841=DIRECTION('ref_axis',(0.,-0.00872653549837138,-0.999961923064171));
#7842=DIRECTION('center_axis',(-2.99380602045399E-14,0.999961923064171,
-0.00872653549837199));
#7843=DIRECTION('ref_axis',(0.,0.00872653549837199,0.999961923064171));
#7844=DIRECTION('',(5.82794238648376E-16,-0.00872653549837197,-0.999961923064171));
#7845=DIRECTION('center_axis',(1.,0.,0.));
#7846=DIRECTION('ref_axis',(0.,0.00872653549837281,0.999961923064171));
#7847=DIRECTION('',(0.,-0.00872653549837201,-0.999961923064171));
#7848=DIRECTION('center_axis',(-2.87405377963583E-14,0.999961923064171,
-0.00872653549837198));
#7849=DIRECTION('ref_axis',(0.,0.00872653549837198,0.999961923064171));
#7850=DIRECTION('',(0.,0.00872653549837198,0.999961923064171));
#7851=DIRECTION('',(2.66453525910038E-14,-0.00872653549837122,-0.999961923064171));
#7852=DIRECTION('center_axis',(-1.,0.,0.));
#7853=DIRECTION('ref_axis',(0.,0.999961923064171,-0.00872653549837201));
#7854=DIRECTION('center_axis',(0.,-0.999961923064171,0.00872653549837201));
#7855=DIRECTION('ref_axis',(0.707106781186546,0.00617059242716421,0.707079856727017));
#7856=DIRECTION('',(0.,-0.999961923064171,0.00872653549837201));
#7857=DIRECTION('center_axis',(0.,0.999961923064171,-0.00872653549837201));
#7858=DIRECTION('ref_axis',(0.707106781186546,0.00617059242716421,0.707079856727017));
#7859=DIRECTION('',(0.,0.999961923064171,-0.00872653549837201));
#7860=DIRECTION('center_axis',(1.,0.,0.));
#7861=DIRECTION('ref_axis',(0.,0.00872653549837209,0.999961923064171));
#7862=DIRECTION('',(0.,-0.00872653549837212,-0.999961923064171));
#7863=DIRECTION('center_axis',(0.,0.00872653549837201,0.999961923064171));
#7864=DIRECTION('ref_axis',(-1.,0.,0.));
#7865=DIRECTION('',(0.,0.999961923064171,-0.00872653549837201));
#7866=DIRECTION('',(-1.,0.,0.));
#7867=DIRECTION('center_axis',(0.,-0.999961923064171,0.00872653549837201));
#7868=DIRECTION('ref_axis',(0.707106781186546,-0.00617059242716342,-0.707079856727018));
#7869=DIRECTION('',(0.,-0.999961923064171,0.00872653549837201));
#7870=DIRECTION('center_axis',(0.,0.999961923064171,-0.00872653549837201));
#7871=DIRECTION('ref_axis',(0.707106781186546,-0.00617059242716342,-0.707079856727018));
#7872=DIRECTION('',(0.,0.999961923064171,-0.00872653549837201));
#7873=DIRECTION('center_axis',(0.,-0.00872653549837201,-0.999961923064171));
#7874=DIRECTION('ref_axis',(1.,0.,0.));
#7875=DIRECTION('',(1.,0.,0.));
#7876=DIRECTION('',(0.,-0.999961923064171,0.00872653549837201));
#7877=DIRECTION('center_axis',(0.,-0.999961923064171,0.00872653549837201));
#7878=DIRECTION('ref_axis',(-0.70710678118655,0.0061705924271634,0.707079856727014));
#7879=DIRECTION('center_axis',(0.,-0.999961923064171,0.00872653549837201));
#7880=DIRECTION('ref_axis',(-0.70710678118655,0.0061705924271634,0.707079856727014));
#7881=DIRECTION('center_axis',(0.,0.999961923064171,-0.00872653549837201));
#7882=DIRECTION('ref_axis',(-0.707106781186546,-0.00617059242716421,-0.707079856727018));
#7883=DIRECTION('center_axis',(0.,-0.999961923064171,0.00872653549837201));
#7884=DIRECTION('ref_axis',(-0.707106781186546,-0.00617059242716421,-0.707079856727018));
#7885=DIRECTION('center_axis',(0.,-0.999961923064171,0.00872653549837201));
#7886=DIRECTION('ref_axis',(0.,-0.00872653549837201,-0.999961923064171));
#7887=DIRECTION('center_axis',(0.,0.999961923064171,-0.00872653549837201));
#7888=DIRECTION('ref_axis',(-1.27333265495161E-16,0.00872653549837201,0.999961923064171));
#7889=DIRECTION('center_axis',(0.,0.00872653549838011,0.999961923064171));
#7890=DIRECTION('ref_axis',(1.,0.,0.));
#7891=DIRECTION('',(1.,2.94271092060536E-14,-2.56806491505632E-16));
#7892=DIRECTION('',(-1.,0.,0.));
#7893=DIRECTION('',(1.,0.,0.));
#7894=DIRECTION('',(-1.,-2.94271092060536E-14,2.56806491505632E-16));
#7895=DIRECTION('',(-2.99380602045398E-14,0.999961923064171,-0.00872653549837198));
#7896=DIRECTION('center_axis',(0.,1.,0.));
#7897=DIRECTION('ref_axis',(0.,0.,1.));
#7898=DIRECTION('center_axis',(0.,-1.,0.));
#7899=DIRECTION('ref_axis',(1.,1.4432899320127E-14,0.));
#7900=DIRECTION('center_axis',(0.,-1.,0.));
#7901=DIRECTION('ref_axis',(1.,0.,0.));
#7902=DIRECTION('center_axis',(0.,-1.,0.));
#7903=DIRECTION('ref_axis',(1.,1.4432899320127E-14,0.));
#7904=DIRECTION('center_axis',(0.,-1.,0.));
#7905=DIRECTION('ref_axis',(1.,0.,0.));
#7906=DIRECTION('center_axis',(0.,-1.,0.));
#7907=DIRECTION('ref_axis',(1.,1.4432899320127E-14,0.));
#7908=DIRECTION('center_axis',(1.4432899320127E-14,-1.,0.));
#7909=DIRECTION('ref_axis',(1.,1.4432899320127E-14,0.));
#7910=DIRECTION('',(1.4432899320127E-14,-1.,0.));
#7911=DIRECTION('center_axis',(1.4432899320127E-14,-1.,0.));
#7912=DIRECTION('ref_axis',(1.,1.4432899320127E-14,0.));
#7913=DIRECTION('center_axis',(0.,-1.,0.));
#7914=DIRECTION('ref_axis',(1.,1.4432899320127E-14,0.));
#7915=DIRECTION('',(1.4432899320127E-14,-1.,0.));
#7916=DIRECTION('center_axis',(0.,0.999961923064171,-0.00872653549837209));
#7917=DIRECTION('ref_axis',(-1.,0.,0.));
#7918=DIRECTION('center_axis',(0.,0.999961923064171,-0.00872653549837209));
#7919=DIRECTION('ref_axis',(-1.25949208261519E-16,0.00872653549837208,0.999961923064171));
#7920=DIRECTION('center_axis',(0.,0.999961923064171,-0.00872653549837209));
#7921=DIRECTION('ref_axis',(-1.,0.,0.));
#7922=DIRECTION('center_axis',(0.,0.999961923064171,-0.00872653549837209));
#7923=DIRECTION('ref_axis',(-1.27333265495162E-16,0.00872653549837208,0.999961923064171));
#7924=DIRECTION('center_axis',(-1.45915026093592E-14,1.,0.));
#7925=DIRECTION('ref_axis',(-1.,-1.45915026093592E-14,0.));
#7926=DIRECTION('',(-1.45915026093592E-14,1.,0.));
#7927=DIRECTION('center_axis',(-1.4432899320127E-14,1.,0.));
#7928=DIRECTION('ref_axis',(-1.,-1.4432899320127E-14,0.));
#7929=DIRECTION('center_axis',(0.,0.999961923064171,-0.00872653549837201));
#7930=DIRECTION('ref_axis',(-1.25949208261518E-16,0.00872653549837201,0.999961923064171));
#7931=DIRECTION('',(-1.4432899320127E-14,1.,0.));
#7932=DIRECTION('center_axis',(0.,-0.999961923064171,0.00872653549837201));
#7933=DIRECTION('ref_axis',(0.,-0.00872653549837201,-0.999961923064171));
#7934=DIRECTION('',(0.,0.00872653549837209,0.999961923064171));
#7935=DIRECTION('center_axis',(0.,1.,0.));
#7936=DIRECTION('ref_axis',(0.,0.,1.));
#7937=DIRECTION('center_axis',(-1.,-2.9503958331574E-14,-4.37095678986282E-16));
#7938=DIRECTION('ref_axis',(-4.37095678986282E-16,0.,1.));
#7939=DIRECTION('',(-6.94546375445113E-16,0.00872653549837138,0.999961923064171));
#7940=DIRECTION('center_axis',(1.,0.,0.));
#7941=DIRECTION('ref_axis',(0.,-0.00872653549837209,-0.999961923064171));
#7942=DIRECTION('',(0.,-0.00872653549837209,-0.999961923064171));
#7943=DIRECTION('center_axis',(2.91397119324188E-14,-0.999961923064171,
0.00872653549837138));
#7944=DIRECTION('ref_axis',(0.,-0.00872653549837138,-0.999961923064171));
#7945=DIRECTION('',(-5.82794238648376E-16,0.00872653549837197,0.999961923064171));
#7946=DIRECTION('center_axis',(2.91397119324188E-14,-0.999961923064171,
0.00872653549837138));
#7947=DIRECTION('ref_axis',(0.,-0.00872653549837138,-0.999961923064171));
#7948=DIRECTION('center_axis',(1.,2.94321949806654E-14,3.25965556124157E-16));
#7949=DIRECTION('ref_axis',(-2.94282297428691E-14,0.999961923064171,-0.00872653549837206));
#7950=DIRECTION('',(5.82794238648376E-16,-0.00872653549837197,-0.999961923064171));
#7951=DIRECTION('center_axis',(-2.99380602045399E-14,0.999961923064171,
-0.00872653549837199));
#7952=DIRECTION('ref_axis',(0.,0.00872653549837199,0.999961923064171));
#7953=DIRECTION('center_axis',(1.,0.,0.));
#7954=DIRECTION('ref_axis',(0.,0.00872653549837281,0.999961923064171));
#7955=DIRECTION('',(0.,-0.00872653549837201,-0.999961923064171));
#7956=DIRECTION('center_axis',(-2.87405377963583E-14,0.999961923064171,
-0.00872653549837198));
#7957=DIRECTION('ref_axis',(0.,0.00872653549837198,0.999961923064171));
#7958=DIRECTION('',(0.,0.00872653549837198,0.999961923064171));
#7959=DIRECTION('',(2.66453525910038E-14,-0.00872653549837122,-0.999961923064171));
#7960=DIRECTION('center_axis',(-1.,0.,0.));
#7961=DIRECTION('ref_axis',(0.,0.999961923064171,-0.00872653549837201));
#7962=DIRECTION('center_axis',(0.,-0.999961923064171,0.00872653549837201));
#7963=DIRECTION('ref_axis',(0.707106781186546,0.00617059242716421,0.707079856727017));
#7964=DIRECTION('',(0.,-0.999961923064171,0.00872653549837201));
#7965=DIRECTION('center_axis',(0.,0.999961923064171,-0.00872653549837201));
#7966=DIRECTION('ref_axis',(0.707106781186546,0.00617059242716421,0.707079856727017));
#7967=DIRECTION('',(0.,0.999961923064171,-0.00872653549837201));
#7968=DIRECTION('center_axis',(1.,0.,0.));
#7969=DIRECTION('ref_axis',(0.,0.00872653549837209,0.999961923064171));
#7970=DIRECTION('',(0.,-0.00872653549837212,-0.999961923064171));
#7971=DIRECTION('center_axis',(0.,0.00872653549837201,0.999961923064171));
#7972=DIRECTION('ref_axis',(-1.,0.,0.));
#7973=DIRECTION('',(0.,0.999961923064171,-0.00872653549837201));
#7974=DIRECTION('',(-1.,0.,0.));
#7975=DIRECTION('center_axis',(0.,-0.999961923064171,0.00872653549837201));
#7976=DIRECTION('ref_axis',(0.707106781186546,-0.00617059242716342,-0.707079856727018));
#7977=DIRECTION('',(0.,-0.999961923064171,0.00872653549837201));
#7978=DIRECTION('center_axis',(0.,0.999961923064171,-0.00872653549837201));
#7979=DIRECTION('ref_axis',(0.707106781186546,-0.00617059242716342,-0.707079856727018));
#7980=DIRECTION('',(0.,0.999961923064171,-0.00872653549837201));
#7981=DIRECTION('center_axis',(0.,-0.00872653549837201,-0.999961923064171));
#7982=DIRECTION('ref_axis',(1.,0.,0.));
#7983=DIRECTION('',(1.,0.,0.));
#7984=DIRECTION('',(0.,-0.999961923064171,0.00872653549837201));
#7985=DIRECTION('center_axis',(0.,-0.999961923064171,0.00872653549837201));
#7986=DIRECTION('ref_axis',(-0.70710678118655,0.0061705924271634,0.707079856727014));
#7987=DIRECTION('center_axis',(0.,-0.999961923064171,0.00872653549837201));
#7988=DIRECTION('ref_axis',(-0.70710678118655,0.0061705924271634,0.707079856727014));
#7989=DIRECTION('center_axis',(0.,0.999961923064171,-0.00872653549837201));
#7990=DIRECTION('ref_axis',(-0.707106781186546,-0.00617059242716421,-0.707079856727018));
#7991=DIRECTION('center_axis',(0.,-0.999961923064171,0.00872653549837201));
#7992=DIRECTION('ref_axis',(-0.707106781186546,-0.00617059242716421,-0.707079856727018));
#7993=DIRECTION('center_axis',(0.,-0.999961923064171,0.00872653549837201));
#7994=DIRECTION('ref_axis',(0.,-0.00872653549837201,-0.999961923064171));
#7995=DIRECTION('center_axis',(0.,0.999961923064171,-0.00872653549837201));
#7996=DIRECTION('ref_axis',(-1.27333265495161E-16,0.00872653549837201,0.999961923064171));
#7997=DIRECTION('center_axis',(0.,0.00872653549838011,0.999961923064171));
#7998=DIRECTION('ref_axis',(1.,0.,0.));
#7999=DIRECTION('',(1.,2.94271092060536E-14,-2.56806491505632E-16));
#8000=DIRECTION('',(-1.,0.,0.));
#8001=DIRECTION('',(1.,0.,0.));
#8002=DIRECTION('',(-1.,-2.94271092060536E-14,2.56806491505632E-16));
#8003=DIRECTION('',(-2.99380602045398E-14,0.999961923064171,-0.00872653549837198));
#8004=DIRECTION('center_axis',(0.,1.,0.));
#8005=DIRECTION('ref_axis',(0.,0.,1.));
#8006=DIRECTION('center_axis',(0.,-1.,0.));
#8007=DIRECTION('ref_axis',(1.,1.4432899320127E-14,0.));
#8008=DIRECTION('center_axis',(0.,-1.,0.));
#8009=DIRECTION('ref_axis',(1.,0.,0.));
#8010=DIRECTION('center_axis',(0.,-1.,0.));
#8011=DIRECTION('ref_axis',(1.,1.4432899320127E-14,0.));
#8012=DIRECTION('center_axis',(0.,-1.,0.));
#8013=DIRECTION('ref_axis',(1.,0.,0.));
#8014=DIRECTION('center_axis',(0.,-1.,0.));
#8015=DIRECTION('ref_axis',(1.,1.4432899320127E-14,0.));
#8016=DIRECTION('center_axis',(1.4432899320127E-14,-1.,0.));
#8017=DIRECTION('ref_axis',(1.,1.4432899320127E-14,0.));
#8018=DIRECTION('',(1.4432899320127E-14,-1.,0.));
#8019=DIRECTION('center_axis',(1.4432899320127E-14,-1.,0.));
#8020=DIRECTION('ref_axis',(1.,1.4432899320127E-14,0.));
#8021=DIRECTION('center_axis',(0.,-1.,0.));
#8022=DIRECTION('ref_axis',(1.,1.4432899320127E-14,0.));
#8023=DIRECTION('',(1.4432899320127E-14,-1.,0.));
#8024=DIRECTION('center_axis',(0.,0.999961923064171,-0.00872653549837209));
#8025=DIRECTION('ref_axis',(-1.,0.,0.));
#8026=DIRECTION('center_axis',(0.,0.999961923064171,-0.00872653549837209));
#8027=DIRECTION('ref_axis',(-1.25949208261519E-16,0.00872653549837208,0.999961923064171));
#8028=DIRECTION('center_axis',(0.,0.999961923064171,-0.00872653549837209));
#8029=DIRECTION('ref_axis',(-1.,0.,0.));
#8030=DIRECTION('center_axis',(0.,0.999961923064171,-0.00872653549837209));
#8031=DIRECTION('ref_axis',(-1.27333265495162E-16,0.00872653549837208,0.999961923064171));
#8032=DIRECTION('center_axis',(-1.45915026093592E-14,1.,0.));
#8033=DIRECTION('ref_axis',(-1.,-1.45915026093592E-14,0.));
#8034=DIRECTION('',(-1.45915026093592E-14,1.,0.));
#8035=DIRECTION('center_axis',(-1.4432899320127E-14,1.,0.));
#8036=DIRECTION('ref_axis',(-1.,-1.4432899320127E-14,0.));
#8037=DIRECTION('center_axis',(0.,0.999961923064171,-0.00872653549837201));
#8038=DIRECTION('ref_axis',(-1.25949208261518E-16,0.00872653549837201,0.999961923064171));
#8039=DIRECTION('',(-1.4432899320127E-14,1.,0.));
#8040=DIRECTION('center_axis',(0.,-0.999961923064171,0.00872653549837201));
#8041=DIRECTION('ref_axis',(0.,-0.00872653549837201,-0.999961923064171));
#8042=DIRECTION('',(0.,0.00872653549837209,0.999961923064171));
#8043=DIRECTION('center_axis',(0.,1.,0.));
#8044=DIRECTION('ref_axis',(0.,0.,1.));
#8045=DIRECTION('center_axis',(-1.,-2.9503958331574E-14,-4.37095678986282E-16));
#8046=DIRECTION('ref_axis',(-4.37095678986282E-16,0.,1.));
#8047=DIRECTION('',(-6.94546375445113E-16,0.00872653549837138,0.999961923064171));
#8048=DIRECTION('center_axis',(1.,0.,0.));
#8049=DIRECTION('ref_axis',(0.,-0.00872653549837209,-0.999961923064171));
#8050=DIRECTION('',(0.,-0.00872653549837209,-0.999961923064171));
#8051=DIRECTION('center_axis',(2.91397119324188E-14,-0.999961923064171,
0.00872653549837138));
#8052=DIRECTION('ref_axis',(0.,-0.00872653549837138,-0.999961923064171));
#8053=DIRECTION('',(-5.82794238648376E-16,0.00872653549837197,0.999961923064171));
#8054=DIRECTION('center_axis',(2.91397119324188E-14,-0.999961923064171,
0.00872653549837138));
#8055=DIRECTION('ref_axis',(0.,-0.00872653549837138,-0.999961923064171));
#8056=DIRECTION('center_axis',(1.,2.94321949806654E-14,3.25965556124157E-16));
#8057=DIRECTION('ref_axis',(-2.94282297428691E-14,0.999961923064171,-0.00872653549837206));
#8058=DIRECTION('',(5.82794238648376E-16,-0.00872653549837197,-0.999961923064171));
#8059=DIRECTION('center_axis',(-2.99380602045399E-14,0.999961923064171,
-0.00872653549837199));
#8060=DIRECTION('ref_axis',(0.,0.00872653549837199,0.999961923064171));
#8061=CARTESIAN_POINT('',(0.,0.,0.));
#8062=CARTESIAN_POINT('Origin',(-57.8724131955671,9.34586445285777,-15.4415083559862));
#8063=CARTESIAN_POINT('',(-43.8994131955671,9.94584160669627,-15.4467442772852));
#8064=CARTESIAN_POINT('',(-43.2994131955671,9.34062853155874,-16.0414855098246));
#8065=CARTESIAN_POINT('Origin',(-43.8994131955671,9.34586445285777,-15.4415083559862));
#8066=CARTESIAN_POINT('',(-60.9204131955676,9.3406285315588,-16.0414855098246));
#8067=CARTESIAN_POINT('',(-57.8724131955671,9.34062853155879,-16.0414855098247));
#8068=CARTESIAN_POINT('',(-60.9204131955667,9.94584160669628,-15.4467442772852));
#8069=CARTESIAN_POINT('Origin',(-60.9204131955676,9.34586445285777,-15.4415083559862));
#8070=CARTESIAN_POINT('',(-57.8724131955671,9.94584160669627,-15.4467442772852));
#8071=CARTESIAN_POINT('Origin',(-60.9204131955667,9.94060568539726,-16.0467214311237));
#8072=CARTESIAN_POINT('',(-43.2994131955671,6.38474108698105,-16.0156898708914));
#8073=CARTESIAN_POINT('',(-43.2994131955671,9.94060568539725,-16.0467214311237));
#8074=CARTESIAN_POINT('',(-60.9204131955667,6.38474108698106,-16.0156898708914));
#8075=CARTESIAN_POINT('',(-56.9199131955671,6.38474108698094,-16.0156898708917));
#8076=CARTESIAN_POINT('',(-60.9204131955676,7.65440385782767,-16.0267700500315));
#8077=CARTESIAN_POINT('',(-60.9204131955676,-7.96532168999917,-15.8904587702492));
#8078=CARTESIAN_POINT('',(-60.9204131955676,-7.96532168999953,-15.8904587702477));
#8079=CARTESIAN_POINT('Origin',(-43.8994131955671,9.42660026880502,-6.19010018950014));
#8080=CARTESIAN_POINT('',(-43.8994131955671,9.99787211095674,-9.48463902852862));
#8081=CARTESIAN_POINT('',(-43.8994131955671,10.0265774226435,-6.19533611079916));
#8082=CARTESIAN_POINT('',(-43.2994131955671,9.39789495711824,-9.4794031072296));
#8083=CARTESIAN_POINT('Origin',(-43.8994131955671,9.39789495711824,-9.4794031072296));
#8084=CARTESIAN_POINT('',(-43.2994131955671,9.42660026880502,-6.19010018950014));
#8085=CARTESIAN_POINT('Origin',(-58.2499999999999,-29.0809298792039,10.25));
#8086=CARTESIAN_POINT('',(-56.6608140422053,-29.617629918496,8.9053030765576));
#8087=CARTESIAN_POINT('',(-55.9436480791505,-29.6809298792039,9.79917762123586));
#8088=CARTESIAN_POINT('Ctrl Pts',(-56.6608140422053,-29.617629918496,8.90530307655761));
#8089=CARTESIAN_POINT('Ctrl Pts',(-56.4837993755599,-29.6230599521609,9.09768245750842));
#8090=CARTESIAN_POINT('Ctrl Pts',(-56.3504572800619,-29.6432050200809,9.26036720682447));
#8091=CARTESIAN_POINT('Ctrl Pts',(-56.1420845617873,-29.6691410580544,9.52502521188763));
#8092=CARTESIAN_POINT('Ctrl Pts',(-56.0423171122501,-29.6807145701127,9.659429366341));
#8093=CARTESIAN_POINT('Ctrl Pts',(-55.9454150774536,-29.6809288972657,9.7966732513315));
#8094=CARTESIAN_POINT('Ctrl Pts',(-55.9445314409032,-29.6809298792039,9.79792534085899));
#8095=CARTESIAN_POINT('Ctrl Pts',(-55.9436480791505,-29.6809298792039,9.79917762123586));
#8096=CARTESIAN_POINT('',(-58.2499999999999,-29.6809298792039,7.9));
#8097=CARTESIAN_POINT('Origin',(-58.2499999999999,-29.6809298792039,10.25));
#8098=CARTESIAN_POINT('',(-58.2499999999999,-29.0809298792039,8.5));
#8099=CARTESIAN_POINT('Origin',(-58.2499999999999,-29.0809298792039,7.9));
#8100=CARTESIAN_POINT('',(-59.9999999999999,-29.0809298792039,10.25));
#8101=CARTESIAN_POINT('Origin',(-58.2499999999999,-29.0809298792039,10.25));
#8102=CARTESIAN_POINT('Origin',(-58.2499999999999,-29.0809298792039,10.25));
#8103=CARTESIAN_POINT('',(-58.0356726709371,-29.6809298792039,7.90979406974155));
#8104=CARTESIAN_POINT('Origin',(-58.2499999999999,-29.6809298792039,10.25));
#8105=CARTESIAN_POINT('Ctrl Pts',(-58.0356726709371,-29.6809298792039,7.90979406974156));
#8106=CARTESIAN_POINT('Ctrl Pts',(-58.0334235519163,-29.6809298792039,7.91084841982898));
#8107=CARTESIAN_POINT('Ctrl Pts',(-58.0311752155476,-29.6809280948683,7.91190444822388));
#8108=CARTESIAN_POINT('Ctrl Pts',(-57.8644484180125,-29.6806649976021,7.99036691259345));
#8109=CARTESIAN_POINT('Ctrl Pts',(-57.7040355308747,-29.671111842644,8.07685541984896));
#8110=CARTESIAN_POINT('Ctrl Pts',(-57.3343085619998,-29.6440470142838,8.30631452044717));
#8111=CARTESIAN_POINT('Ctrl Pts',(-57.1293385107666,-29.6253078784777,8.45870094711085));
#8112=CARTESIAN_POINT('Ctrl Pts',(-56.8405578252959,-29.6152751163266,8.718817202203));
#8113=CARTESIAN_POINT('Ctrl Pts',(-56.748476896469,-29.6149408065776,8.81003116516603));
#8114=CARTESIAN_POINT('Ctrl Pts',(-56.6608140422053,-29.617629918496,8.90530307655761));
#8115=CARTESIAN_POINT('Origin',(-64.3334271300238,-29.0809298792039,1.61203961065475));
#8116=CARTESIAN_POINT('',(-60.1731043890257,-29.6809298792039,5.77236235165291));
#8117=CARTESIAN_POINT('',(-64.3334271300238,-29.6809298792039,1.61203961065475));
#8118=CARTESIAN_POINT('',(-59.7488403203138,-29.0809298792039,5.34809828294099));
#8119=CARTESIAN_POINT('Origin',(-60.1731043890257,-29.0809298792039,5.77236235165291));
#8120=CARTESIAN_POINT('',(-56.4262247844512,-29.0809298792039,8.67071381880357));
#8121=CARTESIAN_POINT('',(-63.9091630613119,-29.0809298792039,1.18777554194282));
#8122=CARTESIAN_POINT('Origin',(-56.8504888531632,-29.0809298792039,9.0949778875155));
#8123=CARTESIAN_POINT('Origin',(-58.2499999999999,-29.6809298792039,10.25));
#8124=CARTESIAN_POINT('',(-59.9999999999999,-27.1809298792039,10.25));
#8125=CARTESIAN_POINT('',(-59.9999999999999,-29.6809298792039,10.25));
#8126=CARTESIAN_POINT('Origin',(-58.2499999999999,-27.1809298792039,10.25));
#8127=CARTESIAN_POINT('Origin',(-58.2499999999999,-29.0809298792039,-10.25));
#8128=CARTESIAN_POINT('',(-58.2499999999999,-29.6809298792039,-12.6));
#8129=CARTESIAN_POINT('Origin',(-58.2499999999999,-29.6809298792039,-10.25));
#8130=CARTESIAN_POINT('',(-58.2499999999999,-29.0809298792039,-12.));
#8131=CARTESIAN_POINT('Origin',(-58.2499999999999,-29.0809298792039,-12.6));
#8132=CARTESIAN_POINT('',(-59.9999999999999,-29.0809298792039,-10.25));
#8133=CARTESIAN_POINT('Origin',(-58.2499999999999,-29.0809298792039,-10.25));
#8134=CARTESIAN_POINT('Origin',(-58.2499999999999,-29.0809298792039,-10.25));
#8135=CARTESIAN_POINT('Origin',(-64.3494131955673,-29.6809298792039,-15.6809966280308));
#8136=CARTESIAN_POINT('',(-53.597797659705,-29.6809298792039,10.4422866940574));
#8137=CARTESIAN_POINT('Origin',(-53.597797659705,-29.6809298792039,5.84228669405739));
#8138=CARTESIAN_POINT('',(-49.2994131955676,-29.6809298792039,10.4422866940574));
#8139=CARTESIAN_POINT('',(-54.8244131955678,-29.6809298792039,10.4422866940574));
#8140=CARTESIAN_POINT('',(-45.8994131955676,-29.6809298792039,13.8422866940574));
#8141=CARTESIAN_POINT('Origin',(-49.2994131955676,-29.6809298792039,13.8422866940574));
#8142=CARTESIAN_POINT('',(-45.8994131955676,-29.6809298792039,16.2144752022778));
#8143=CARTESIAN_POINT('',(-45.8994131955676,-29.6809298792039,-15.6976206781552));
#8144=CARTESIAN_POINT('',(-15.5825601252494,-29.6809298793788,16.2144752022778));
#8145=CARTESIAN_POINT('',(-214.349413195567,-29.6809298793788,16.2144752022778));
#8146=CARTESIAN_POINT('',(-15.5825601252494,-29.6809298793788,19.2144752022778));
#8147=CARTESIAN_POINT('',(-15.5825601252494,-29.6809298793788,16.2144752022778));
#8148=CARTESIAN_POINT('',(-213.749413195564,-29.6809298793788,19.2144752022778));
#8149=CARTESIAN_POINT('',(-214.349413195567,-29.6809298793788,19.2144752022778));
#8150=CARTESIAN_POINT('',(-213.749413195564,-29.6809298792039,-15.4267700500315));
#8151=CARTESIAN_POINT('',(-213.749413195564,-29.6809298792039,-1.61458202513743));
#8152=CARTESIAN_POINT('',(-195.899413195568,-29.6809298792039,-15.4267700500311));
#8153=CARTESIAN_POINT('',(-139.349413195567,-29.6809298792039,-15.4267700500296));
#8154=CARTESIAN_POINT('',(-195.899413195568,-29.6809298792039,-13.0845247977211));
#8155=CARTESIAN_POINT('',(-195.899413195568,-29.6809298792039,-15.6976206781552));
#8156=CARTESIAN_POINT('',(-199.849345383701,-29.6809298792039,-13.0845247977211));
#8157=CARTESIAN_POINT('',(-126.634913031654,-29.6809298792039,-13.0845247977211));
#8158=CARTESIAN_POINT('',(-203.102036577159,-29.6809298792039,-11.7372159911793));
#8159=CARTESIAN_POINT('Origin',(-199.849345383701,-29.6809298792039,-8.48452479772113));
#8160=CARTESIAN_POINT('',(-210.173104389026,-29.6809298792039,-4.66614817931337));
#8161=CARTESIAN_POINT('',(-171.195702525513,-29.6809298792039,-43.6435500428237));
#8162=CARTESIAN_POINT('',(-211.520413195568,-29.6809298792039,-1.41345698585516));
#8163=CARTESIAN_POINT('Origin',(-206.920413195568,-29.6809298792039,-1.41345698585516));
#8164=CARTESIAN_POINT('',(-211.520413195568,-29.6809298792039,2.51967115819481));
#8165=CARTESIAN_POINT('',(-211.520413195568,-29.6809298792039,-11.252789930135));
#8166=CARTESIAN_POINT('',(-210.173104389026,-29.6809298792039,5.77236235165292));
#8167=CARTESIAN_POINT('Origin',(-206.920413195568,-29.6809298792039,2.51967115819481));
#8168=CARTESIAN_POINT('',(-208.035672670937,-29.6809298792039,7.90979406974155));
#8169=CARTESIAN_POINT('',(-176.833427130024,-29.6809298792039,39.1120396106548));
#8170=CARTESIAN_POINT('',(-208.25,-29.6809298792039,7.9));
#8171=CARTESIAN_POINT('Origin',(-208.25,-29.6809298792039,10.25));
#8172=CARTESIAN_POINT('',(-205.943648079151,-29.6809298792039,9.79917762123584));
#8173=CARTESIAN_POINT('Origin',(-208.25,-29.6809298792039,10.25));
#8174=CARTESIAN_POINT('',(-203.597797659705,-29.6809298792039,10.4422866940574));
#8175=CARTESIAN_POINT('Origin',(-203.597797659705,-29.6809298792039,5.84228669405739));
#8176=CARTESIAN_POINT('',(-199.299413195568,-29.6809298792039,10.4422866940574));
#8177=CARTESIAN_POINT('',(-129.824413195568,-29.6809298792039,10.4422866940574));
#8178=CARTESIAN_POINT('',(-195.899413195568,-29.6809298792039,13.8422866940574));
#8179=CARTESIAN_POINT('Origin',(-199.299413195568,-29.6809298792039,13.8422866940574));
#8180=CARTESIAN_POINT('',(-195.899413195568,-29.6809298792039,16.2144752022778));
#8181=CARTESIAN_POINT('',(-195.899413195568,-29.6809298792039,-15.6976206781552));
#8182=CARTESIAN_POINT('',(-63.7494131955667,-29.6809298792039,16.2144752022778));
#8183=CARTESIAN_POINT('',(-214.349413195567,-29.6809298793788,16.2144752022778));
#8184=CARTESIAN_POINT('',(-63.7494131955667,-29.6809298792039,-15.4267700500315));
#8185=CARTESIAN_POINT('',(-63.7494131955667,-29.6809298792039,-1.61458202513741));
#8186=CARTESIAN_POINT('',(-45.8994131955676,-29.6809298792039,-15.4267700500311));
#8187=CARTESIAN_POINT('',(-64.3494131955673,-29.6809298792039,-15.4267700500316));
#8188=CARTESIAN_POINT('',(-45.8994131955676,-29.6809298792039,-13.0845247977211));
#8189=CARTESIAN_POINT('',(-45.8994131955676,-29.6809298792039,-15.6976206781552));
#8190=CARTESIAN_POINT('',(-49.8493453837012,-29.6809298792039,-13.0845247977211));
#8191=CARTESIAN_POINT('',(-51.6349130316542,-29.6809298792039,-13.0845247977211));
#8192=CARTESIAN_POINT('',(-53.1020365771593,-29.6809298792039,-11.7372159911793));
#8193=CARTESIAN_POINT('Origin',(-49.8493453837012,-29.6809298792039,-8.48452479772113));
#8194=CARTESIAN_POINT('',(-60.1731043890256,-29.6809298792039,-4.66614817931337));
#8195=CARTESIAN_POINT('',(-58.6957025255152,-29.6809298792039,-6.14355004282373));
#8196=CARTESIAN_POINT('',(-61.5204131955676,-29.6809298792039,-1.41345698585516));
#8197=CARTESIAN_POINT('Origin',(-56.9204131955676,-29.6809298792039,-1.41345698585516));
#8198=CARTESIAN_POINT('',(-61.5204131955676,-29.6809298792039,2.51967115819481));
#8199=CARTESIAN_POINT('',(-61.5204131955676,-29.6809298792039,-11.252789930135));
#8200=CARTESIAN_POINT('Origin',(-56.9204131955676,-29.6809298792039,2.51967115819481));
#8201=CARTESIAN_POINT('',(-208.25,-29.6809298792039,-12.6));
#8202=CARTESIAN_POINT('Origin',(-208.25,-29.6809298792039,-10.25));
#8203=CARTESIAN_POINT('Origin',(-58.2499999999999,-29.6809298792039,-10.25));
#8204=CARTESIAN_POINT('',(-59.9999999999999,-27.1809298792039,-10.25));
#8205=CARTESIAN_POINT('',(-59.9999999999999,-29.6809298792039,-10.25));
#8206=CARTESIAN_POINT('Origin',(-58.2499999999999,-27.1809298792039,-10.25));
#8207=CARTESIAN_POINT('Origin',(-51.6349130316542,-29.0809298792039,-13.0845247977211));
#8208=CARTESIAN_POINT('',(-45.2994131955676,-29.0809298792039,-12.4845247977211));
#8209=CARTESIAN_POINT('',(-49.8493453837012,-29.0809298792039,-12.4845247977211));
#8210=CARTESIAN_POINT('',(-51.6349130316542,-29.0809298792039,-12.4845247977211));
#8211=CARTESIAN_POINT('Origin',(-49.8493453837012,-29.0809298792039,-13.0845247977211));
#8212=CARTESIAN_POINT('Origin',(-45.8994131955676,-29.0809298792039,-13.0845247977211));
#8213=CARTESIAN_POINT('Origin',(-49.8493453837012,-29.0809298792039,-8.48452479772113));
#8214=CARTESIAN_POINT('',(-52.6777725084473,-29.0809298792039,-11.3129519224674));
#8215=CARTESIAN_POINT('Origin',(-53.1020365771593,-29.0809298792039,-11.7372159911793));
#8216=CARTESIAN_POINT('Origin',(-49.8493453837012,-29.0809298792039,-8.48452479772113));
#8217=CARTESIAN_POINT('Origin',(-58.6957025255152,-29.0809298792039,-6.14355004282373));
#8218=CARTESIAN_POINT('',(-59.7488403203137,-29.0809298792039,-4.24188411060143));
#8219=CARTESIAN_POINT('Origin',(-60.1731043890256,-29.0809298792039,-4.66614817931337));
#8220=CARTESIAN_POINT('',(-58.2714384568033,-29.0809298792039,-5.71928597411179));
#8221=CARTESIAN_POINT('Origin',(-56.9204131955676,-29.0809298792039,-1.41345698585516));
#8222=CARTESIAN_POINT('',(-60.9204131955676,-29.0809298792039,-1.41345698585516));
#8223=CARTESIAN_POINT('Origin',(-61.5204131955676,-29.0809298792039,-1.41345698585516));
#8224=CARTESIAN_POINT('Origin',(-56.9204131955676,-29.0809298792039,-1.41345698585516));
#8225=CARTESIAN_POINT('Origin',(-61.5204131955676,-29.0809298792039,-11.252789930135));
#8226=CARTESIAN_POINT('',(-60.9204131955676,-29.0809298792039,2.51967115819481));
#8227=CARTESIAN_POINT('Origin',(-61.5204131955676,-29.0809298792039,2.51967115819481));
#8228=CARTESIAN_POINT('',(-60.9204131955676,-29.0809298792039,-11.252789930135));
#8229=CARTESIAN_POINT('Origin',(-56.9204131955676,-29.0809298792039,2.51967115819481));
#8230=CARTESIAN_POINT('Origin',(-56.9204131955676,-29.0809298792039,2.51967115819481));
#8231=CARTESIAN_POINT('Origin',(-53.597797659705,-29.0809298792039,5.84228669405739));
#8232=CARTESIAN_POINT('',(-53.597797659705,-29.0809298792039,9.84228669405739));
#8233=CARTESIAN_POINT('Origin',(-53.597797659705,-29.0809298792039,5.84228669405739));
#8234=CARTESIAN_POINT('Origin',(-53.597797659705,-29.0809298792039,10.4422866940574));
#8235=CARTESIAN_POINT('Origin',(-54.8244131955678,-29.0809298792039,10.4422866940574));
#8236=CARTESIAN_POINT('',(-49.2994131955676,-29.0809298792039,9.84228669405739));
#8237=CARTESIAN_POINT('Origin',(-49.2994131955676,-29.0809298792039,10.4422866940574));
#8238=CARTESIAN_POINT('',(-54.8244131955678,-29.0809298792039,9.84228669405739));
#8239=CARTESIAN_POINT('Origin',(-49.2994131955676,-29.0809298792039,13.8422866940574));
#8240=CARTESIAN_POINT('',(-45.2994131955676,-29.0809298792039,13.8422866940574));
#8241=CARTESIAN_POINT('Origin',(-45.8994131955676,-29.0809298792039,13.8422866940574));
#8242=CARTESIAN_POINT('Origin',(-49.2994131955676,-29.0809298792039,13.8422866940574));
#8243=CARTESIAN_POINT('Origin',(-45.8994131955676,-29.0809298792039,-15.6976206781552));
#8244=CARTESIAN_POINT('',(-45.2994131955676,-29.0809298792039,16.2144752022777));
#8245=CARTESIAN_POINT('Origin',(-45.8994131955676,-29.0809298792039,16.2144752022778));
#8246=CARTESIAN_POINT('',(-45.2994131955676,-29.0809298792039,-15.6976206781552));
#8247=CARTESIAN_POINT('Origin',(-45.8994131955676,-29.0809298792039,-15.6976206781552));
#8248=CARTESIAN_POINT('',(-45.2994131955676,-29.0809298792039,-16.0267700500311));
#8249=CARTESIAN_POINT('',(-45.2994131955676,-29.0809298792039,-15.6976206781552));
#8250=CARTESIAN_POINT('Origin',(-45.8994131955676,-29.0809298792039,-15.4267700500311));
#8251=CARTESIAN_POINT('Origin',(-64.3494131955673,-29.0809298792039,-15.4267700500316));
#8252=CARTESIAN_POINT('',(-64.3494131955673,-29.0809298792039,-16.0267700500316));
#8253=CARTESIAN_POINT('',(-64.3494131955673,-29.0809298792039,-16.0267700500316));
#8254=CARTESIAN_POINT('Origin',(-63.7494131955667,-29.0809298792039,-15.4267700500315));
#8255=CARTESIAN_POINT('Origin',(-63.7494131955667,-29.0809298792039,-1.61458202513741));
#8256=CARTESIAN_POINT('',(-64.3494131955667,-29.0809298792039,16.2144752022772));
#8257=CARTESIAN_POINT('Origin',(-63.7494131955667,-29.0809298792039,16.2144752022779));
#8258=CARTESIAN_POINT('',(-64.3494131955667,-29.0809298792039,-1.61458202513741));
#8259=CARTESIAN_POINT('Origin',(-45.2994131955676,-25.8710749523313,-15.7142447282796));
#8260=CARTESIAN_POINT('',(-45.2994131955676,-25.8671486821651,13.8422866940574));
#8261=CARTESIAN_POINT('',(-45.2994131955676,-27.7760024157676,13.8422866940574));
#8262=CARTESIAN_POINT('',(-45.2994131955676,-25.8464469066792,16.2144752022777));
#8263=CARTESIAN_POINT('',(-45.2994131955676,-25.9528309175351,4.02407500294831));
#8264=CARTESIAN_POINT('',(-45.2994131955676,-27.5334267813316,16.2144752022777));
#8265=CARTESIAN_POINT('Origin',(-49.2994131955676,-27.7760024157676,13.8422866940574));
#8266=CARTESIAN_POINT('',(-49.2994131955676,-26.0999298792039,9.84228669405739));
#8267=CARTESIAN_POINT('',(-49.2994131955676,-27.7760024157676,9.84228669405739));
#8268=CARTESIAN_POINT('',(-45.3944977249736,-26.0999298792039,12.9753177398749));
#8269=CARTESIAN_POINT('Origin',(-49.2994131955676,-26.0999298792039,13.8422866940574));
#8270=CARTESIAN_POINT('',(-45.3949345739503,-25.8747317562953,12.9733524656296));
#8271=CARTESIAN_POINT('Ctrl Pts',(-45.3944977249736,-26.0999298792039,12.9753177398749));
#8272=CARTESIAN_POINT('Ctrl Pts',(-45.3947159021763,-25.9873245190811,12.9743350477846));
#8273=CARTESIAN_POINT('Ctrl Pts',(-45.3949345739503,-25.8747317562953,12.9733524656296));
#8274=CARTESIAN_POINT('Origin',(-49.2994131955676,-25.867148682165,13.8422866940574));
#8275=CARTESIAN_POINT('Origin',(-45.2994131955683,-29.6809298792039,9.84228669405739));
#8276=CARTESIAN_POINT('',(-53.597797659705,-26.0999298792039,9.84228669405739));
#8277=CARTESIAN_POINT('',(-53.597797659705,-29.6809298792039,9.84228669405739));
#8278=CARTESIAN_POINT('',(-55.2546519091974,-26.0999298792039,9.84228669405739));
#8279=CARTESIAN_POINT('Origin',(-53.597797659705,-29.6809298792039,5.84228669405739));
#8280=CARTESIAN_POINT('',(-56.4262247844512,-26.0999298792039,8.67071381880357));
#8281=CARTESIAN_POINT('',(-56.4262247844512,-29.6809298792039,8.67071381880357));
#8282=CARTESIAN_POINT('Origin',(-53.597797659705,-26.0999298792039,5.84228669405739));
#8283=CARTESIAN_POINT('Origin',(-55.2546519091974,-29.6809298792039,9.84228669405739));
#8284=CARTESIAN_POINT('',(-59.7488403203138,-26.0999298792039,5.34809828294098));
#8285=CARTESIAN_POINT('',(-59.7488403203138,-27.7372129654773,5.34809828294099));
#8286=CARTESIAN_POINT('',(-55.2546519091974,-26.0999298792039,9.84228669405739));
#8287=CARTESIAN_POINT('Origin',(-56.9204131955676,-27.7372129654773,2.51967115819481));
#8288=CARTESIAN_POINT('',(-60.9204131955676,-26.0999298792039,2.51967115819481));
#8289=CARTESIAN_POINT('',(-60.9204131955676,-27.7372129654773,2.51967115819481));
#8290=CARTESIAN_POINT('Origin',(-56.9204131955676,-26.0999298792039,2.51967115819481));
#8291=CARTESIAN_POINT('Origin',(-60.9204131955676,-25.7934960517507,-6.82458323223912));
#8292=CARTESIAN_POINT('',(-60.9204131955676,-26.0999298792039,-1.41345698585516));
#8293=CARTESIAN_POINT('',(-60.9204131955676,-27.7372129654773,-1.41345698585516));
#8294=CARTESIAN_POINT('',(-60.9204131955667,-26.0999298792039,-12.4845247977211));
#8295=CARTESIAN_POINT('',(-60.9204131955676,-26.0999298792039,-7.65455401498013));
#8296=CARTESIAN_POINT('',(-60.9204131955667,6.41555709772195,-12.4845247977211));
#8297=CARTESIAN_POINT('',(-60.9204131955667,-32.0000004768372,-12.4845247977211));
#8298=CARTESIAN_POINT('',(-60.9204131955676,6.47691365453404,-5.45375977603972));
#8299=CARTESIAN_POINT('',(-60.9204131955676,6.43916100333603,-9.7797851156239));
#8300=CARTESIAN_POINT('',(-60.9204131955676,9.43280109911173,-5.47955541497291));
#8301=CARTESIAN_POINT('',(-60.9204131955676,-7.87314912244654,-5.32852867539595));
#8302=CARTESIAN_POINT('',(-60.9204131955676,9.53005042062923,5.66411306371059));
#8303=CARTESIAN_POINT('',(-60.9204131955676,9.44993336609561,-3.51639206763512));
#8304=CARTESIAN_POINT('',(-60.9204131955676,6.57416297605154,5.68990870264378));
#8305=CARTESIAN_POINT('',(-60.9204131955676,-7.77589980092904,5.81513980328755));
#8306=CARTESIAN_POINT('',(-60.9204131955671,6.63524872454015,12.689642164093));
#8307=CARTESIAN_POINT('',(-60.9204131955676,6.53796324321042,1.54183018133684));
#8308=CARTESIAN_POINT('',(-60.9204131955683,-26.0999298792039,12.9753177398749));
#8309=CARTESIAN_POINT('',(-60.9204131955676,-17.753586394298,12.9024803037458));
#8310=CARTESIAN_POINT('',(-60.9204131955676,-26.0999298792039,0.883481899160626));
#8311=CARTESIAN_POINT('Origin',(-56.9204131955676,-27.7372129654773,-1.41345698585516));
#8312=CARTESIAN_POINT('',(-59.7488403203137,-26.0999298792039,-4.24188411060143));
#8313=CARTESIAN_POINT('',(-59.7488403203137,-27.7372129654773,-4.24188411060143));
#8314=CARTESIAN_POINT('Origin',(-56.9204131955676,-26.0999298792039,-1.41345698585516));
#8315=CARTESIAN_POINT('Origin',(-60.2133064143806,-29.6809298792039,-3.77741801653456));
#8316=CARTESIAN_POINT('',(-52.6777725084473,-26.0999298792039,-11.3129519224674));
#8317=CARTESIAN_POINT('',(-52.6777725084473,-20.3404650215583,-11.3129519224674));
#8318=CARTESIAN_POINT('',(-58.2133064143805,-26.0999298792039,-5.77741801653457));
#8319=CARTESIAN_POINT('Origin',(-49.8493453837012,-20.3404650215583,-8.48452479772113));
#8320=CARTESIAN_POINT('',(-49.8493453837012,-26.0999298792039,-12.4845247977211));
#8321=CARTESIAN_POINT('',(-49.8493453837012,-20.3404650215583,-12.4845247977211));
#8322=CARTESIAN_POINT('Origin',(-49.8493453837012,-26.0999298792039,-8.48452479772113));
#8323=CARTESIAN_POINT('Origin',(-38.9204128677411,-11.0000001639128,-12.4845247977211));
#8324=CARTESIAN_POINT('',(-45.2994131955676,-26.0968992854061,-12.4845247977211));
#8325=CARTESIAN_POINT('',(-45.2994131955676,-18.435537558122,-12.4845247977211));
#8326=CARTESIAN_POINT('',(-20.6625601252489,-26.0968992854055,-12.4845247977211));
#8327=CARTESIAN_POINT('',(-27.2514864964948,-26.0968992854057,-12.4845247977211));
#8328=CARTESIAN_POINT('',(-20.6625601252499,6.41555709772252,-12.4845247977211));
#8329=CARTESIAN_POINT('',(-20.6625601252496,-3.21798313068119,-12.4845247977211));
#8330=CARTESIAN_POINT('',(-43.2994131955671,6.41555709772195,-12.4845247977211));
#8331=CARTESIAN_POINT('',(-45.9199130316546,6.41555709772215,-12.4845247977211));
#8332=CARTESIAN_POINT('',(-45.9199130316546,6.41555709772215,-12.4845247977211));
#8333=CARTESIAN_POINT('',(-47.920413031654,-26.0999298792039,-12.4845247977211));
#8334=CARTESIAN_POINT('Origin',(-45.2994131955676,-25.8710749523313,-15.7142447282796));
#8335=CARTESIAN_POINT('',(-45.2994131955676,-26.1278119914054,-16.0267700500311));
#8336=CARTESIAN_POINT('',(-45.2994131955676,-29.6809298792048,-16.0267700500311));
#8337=CARTESIAN_POINT('',(-45.2994131955676,-26.054724009608,-7.65171687518583));
#8338=CARTESIAN_POINT('Origin',(-64.3494131955673,-29.6809298792039,-16.0267700500316));
#8339=CARTESIAN_POINT('',(-64.3494131955673,9.34075695143082,-16.0267700500316));
#8340=CARTESIAN_POINT('',(-64.3494131955673,9.94077979846417,-16.0267700500316));
#8341=CARTESIAN_POINT('',(-64.3493903494063,9.34599307210529,-16.0267700500316));
#8342=CARTESIAN_POINT('Origin',(-63.7494131955678,9.34075695143084,-16.0267700500315));
#8343=CARTESIAN_POINT('',(-60.9204131955676,9.34599307210529,-16.0267700500315));
#8344=CARTESIAN_POINT('',(-59.5869131955672,9.34599307210529,-16.0267700500314));
#8345=CARTESIAN_POINT('',(-60.9204131955676,-11.6325509865792,-16.0267700500315));
#8346=CARTESIAN_POINT('',(-60.9204131955667,6.3846443917226,-16.0267700500315));
#8347=CARTESIAN_POINT('',(-60.9204131955676,-11.6325509865792,-16.0267700500315));
#8348=CARTESIAN_POINT('',(-20.6625601252498,6.38464439172319,-16.0267700500304));
#8349=CARTESIAN_POINT('',(-42.5059866604091,6.38464439172254,-16.026770050031));
#8350=CARTESIAN_POINT('',(-20.6625601252489,-26.1278119914049,-16.0267700500304));
#8351=CARTESIAN_POINT('',(-20.6625601252488,-27.9029975799958,-16.0267700500304));
#8352=CARTESIAN_POINT('',(-54.8244131955675,-26.1278119914059,-16.0267700500313));
#8353=CARTESIAN_POINT('Origin',(-64.3494131955677,4.77890278677725,12.451832577756));
#8354=CARTESIAN_POINT('',(-64.3494131955679,9.62212203615709,16.2144752022772));
#8355=CARTESIAN_POINT('',(-64.3494131955672,-12.3103310038502,16.2144752022772));
#8356=CARTESIAN_POINT('',(-64.3494131955678,9.53520240804406,6.25447234706176));
#8357=CARTESIAN_POINT('Origin',(-54.5000000000004,9.39121575310801,-10.244764078701));
#8358=CARTESIAN_POINT('',(-55.4130091177389,10.0100892606545,-8.08469233623878));
#8359=CARTESIAN_POINT('',(-54.5000000000005,10.0037523513808,-7.99232857763698));
#8360=CARTESIAN_POINT('Ctrl Pts',(-55.4130091177389,10.0100892606545,-8.08469233623878));
#8361=CARTESIAN_POINT('Ctrl Pts',(-55.4094500317192,10.0100955406622,-8.08397271862574));
#8362=CARTESIAN_POINT('Ctrl Pts',(-55.4058901255185,10.0101004907576,-8.08325713170512));
#8363=CARTESIAN_POINT('Ctrl Pts',(-55.3088947712978,10.0102002869681,-8.0638742746166));
#8364=CARTESIAN_POINT('Ctrl Pts',(-55.2149059612081,10.0094278142533,-8.04798593346766));
#8365=CARTESIAN_POINT('Ctrl Pts',(-54.9152699202516,10.0063664491898,-8.00678729763592));
#8366=CARTESIAN_POINT('Ctrl Pts',(-54.7082411681078,10.0037523513808,-7.99232857763698));
#8367=CARTESIAN_POINT('Ctrl Pts',(-54.5000000000005,10.0037523513808,-7.99232857763698));
#8368=CARTESIAN_POINT('',(-54.5000000000004,9.40648719023016,-8.49483071333868));
#8369=CARTESIAN_POINT('Origin',(-54.5000000000004,9.41172311152918,-7.89485355950017));
#8370=CARTESIAN_POINT('',(-52.7500000000004,9.39121575310801,-10.244764078701));
#8371=CARTESIAN_POINT('Origin',(-54.5000000000004,9.39121575310801,-10.244764078701));
#8372=CARTESIAN_POINT('Origin',(-54.5000000000004,9.39121575310801,-10.244764078701));
#8373=CARTESIAN_POINT('',(-53.586990882262,10.0100892606545,-8.08469233623878));
#8374=CARTESIAN_POINT('Ctrl Pts',(-54.5000000000005,10.0037523513808,-7.99232857763699));
#8375=CARTESIAN_POINT('Ctrl Pts',(-54.2917588318931,10.0037523513808,-7.99232857763699));
#8376=CARTESIAN_POINT('Ctrl Pts',(-54.0847300797493,10.0063664491898,-8.00678729763592));
#8377=CARTESIAN_POINT('Ctrl Pts',(-53.7850940387929,10.0094278142533,-8.04798593346766));
#8378=CARTESIAN_POINT('Ctrl Pts',(-53.6911052287031,10.0102002869681,-8.06387427461659));
#8379=CARTESIAN_POINT('Ctrl Pts',(-53.5941098744824,10.0101004907576,-8.08325713170512));
#8380=CARTESIAN_POINT('Ctrl Pts',(-53.5905499682817,10.0100955406622,-8.08397271862574));
#8381=CARTESIAN_POINT('Ctrl Pts',(-53.586990882262,10.0100892606545,-8.08469233623878));
#8382=CARTESIAN_POINT('Origin',(-54.5000000000004,9.99119290694651,-10.25));
#8383=CARTESIAN_POINT('Origin',(-50.0619131955673,9.41011210681596,-8.07945641493976));
#8384=CARTESIAN_POINT('',(-58.9204131955676,10.0100892606545,-8.08469233623878));
#8385=CARTESIAN_POINT('',(-50.0619131955673,10.0100892606545,-8.08469233623878));
#8386=CARTESIAN_POINT('',(-58.9204131955676,9.41534802811499,-7.47947926110125));
#8387=CARTESIAN_POINT('Origin',(-58.9204131955676,9.41011210681597,-8.07945641493976));
#8388=CARTESIAN_POINT('',(-45.2994131955671,9.41534802811499,-7.47947926110126));
#8389=CARTESIAN_POINT('',(-50.0619131955673,9.41534802811499,-7.47947926110126));
#8390=CARTESIAN_POINT('',(-45.2994131955671,10.0100892606545,-8.08469233623878));
#8391=CARTESIAN_POINT('Origin',(-45.2994131955671,9.41011210681596,-8.07945641493976));
#8392=CARTESIAN_POINT('',(-50.0619131955673,10.0100892606545,-8.08469233623878));
#8393=CARTESIAN_POINT('Origin',(-54.5000000000004,9.99119290694651,-10.25));
#8394=CARTESIAN_POINT('',(-52.7500000000004,7.49128809928609,-10.2281836612541));
#8395=CARTESIAN_POINT('',(-52.7500000000004,9.99119290694651,-10.25));
#8396=CARTESIAN_POINT('Origin',(-54.5000000000004,7.49128809928609,-10.2281836612541));
#8397=CARTESIAN_POINT('Origin',(-54.5000000000004,9.57011654281852,10.255235921299));
#8398=CARTESIAN_POINT('',(-53.2521083584359,10.1527165667635,8.25877814237841));
#8399=CARTESIAN_POINT('',(-55.747891641565,10.1527165667635,8.25877814237841));
#8400=CARTESIAN_POINT('Ctrl Pts',(-53.2521083584359,10.1527165667635,8.25877814237841));
#8401=CARTESIAN_POINT('Ctrl Pts',(-53.255015972899,10.1527092732635,8.2579423900539));
#8402=CARTESIAN_POINT('Ctrl Pts',(-53.2579243668764,10.1527002570416,8.2571093498989));
#8403=CARTESIAN_POINT('Ctrl Pts',(-53.4617288912198,10.1519502961329,8.19894035161613));
#8404=CARTESIAN_POINT('Ctrl Pts',(-53.6663623862314,10.1434702359104,8.15452824411955));
#8405=CARTESIAN_POINT('Ctrl Pts',(-54.0816529896689,10.1292117344041,8.09486587327628));
#8406=CARTESIAN_POINT('Ctrl Pts',(-54.2897474388909,10.1237196646731,8.07967320517442));
#8407=CARTESIAN_POINT('Ctrl Pts',(-54.71025256111,10.1237196646731,8.07967320517442));
#8408=CARTESIAN_POINT('Ctrl Pts',(-54.9183470103319,10.1292117344041,8.09486587327627));
#8409=CARTESIAN_POINT('Ctrl Pts',(-55.3336376137639,10.1434702359102,8.15452824411875));
#8410=CARTESIAN_POINT('Ctrl Pts',(-55.5382711087751,10.1519502961329,8.19894035161446));
#8411=CARTESIAN_POINT('Ctrl Pts',(-55.7420756331248,10.1527002570416,8.25710934989901));
#8412=CARTESIAN_POINT('Ctrl Pts',(-55.7449840271015,10.1527092732635,8.25794239005379));
#8413=CARTESIAN_POINT('Ctrl Pts',(-55.747891641565,10.1527165667635,8.25877814237841));
#8414=CARTESIAN_POINT('',(-54.5000000000004,10.1906010550782,12.5999105192008));
#8415=CARTESIAN_POINT('Origin',(-54.5000000000004,10.170093696657,10.25));
#8416=CARTESIAN_POINT('',(-54.5000000000004,9.58538797994068,12.0051692866613));
#8417=CARTESIAN_POINT('Origin',(-54.5000000000004,9.5906239012397,12.6051464404998));
#8418=CARTESIAN_POINT('',(-52.7500000000004,9.57011654281852,10.255235921299));
#8419=CARTESIAN_POINT('Origin',(-54.5000000000004,9.57011654281852,10.255235921299));
#8420=CARTESIAN_POINT('Origin',(-54.5000000000004,9.57011654281852,10.255235921299));
#8421=CARTESIAN_POINT('Origin',(-54.5000000000004,10.170093696657,10.25));
#8422=CARTESIAN_POINT('Origin',(-57.8724131955675,9.552739412925,8.26401406367743));
#8423=CARTESIAN_POINT('',(-47.2994131955676,10.1527165667635,8.25877814237841));
#8424=CARTESIAN_POINT('',(-57.8724131955675,10.1527165667635,8.25877814237841));
#8425=CARTESIAN_POINT('',(-47.2994131955676,9.54750349162597,7.66403690983893));
#8426=CARTESIAN_POINT('Origin',(-47.2994131955676,9.55273941292499,8.26401406367743));
#8427=CARTESIAN_POINT('',(-58.9204131955676,9.54750349162597,7.66403690983893));
#8428=CARTESIAN_POINT('',(-57.8724131955675,9.54750349162597,7.66403690983893));
#8429=CARTESIAN_POINT('',(-58.9204131955676,10.1527165667635,8.25877814237841));
#8430=CARTESIAN_POINT('Origin',(-58.9204131955676,9.552739412925,8.26401406367743));
#8431=CARTESIAN_POINT('',(-57.8724131955675,10.1527165667635,8.25877814237841));
#8432=CARTESIAN_POINT('Origin',(-54.5000000000004,10.170093696657,10.25));
#8433=CARTESIAN_POINT('',(-52.7500000000004,7.6701888889966,10.2718163387459));
#8434=CARTESIAN_POINT('',(-52.7500000000004,10.170093696657,10.25));
#8435=CARTESIAN_POINT('Origin',(-54.5000000000004,7.6701888889966,10.2718163387459));
#8436=CARTESIAN_POINT('Origin',(-63.7494131955678,9.53520240804408,6.25447234706176));
#8437=CARTESIAN_POINT('',(-63.7494131955679,10.2221448831885,16.2144752022772));
#8438=CARTESIAN_POINT('Origin',(-63.7494131955679,9.62212203615711,16.2144752022778));
#8439=CARTESIAN_POINT('',(-63.7494131955678,9.94597022594379,-15.4320059713306));
#8440=CARTESIAN_POINT('',(-63.7494131955678,10.1351795618826,6.24923642576274));
#8441=CARTESIAN_POINT('Origin',(-63.7494131955678,9.34599307210529,-15.4267700500317));
#8442=CARTESIAN_POINT('Origin',(-59.5869131955672,9.34599307210529,-15.4267700500314));
#8443=CARTESIAN_POINT('',(-60.9204131955676,9.9459702259438,-15.4320059713305));
#8444=CARTESIAN_POINT('',(-59.5869131955672,9.9459702259438,-15.4320059713305));
#8445=CARTESIAN_POINT('Origin',(-60.9204131955675,9.34599307210529,-15.4267700500315));
#8446=CARTESIAN_POINT('Origin',(-45.8994131955676,9.55182645816848,8.15939981049902));
#8447=CARTESIAN_POINT('',(-45.2994131955676,9.56495656262272,9.66396075596727));
#8448=CARTESIAN_POINT('',(-45.8994131955676,10.1649337164612,9.65872483466825));
#8449=CARTESIAN_POINT('Origin',(-45.8994131955676,9.56495656262272,9.66396075596727));
#8450=CARTESIAN_POINT('',(-45.8994131955676,10.2221448831885,16.2144752022772));
#8451=CARTESIAN_POINT('',(-45.8994131955676,10.151803612007,8.1541638892));
#8452=CARTESIAN_POINT('',(-45.2994131955676,9.62212203615711,16.2144752022777));
#8453=CARTESIAN_POINT('Origin',(-45.8994131955676,9.62212203615711,16.2144752022778));
#8454=CARTESIAN_POINT('',(-45.2994131955676,9.55182645816848,8.15939981049902));
#8455=CARTESIAN_POINT('Origin',(-47.2994131955676,9.56495656262272,9.66396075596727));
#8456=CARTESIAN_POINT('Origin',(-47.2994131955676,10.1649337164612,9.65872483466825));
#8457=CARTESIAN_POINT('Origin',(-47.2994131955676,9.56495656262272,9.66396075596727));
#8458=CARTESIAN_POINT('Origin',(-58.9204131955676,9.53005042062923,5.66411306371059));
#8459=CARTESIAN_POINT('',(-61.5204131955676,10.1300275744677,5.65887714241157));
#8460=CARTESIAN_POINT('Origin',(-61.5204131955676,9.53005042062923,5.66411306371059));
#8461=CARTESIAN_POINT('Origin',(-58.9204131955676,10.1300275744677,5.65887714241157));
#8462=CARTESIAN_POINT('Origin',(-58.9204131955676,9.53005042062923,5.66411306371059));
#8463=CARTESIAN_POINT('Origin',(-61.5204131955676,9.44993336609561,-3.51639206763512));
#8464=CARTESIAN_POINT('',(-61.5204131955676,10.0327782529502,-5.48479133627193));
#8465=CARTESIAN_POINT('Origin',(-61.5204131955676,9.43280109911173,-5.47955541497291));
#8466=CARTESIAN_POINT('',(-61.5204131955676,10.0499105199341,-3.52162798893414));
#8467=CARTESIAN_POINT('Origin',(-58.9204131955676,9.43280109911173,-5.47955541497291));
#8468=CARTESIAN_POINT('Origin',(-58.9204131955676,10.0327782529502,-5.48479133627193));
#8469=CARTESIAN_POINT('Origin',(-58.9204131955676,9.43280109911173,-5.47955541497291));
#8470=CARTESIAN_POINT('Origin',(-45.2994131955671,9.39789495711824,-9.4794031072296));
#8471=CARTESIAN_POINT('Origin',(-45.2994131955671,9.99787211095675,-9.48463902852862));
#8472=CARTESIAN_POINT('Origin',(-45.2994131955671,9.39789495711824,-9.4794031072296));
#8473=CARTESIAN_POINT('Origin',(-54.8244131955676,10.0814623408254,0.0938525761228068));
#8474=CARTESIAN_POINT('',(-60.9204131955667,9.97169250446164,-12.4845247977211));
#8475=CARTESIAN_POINT('',(-52.9194131955676,10.2221448831885,16.2144752022772));
#8476=CARTESIAN_POINT('Origin',(-58.2499999999999,70.9190701207961,-10.25));
#8477=CARTESIAN_POINT('',(-58.2499999999999,70.3190701207961,-12.6));
#8478=CARTESIAN_POINT('Origin',(-58.2499999999999,70.3190701207961,-10.25));
#8479=CARTESIAN_POINT('',(-58.2499999999999,70.9190701207961,-12.));
#8480=CARTESIAN_POINT('Origin',(-58.2499999999999,70.9190701207961,-12.6));
#8481=CARTESIAN_POINT('',(-59.9999999999999,70.9190701207961,-10.25));
#8482=CARTESIAN_POINT('Origin',(-58.2499999999999,70.9190701207961,-10.25));
#8483=CARTESIAN_POINT('Origin',(-58.2499999999999,70.9190701207961,-10.25));
#8484=CARTESIAN_POINT('Origin',(-64.3494131955673,70.3190701207961,-15.6809966280308));
#8485=CARTESIAN_POINT('',(-55.9436480791505,70.3190701207961,9.79917762123586));
#8486=CARTESIAN_POINT('',(-58.2499999999999,70.3190701207961,7.9));
#8487=CARTESIAN_POINT('Origin',(-58.2499999999999,70.3190701207961,10.25));
#8488=CARTESIAN_POINT('',(-53.597797659705,70.3190701207961,10.4422866940574));
#8489=CARTESIAN_POINT('Origin',(-53.597797659705,70.3190701207961,5.84228669405739));
#8490=CARTESIAN_POINT('',(-49.2994131955676,70.3190701207961,10.4422866940574));
#8491=CARTESIAN_POINT('',(-54.8244131955678,70.3190701207961,10.4422866940574));
#8492=CARTESIAN_POINT('',(-45.8994131955676,70.3190701207961,13.8422866940574));
#8493=CARTESIAN_POINT('Origin',(-49.2994131955676,70.3190701207961,13.8422866940574));
#8494=CARTESIAN_POINT('',(-45.8994131955676,70.3190701206212,16.2144752022757));
#8495=CARTESIAN_POINT('',(-45.8994131955676,70.3190701207961,-15.6976206781552));
#8496=CARTESIAN_POINT('',(-63.7494131955667,70.3190701206212,16.2144752022757));
#8497=CARTESIAN_POINT('',(-64.3494131955673,70.3190701206212,16.2144752022757));
#8498=CARTESIAN_POINT('',(-63.7494131955667,70.3190701207961,-15.4267700500315));
#8499=CARTESIAN_POINT('',(-63.7494131955667,70.3190701207961,-1.61458202513741));
#8500=CARTESIAN_POINT('',(-45.8994131955676,70.3190701207961,-15.4267700500311));
#8501=CARTESIAN_POINT('',(-64.3494131955673,70.3190701207961,-15.4267700500316));
#8502=CARTESIAN_POINT('',(-45.8994131955676,70.3190701207961,-13.0845247977211));
#8503=CARTESIAN_POINT('',(-45.8994131955676,70.3190701207961,-15.6976206781552));
#8504=CARTESIAN_POINT('',(-49.8493453837012,70.3190701207961,-13.0845247977211));
#8505=CARTESIAN_POINT('',(-51.6349130316542,70.3190701207961,-13.0845247977211));
#8506=CARTESIAN_POINT('',(-53.1020365771593,70.3190701207961,-11.7372159911793));
#8507=CARTESIAN_POINT('Origin',(-49.8493453837012,70.3190701207961,-8.48452479772113));
#8508=CARTESIAN_POINT('',(-60.1731043890256,70.3190701207961,-4.66614817931337));
#8509=CARTESIAN_POINT('',(-58.6957025255152,70.3190701207961,-6.14355004282373));
#8510=CARTESIAN_POINT('',(-61.5204131955676,70.3190701207961,-1.41345698585516));
#8511=CARTESIAN_POINT('Origin',(-56.9204131955676,70.3190701207961,-1.41345698585516));
#8512=CARTESIAN_POINT('',(-61.5204131955676,70.3190701207961,2.51967115819481));
#8513=CARTESIAN_POINT('',(-61.5204131955676,70.3190701207961,-11.252789930135));
#8514=CARTESIAN_POINT('',(-60.1731043890257,70.3190701207961,5.77236235165291));
#8515=CARTESIAN_POINT('Origin',(-56.9204131955676,70.3190701207961,2.51967115819481));
#8516=CARTESIAN_POINT('',(-58.0356726709371,70.3190701207961,7.90979406974155));
#8517=CARTESIAN_POINT('',(-64.3334271300238,70.3190701207961,1.61203961065475));
#8518=CARTESIAN_POINT('Origin',(-58.2499999999999,70.3190701207961,10.25));
#8519=CARTESIAN_POINT('Origin',(-58.2499999999999,70.3190701207961,-10.25));
#8520=CARTESIAN_POINT('',(-59.9999999999999,72.8190701207961,-10.25));
#8521=CARTESIAN_POINT('',(-59.9999999999999,70.3190701207961,-10.25));
#8522=CARTESIAN_POINT('Origin',(-58.2499999999999,72.8190701207961,-10.25));
#8523=CARTESIAN_POINT('Origin',(-58.2499999999999,70.9190701207961,10.25));
#8524=CARTESIAN_POINT('',(-56.6608140422053,70.382370081504,8.9053030765576));
#8525=CARTESIAN_POINT('Ctrl Pts',(-56.6608140422053,70.382370081504,8.9053030765576));
#8526=CARTESIAN_POINT('Ctrl Pts',(-56.4837993755599,70.3769400478391,9.09768245750842));
#8527=CARTESIAN_POINT('Ctrl Pts',(-56.3504572800619,70.3567949799191,9.26036720682447));
#8528=CARTESIAN_POINT('Ctrl Pts',(-56.1420845617873,70.3308589419456,9.5250252118876));
#8529=CARTESIAN_POINT('Ctrl Pts',(-56.04231711225,70.3192854298873,9.65942936634106));
#8530=CARTESIAN_POINT('Ctrl Pts',(-55.9454150774536,70.3190711027343,9.7966732513315));
#8531=CARTESIAN_POINT('Ctrl Pts',(-55.9445314409032,70.3190701207961,9.79792534085899));
#8532=CARTESIAN_POINT('Ctrl Pts',(-55.9436480791505,70.3190701207961,9.79917762123586));
#8533=CARTESIAN_POINT('',(-58.2499999999999,70.9190701207961,8.5));
#8534=CARTESIAN_POINT('Origin',(-58.2499999999999,70.9190701207961,7.9));
#8535=CARTESIAN_POINT('',(-59.9999999999999,70.9190701207961,10.25));
#8536=CARTESIAN_POINT('Origin',(-58.2499999999999,70.9190701207961,10.25));
#8537=CARTESIAN_POINT('Origin',(-58.2499999999999,70.9190701207961,10.25));
#8538=CARTESIAN_POINT('Ctrl Pts',(-58.0356726709371,70.3190701207961,7.90979406974156));
#8539=CARTESIAN_POINT('Ctrl Pts',(-58.0334235517374,70.3190701207961,7.91084841991286));
#8540=CARTESIAN_POINT('Ctrl Pts',(-58.0311752157256,70.3190719051315,7.91190444813932));
#8541=CARTESIAN_POINT('Ctrl Pts',(-57.8644484149714,70.3193350024027,7.99036691403903));
#8542=CARTESIAN_POINT('Ctrl Pts',(-57.7040355281009,70.3288881575594,8.07685542157201));
#8543=CARTESIAN_POINT('Ctrl Pts',(-57.334308562018,70.3559529857144,8.30631452043368));
#8544=CARTESIAN_POINT('Ctrl Pts',(-57.129338510775,70.374692121522,8.45870094710323));
#8545=CARTESIAN_POINT('Ctrl Pts',(-56.8405578252959,70.3847248836734,8.718817202203));
#8546=CARTESIAN_POINT('Ctrl Pts',(-56.7484768964691,70.3850591934224,8.81003116516602));
#8547=CARTESIAN_POINT('Ctrl Pts',(-56.6608140422053,70.382370081504,8.9053030765576));
#8548=CARTESIAN_POINT('Origin',(-53.597797659705,70.9190701207961,5.84228669405739));
#8549=CARTESIAN_POINT('',(-56.4262247844512,70.9190701207961,8.67071381880357));
#8550=CARTESIAN_POINT('Origin',(-56.8504888531632,70.9190701207961,9.0949778875155));
#8551=CARTESIAN_POINT('',(-53.597797659705,70.9190701207961,9.84228669405739));
#8552=CARTESIAN_POINT('Origin',(-53.597797659705,70.9190701207961,5.84228669405739));
#8553=CARTESIAN_POINT('Origin',(-53.597797659705,70.9190701207961,10.4422866940574));
#8554=CARTESIAN_POINT('Origin',(-64.3334271300238,70.9190701207961,1.61203961065475));
#8555=CARTESIAN_POINT('',(-59.7488403203138,70.9190701207961,5.34809828294099));
#8556=CARTESIAN_POINT('Origin',(-60.1731043890257,70.9190701207961,5.77236235165291));
#8557=CARTESIAN_POINT('',(-63.9091630613119,70.9190701207961,1.18777554194282));
#8558=CARTESIAN_POINT('Origin',(-58.2499999999999,70.3190701207961,10.25));
#8559=CARTESIAN_POINT('',(-59.9999999999999,72.8190701207961,10.25));
#8560=CARTESIAN_POINT('',(-59.9999999999999,70.3190701207961,10.25));
#8561=CARTESIAN_POINT('Origin',(-58.2499999999999,72.8190701207961,10.25));
#8562=CARTESIAN_POINT('Origin',(-51.6349130316542,70.9190701207961,-13.0845247977211));
#8563=CARTESIAN_POINT('',(-45.2994131955676,70.9190701207961,-12.4845247977211));
#8564=CARTESIAN_POINT('',(-49.8493453837012,70.9190701207961,-12.4845247977211));
#8565=CARTESIAN_POINT('',(-51.6349130316542,70.9190701207961,-12.4845247977211));
#8566=CARTESIAN_POINT('Origin',(-49.8493453837012,70.9190701207961,-13.0845247977211));
#8567=CARTESIAN_POINT('Origin',(-45.8994131955676,70.9190701207961,-13.0845247977211));
#8568=CARTESIAN_POINT('Origin',(-49.8493453837012,70.9190701207961,-8.48452479772113));
#8569=CARTESIAN_POINT('',(-52.6777725084473,70.9190701207961,-11.3129519224674));
#8570=CARTESIAN_POINT('Origin',(-53.1020365771593,70.9190701207961,-11.7372159911793));
#8571=CARTESIAN_POINT('Origin',(-49.8493453837012,70.9190701207961,-8.48452479772113));
#8572=CARTESIAN_POINT('Origin',(-58.6957025255152,70.9190701207961,-6.14355004282373));
#8573=CARTESIAN_POINT('',(-59.7488403203137,70.9190701207961,-4.24188411060143));
#8574=CARTESIAN_POINT('Origin',(-60.1731043890256,70.9190701207961,-4.66614817931337));
#8575=CARTESIAN_POINT('',(-58.2714384568033,70.9190701207961,-5.71928597411179));
#8576=CARTESIAN_POINT('Origin',(-56.9204131955676,70.9190701207961,-1.41345698585516));
#8577=CARTESIAN_POINT('',(-60.9204131955676,70.9190701207961,-1.41345698585516));
#8578=CARTESIAN_POINT('Origin',(-61.5204131955676,70.9190701207961,-1.41345698585516));
#8579=CARTESIAN_POINT('Origin',(-56.9204131955676,70.9190701207961,-1.41345698585516));
#8580=CARTESIAN_POINT('Origin',(-61.5204131955676,70.9190701207961,-11.252789930135));
#8581=CARTESIAN_POINT('',(-60.9204131955676,70.9190701207961,2.51967115819481));
#8582=CARTESIAN_POINT('Origin',(-61.5204131955676,70.9190701207961,2.51967115819481));
#8583=CARTESIAN_POINT('',(-60.9204131955676,70.9190701207961,-11.252789930135));
#8584=CARTESIAN_POINT('Origin',(-56.9204131955676,70.9190701207961,2.51967115819481));
#8585=CARTESIAN_POINT('Origin',(-56.9204131955676,70.9190701207961,2.51967115819481));
#8586=CARTESIAN_POINT('Origin',(-54.8244131955678,70.9190701207961,10.4422866940574));
#8587=CARTESIAN_POINT('',(-49.2994131955676,70.9190701207961,9.84228669405739));
#8588=CARTESIAN_POINT('Origin',(-49.2994131955676,70.9190701207961,10.4422866940574));
#8589=CARTESIAN_POINT('',(-54.8244131955678,70.9190701207961,9.84228669405739));
#8590=CARTESIAN_POINT('Origin',(-49.2994131955676,70.9190701207961,13.8422866940574));
#8591=CARTESIAN_POINT('',(-45.2994131955676,70.9190701207961,13.8422866940574));
#8592=CARTESIAN_POINT('Origin',(-45.8994131955676,70.9190701207961,13.8422866940574));
#8593=CARTESIAN_POINT('Origin',(-49.2994131955676,70.9190701207961,13.8422866940574));
#8594=CARTESIAN_POINT('Origin',(-45.8994131955676,70.9190701207961,-15.6976206781552));
#8595=CARTESIAN_POINT('',(-45.2994131955676,70.9190701207961,16.2144752022777));
#8596=CARTESIAN_POINT('Origin',(-45.8994131955676,70.9190701207961,16.2144752022778));
#8597=CARTESIAN_POINT('',(-45.2994131955676,70.9190701207961,-15.6976206781552));
#8598=CARTESIAN_POINT('Origin',(-45.8994131955676,70.9190701207961,-15.6976206781552));
#8599=CARTESIAN_POINT('',(-45.2994131955676,70.9190701207961,-16.0267700500311));
#8600=CARTESIAN_POINT('',(-45.2994131955676,70.9190701207961,-15.6976206781552));
#8601=CARTESIAN_POINT('Origin',(-45.8994131955676,70.9190701207961,-15.4267700500311));
#8602=CARTESIAN_POINT('Origin',(-64.3494131955673,70.9190701207961,-15.4267700500316));
#8603=CARTESIAN_POINT('',(-64.3494131955673,70.9190701207961,-16.0267700500316));
#8604=CARTESIAN_POINT('',(-64.3494131955673,70.9190701207961,-16.0267700500316));
#8605=CARTESIAN_POINT('Origin',(-63.7494131955667,70.9190701207961,-15.4267700500315));
#8606=CARTESIAN_POINT('Origin',(-63.7494131955667,70.9190701207961,-1.61458202513741));
#8607=CARTESIAN_POINT('',(-64.3494131955667,70.9190701207961,16.2144752022772));
#8608=CARTESIAN_POINT('Origin',(-63.7494131955667,70.9190701207961,16.2144752022779));
#8609=CARTESIAN_POINT('',(-64.3494131955667,70.9190701207961,-1.61458202513741));
#8610=CARTESIAN_POINT('Origin',(-45.2994131955676,74.1289250476687,-15.7142447282796));
#8611=CARTESIAN_POINT('',(-45.2994131955676,74.1328513178348,13.8422866940574));
#8612=CARTESIAN_POINT('',(-45.2994131955676,72.2239975842324,13.8422866940574));
#8613=CARTESIAN_POINT('',(-45.2994131955676,74.1535530933209,16.2144752022777));
#8614=CARTESIAN_POINT('',(-45.2994131955676,74.0471690824649,4.02407500294831));
#8615=CARTESIAN_POINT('',(-45.2994131955676,72.4665732186685,16.2144752022777));
#8616=CARTESIAN_POINT('Origin',(-49.2994131955676,72.2239975842324,13.8422866940574));
#8617=CARTESIAN_POINT('',(-49.2994131955676,73.9000701207961,9.84228669405739));
#8618=CARTESIAN_POINT('',(-49.2994131955676,72.2239975842324,9.84228669405739));
#8619=CARTESIAN_POINT('',(-45.3944977249736,73.9000701207961,12.9753177398749));
#8620=CARTESIAN_POINT('Origin',(-49.2994131955676,73.9000701207961,13.8422866940574));
#8621=CARTESIAN_POINT('',(-45.3949345739503,74.1252682437047,12.9733524656296));
#8622=CARTESIAN_POINT('Ctrl Pts',(-45.3944977249736,73.9000701207961,12.9753177398749));
#8623=CARTESIAN_POINT('Ctrl Pts',(-45.3947159021763,74.0126754809189,12.9743350477846));
#8624=CARTESIAN_POINT('Ctrl Pts',(-45.3949345739503,74.1252682437047,12.9733524656296));
#8625=CARTESIAN_POINT('Origin',(-49.2994131955676,74.132851317835,13.8422866940574));
#8626=CARTESIAN_POINT('Origin',(-45.2994131955683,70.3190701207961,9.84228669405739));
#8627=CARTESIAN_POINT('',(-53.597797659705,73.9000701207961,9.84228669405739));
#8628=CARTESIAN_POINT('',(-53.597797659705,70.3190701207961,9.84228669405739));
#8629=CARTESIAN_POINT('',(-55.2546519091974,73.9000701207961,9.84228669405739));
#8630=CARTESIAN_POINT('Origin',(-53.597797659705,70.3190701207961,5.84228669405739));
#8631=CARTESIAN_POINT('',(-56.4262247844512,73.9000701207961,8.67071381880357));
#8632=CARTESIAN_POINT('',(-56.4262247844512,70.3190701207961,8.67071381880357));
#8633=CARTESIAN_POINT('Origin',(-53.597797659705,73.9000701207961,5.84228669405739));
#8634=CARTESIAN_POINT('Origin',(-55.2546519091974,70.3190701207961,9.84228669405739));
#8635=CARTESIAN_POINT('',(-59.7488403203138,73.9000701207961,5.34809828294098));
#8636=CARTESIAN_POINT('',(-59.7488403203138,72.2627870345227,5.34809828294099));
#8637=CARTESIAN_POINT('',(-55.2546519091974,73.9000701207961,9.84228669405739));
#8638=CARTESIAN_POINT('Origin',(-56.9204131955676,72.2627870345227,2.51967115819481));
#8639=CARTESIAN_POINT('',(-60.9204131955676,73.9000701207961,2.51967115819481));
#8640=CARTESIAN_POINT('',(-60.9204131955676,72.2627870345227,2.51967115819481));
#8641=CARTESIAN_POINT('Origin',(-56.9204131955676,73.9000701207961,2.51967115819481));
#8642=CARTESIAN_POINT('Origin',(-60.9204131955676,74.2065039482493,-6.82458323223912));
#8643=CARTESIAN_POINT('',(-60.9204131955676,73.9000701207961,-1.41345698585516));
#8644=CARTESIAN_POINT('',(-60.9204131955676,72.2627870345227,-1.41345698585516));
#8645=CARTESIAN_POINT('',(-60.9204131955667,73.9000701207961,-12.4845247977211));
#8646=CARTESIAN_POINT('',(-60.9204131955676,73.9000701207961,-7.65455401498013));
#8647=CARTESIAN_POINT('',(-60.9204131955667,106.415557097722,-12.4845247977211));
#8648=CARTESIAN_POINT('',(-60.9204131955667,67.9999995231628,-12.4845247977211));
#8649=CARTESIAN_POINT('',(-60.9204131955676,106.476913654534,-5.45375977603972));
#8650=CARTESIAN_POINT('',(-60.9204131955676,106.439161003336,-9.7797851156239));
#8651=CARTESIAN_POINT('',(-60.9204131955676,109.432801099112,-5.47955541497291));
#8652=CARTESIAN_POINT('',(-60.9204131955676,92.1268508775535,-5.32852867539595));
#8653=CARTESIAN_POINT('',(-60.9204131955676,109.530050420629,5.66411306371059));
#8654=CARTESIAN_POINT('',(-60.9204131955676,109.449933366096,-3.51639206763512));
#8655=CARTESIAN_POINT('',(-60.9204131955676,106.574162976052,5.68990870264378));
#8656=CARTESIAN_POINT('',(-60.9204131955676,92.224100199071,5.81513980328755));
#8657=CARTESIAN_POINT('',(-60.9204131955671,106.63524872454,12.689642164093));
#8658=CARTESIAN_POINT('',(-60.9204131955676,106.53796324321,1.54183018133684));
#8659=CARTESIAN_POINT('',(-60.9204131955683,73.9000701207961,12.9753177398749));
#8660=CARTESIAN_POINT('',(-60.9204131955676,82.246413605702,12.9024803037458));
#8661=CARTESIAN_POINT('',(-60.9204131955676,73.9000701207961,0.883481899160626));
#8662=CARTESIAN_POINT('Origin',(-56.9204131955676,72.2627870345227,-1.41345698585516));
#8663=CARTESIAN_POINT('',(-59.7488403203137,73.9000701207961,-4.24188411060143));
#8664=CARTESIAN_POINT('',(-59.7488403203137,72.2627870345227,-4.24188411060143));
#8665=CARTESIAN_POINT('Origin',(-56.9204131955676,73.9000701207961,-1.41345698585516));
#8666=CARTESIAN_POINT('Origin',(-60.2133064143806,70.3190701207961,-3.77741801653456));
#8667=CARTESIAN_POINT('',(-52.6777725084473,73.9000701207961,-11.3129519224674));
#8668=CARTESIAN_POINT('',(-52.6777725084473,79.6595349784417,-11.3129519224674));
#8669=CARTESIAN_POINT('',(-58.2133064143805,73.9000701207961,-5.77741801653457));
#8670=CARTESIAN_POINT('Origin',(-49.8493453837012,79.6595349784417,-8.48452479772113));
#8671=CARTESIAN_POINT('',(-49.8493453837012,73.9000701207961,-12.4845247977211));
#8672=CARTESIAN_POINT('',(-49.8493453837012,79.6595349784417,-12.4845247977211));
#8673=CARTESIAN_POINT('Origin',(-49.8493453837012,73.9000701207961,-8.48452479772113));
#8674=CARTESIAN_POINT('Origin',(-38.9204128677411,88.9999998360872,-12.4845247977211));
#8675=CARTESIAN_POINT('',(-45.2994131955676,73.9031007145939,-12.4845247977211));
#8676=CARTESIAN_POINT('',(-45.2994131955676,81.564462441878,-12.4845247977211));
#8677=CARTESIAN_POINT('',(-20.6625601252489,73.9031007145945,-12.4845247977211));
#8678=CARTESIAN_POINT('',(-27.2514864964948,73.9031007145943,-12.4845247977211));
#8679=CARTESIAN_POINT('',(-20.6625601252499,106.415557097723,-12.4845247977211));
#8680=CARTESIAN_POINT('',(-20.6625601252496,96.7820168693188,-12.4845247977211));
#8681=CARTESIAN_POINT('',(-43.2994131955671,106.415557097722,-12.4845247977211));
#8682=CARTESIAN_POINT('',(-45.9199130316546,106.415557097722,-12.4845247977211));
#8683=CARTESIAN_POINT('',(-45.9199130316546,106.415557097722,-12.4845247977211));
#8684=CARTESIAN_POINT('',(-47.920413031654,73.9000701207961,-12.4845247977211));
#8685=CARTESIAN_POINT('Origin',(-45.2994131955676,74.1289250476687,-15.7142447282796));
#8686=CARTESIAN_POINT('',(-45.2994131955676,73.8721880085946,-16.0267700500311));
#8687=CARTESIAN_POINT('',(-45.2994131955676,70.3190701207952,-16.0267700500311));
#8688=CARTESIAN_POINT('',(-45.2994131955676,73.945275990392,-7.65171687518583));
#8689=CARTESIAN_POINT('Origin',(-64.3494131955673,70.3190701207961,-16.0267700500316));
#8690=CARTESIAN_POINT('',(-64.3494131955673,109.340756951431,-16.0267700500316));
#8691=CARTESIAN_POINT('',(-64.3494131955673,109.940779798464,-16.0267700500316));
#8692=CARTESIAN_POINT('',(-64.333499223707,109.478033849782,-16.0267700500314));
#8693=CARTESIAN_POINT('Origin',(-63.7494131955678,109.340756951431,-16.0267700500315));
#8694=CARTESIAN_POINT('',(-60.9204131955676,109.478033849782,-16.0267700500315));
#8695=CARTESIAN_POINT('',(-57.8724131955671,109.478033849782,-16.0267700500314));
#8696=CARTESIAN_POINT('',(-60.9204131955676,107.654403857828,-16.0267700500315));
#8697=CARTESIAN_POINT('',(-60.9204131955676,88.3674490134208,-16.0267700500315));
#8698=CARTESIAN_POINT('',(-60.9204131955667,106.384644391723,-16.0267700500315));
#8699=CARTESIAN_POINT('',(-60.9204131955676,88.3674490134208,-16.0267700500315));
#8700=CARTESIAN_POINT('',(-20.6625601252498,106.384644391723,-16.0267700500304));
#8701=CARTESIAN_POINT('',(-42.5059866604091,106.384644391723,-16.026770050031));
#8702=CARTESIAN_POINT('',(-20.6625601252489,73.8721880085951,-16.0267700500304));
#8703=CARTESIAN_POINT('',(-20.6625601252488,72.0970024200042,-16.0267700500304));
#8704=CARTESIAN_POINT('',(-54.8244131955675,73.8721880085941,-16.0267700500313));
#8705=CARTESIAN_POINT('Origin',(-64.3494131955677,104.778902786777,12.451832577756));
#8706=CARTESIAN_POINT('',(-64.3494131955679,109.622122036157,16.2144752022772));
#8707=CARTESIAN_POINT('',(-64.3494131955672,87.6896689961498,16.2144752022772));
#8708=CARTESIAN_POINT('',(-64.3494131955678,109.535202408044,6.25447234706176));
#8709=CARTESIAN_POINT('Origin',(-63.7494131955678,109.535202408044,6.25447234706176));
#8710=CARTESIAN_POINT('',(-63.7494131955679,110.222144883189,16.2144752022772));
#8711=CARTESIAN_POINT('Origin',(-63.7494131955679,109.622122036157,16.2144752022778));
#8712=CARTESIAN_POINT('',(-63.7494131955678,109.945841606696,-15.4467442772852));
#8713=CARTESIAN_POINT('',(-63.7494131955678,110.135179561883,6.24923642576274));
#8714=CARTESIAN_POINT('Origin',(-63.7494131955678,109.345864452858,-15.4415083559862));
#8715=CARTESIAN_POINT('Origin',(-57.8724131955671,109.345864452858,-15.4415083559862));
#8716=CARTESIAN_POINT('',(-43.8994131955671,109.945841606696,-15.4467442772852));
#8717=CARTESIAN_POINT('',(-57.8724131955671,109.945841606696,-15.4467442772852));
#8718=CARTESIAN_POINT('',(-43.2994131955671,109.340628531559,-16.0414855098246));
#8719=CARTESIAN_POINT('Origin',(-43.8994131955671,109.345864452858,-15.4415083559867));
#8720=CARTESIAN_POINT('',(-60.9204131955676,109.340628531559,-16.0414855098246));
#8721=CARTESIAN_POINT('',(-57.8724131955671,109.340628531559,-16.0414855098247));
#8722=CARTESIAN_POINT('Origin',(-60.9204131955676,109.345864452858,-15.4415083559862));
#8723=CARTESIAN_POINT('Origin',(-43.8994131955671,109.426600268805,-6.19010018950014));
#8724=CARTESIAN_POINT('',(-43.8994131955671,109.997872110957,-9.48463902852862));
#8725=CARTESIAN_POINT('',(-43.8994131955671,110.026577422644,-6.19533611079916));
#8726=CARTESIAN_POINT('',(-43.2994131955671,109.397894957118,-9.4794031072296));
#8727=CARTESIAN_POINT('Origin',(-43.8994131955671,109.397894957118,-9.4794031072296));
#8728=CARTESIAN_POINT('',(-43.2994131955671,109.426600268805,-6.19010018950014));
#8729=CARTESIAN_POINT('Origin',(-45.2994131955671,109.397894957118,-9.4794031072296));
#8730=CARTESIAN_POINT('',(-45.2994131955671,110.010089260654,-8.08469233623878));
#8731=CARTESIAN_POINT('',(-45.2994131955671,109.415348028115,-7.47947926110126));
#8732=CARTESIAN_POINT('Origin',(-45.2994131955671,109.410112106816,-8.07945641493976));
#8733=CARTESIAN_POINT('Origin',(-45.2994131955671,109.397894957118,-9.4794031072296));
#8734=CARTESIAN_POINT('Origin',(-45.2994131955671,109.997872110957,-9.48463902852862));
#8735=CARTESIAN_POINT('Origin',(-50.0619131955673,109.410112106816,-8.07945641493976));
#8736=CARTESIAN_POINT('',(-53.586990882262,110.010089260654,-8.08469233623878));
#8737=CARTESIAN_POINT('',(-54.5000000000005,110.003752351381,-7.992328577637));
#8738=CARTESIAN_POINT('Ctrl Pts',(-53.586990882262,110.010089260654,-8.08469233623878));
#8739=CARTESIAN_POINT('Ctrl Pts',(-53.5920019467749,110.010098102678,-8.08367914064205));
#8740=CARTESIAN_POINT('Ctrl Pts',(-53.5970146469614,110.010104308413,-8.08267393341312));
#8741=CARTESIAN_POINT('Ctrl Pts',(-53.6918584182478,110.010174107095,-8.06381233923322));
#8742=CARTESIAN_POINT('Ctrl Pts',(-53.7821978635669,110.009447600841,-8.04852131545689));
#8743=CARTESIAN_POINT('Ctrl Pts',(-53.9947931017917,110.00729768626,-8.01898046700773));
#8744=CARTESIAN_POINT('Ctrl Pts',(-54.1172448128465,110.005751165052,-8.00689483362205));
#8745=CARTESIAN_POINT('Ctrl Pts',(-54.3267388250443,110.004134960815,-7.9948269756824));
#8746=CARTESIAN_POINT('Ctrl Pts',(-54.4133052797922,110.003752351381,-7.992328577637));
#8747=CARTESIAN_POINT('Ctrl Pts',(-54.5000000000005,110.003752351381,-7.992328577637));
#8748=CARTESIAN_POINT('',(-55.4130091177389,110.010089260654,-8.08469233623878));
#8749=CARTESIAN_POINT('Ctrl Pts',(-54.5000000000005,110.003752351381,-7.992328577637));
#8750=CARTESIAN_POINT('Ctrl Pts',(-54.5866947202087,110.003752351381,-7.992328577637));
#8751=CARTESIAN_POINT('Ctrl Pts',(-54.6732611749567,110.004134960815,-7.9948269756824));
#8752=CARTESIAN_POINT('Ctrl Pts',(-54.8827551871545,110.005751165052,-8.00689483362205));
#8753=CARTESIAN_POINT('Ctrl Pts',(-55.0052068982092,110.00729768626,-8.01898046700773));
#8754=CARTESIAN_POINT('Ctrl Pts',(-55.217802136434,110.009447600841,-8.04852131545689));
#8755=CARTESIAN_POINT('Ctrl Pts',(-55.308141581753,110.010174107095,-8.06381233923322));
#8756=CARTESIAN_POINT('Ctrl Pts',(-55.4029853530395,110.010104308413,-8.08267393341312));
#8757=CARTESIAN_POINT('Ctrl Pts',(-55.407998053226,110.010098102678,-8.08367914064205));
#8758=CARTESIAN_POINT('Ctrl Pts',(-55.4130091177389,110.010089260654,-8.08469233623878));
#8759=CARTESIAN_POINT('',(-58.9204131955676,110.010089260654,-8.08469233623878));
#8760=CARTESIAN_POINT('',(-50.0619131955673,110.010089260654,-8.08469233623878));
#8761=CARTESIAN_POINT('',(-58.9204131955676,109.415348028115,-7.47947926110125));
#8762=CARTESIAN_POINT('Origin',(-58.9204131955676,109.410112106816,-8.07945641493976));
#8763=CARTESIAN_POINT('',(-50.0619131955673,109.415348028115,-7.47947926110126));
#8764=CARTESIAN_POINT('',(-50.0619131955673,110.010089260654,-8.08469233623878));
#8765=CARTESIAN_POINT('Origin',(-58.9204131955676,109.432801099112,-5.47955541497291));
#8766=CARTESIAN_POINT('',(-61.5204131955676,110.03277825295,-5.48479133627193));
#8767=CARTESIAN_POINT('Origin',(-61.5204131955676,109.432801099112,-5.47955541497291));
#8768=CARTESIAN_POINT('Origin',(-58.9204131955676,109.432801099112,-5.47955541497291));
#8769=CARTESIAN_POINT('Origin',(-58.9204131955676,110.03277825295,-5.48479133627193));
#8770=CARTESIAN_POINT('Origin',(-61.5204131955676,109.449933366096,-3.51639206763512));
#8771=CARTESIAN_POINT('',(-61.5204131955676,110.130027574468,5.65887714241156));
#8772=CARTESIAN_POINT('Origin',(-61.5204131955676,109.530050420629,5.66411306371059));
#8773=CARTESIAN_POINT('',(-61.5204131955676,110.049910519934,-3.52162798893414));
#8774=CARTESIAN_POINT('Origin',(-58.9204131955676,109.530050420629,5.66411306371059));
#8775=CARTESIAN_POINT('',(-58.9204131955676,110.152716566764,8.25877814237841));
#8776=CARTESIAN_POINT('',(-58.9204131955676,109.547503491626,7.66403690983893));
#8777=CARTESIAN_POINT('Origin',(-58.9204131955676,109.552739412925,8.26401406367743));
#8778=CARTESIAN_POINT('Origin',(-58.9204131955676,109.530050420629,5.66411306371059));
#8779=CARTESIAN_POINT('Origin',(-58.9204131955676,110.130027574468,5.65887714241157));
#8780=CARTESIAN_POINT('Origin',(-57.8724131955675,109.552739412925,8.26401406367743));
#8781=CARTESIAN_POINT('',(-55.747891641565,110.152716566764,8.25877814237841));
#8782=CARTESIAN_POINT('',(-53.2521083584359,110.152716566764,8.25877814237841));
#8783=CARTESIAN_POINT('Ctrl Pts',(-55.747891641565,110.152716566763,8.25877814237841));
#8784=CARTESIAN_POINT('Ctrl Pts',(-55.7441552658207,110.152707194387,8.257704174439));
#8785=CARTESIAN_POINT('Ctrl Pts',(-55.7404176014055,110.152694977283,8.25663468471044));
#8786=CARTESIAN_POINT('Ctrl Pts',(-55.5325171705805,110.151861459104,8.19741639099111));
#8787=CARTESIAN_POINT('Ctrl Pts',(-55.3245197340538,110.143108378495,8.15261836595632));
#8788=CARTESIAN_POINT('Ctrl Pts',(-54.9925922392395,110.131790687504,8.10589955565321));
#8789=CARTESIAN_POINT('Ctrl Pts',(-54.8723357474642,110.128170126464,8.09391721843398));
#8790=CARTESIAN_POINT('Ctrl Pts',(-54.6676461354633,110.124518434807,8.08209545964575));
#8791=CARTESIAN_POINT('Ctrl Pts',(-54.5839188816653,110.123719664673,8.07967320517441));
#8792=CARTESIAN_POINT('Ctrl Pts',(-54.4160811183356,110.123719664673,8.07967320517441));
#8793=CARTESIAN_POINT('Ctrl Pts',(-54.3323538645376,110.124518434807,8.08209545964575));
#8794=CARTESIAN_POINT('Ctrl Pts',(-54.1276642525367,110.128170126464,8.09391721843398));
#8795=CARTESIAN_POINT('Ctrl Pts',(-54.0074077607614,110.131790687504,8.10589955565321));
#8796=CARTESIAN_POINT('Ctrl Pts',(-53.6754802659471,110.143108378495,8.15261836595633));
#8797=CARTESIAN_POINT('Ctrl Pts',(-53.4674828294204,110.151861459104,8.19741639099112));
#8798=CARTESIAN_POINT('Ctrl Pts',(-53.2595823985951,110.152694977283,8.25663468471054));
#8799=CARTESIAN_POINT('Ctrl Pts',(-53.2558447341806,110.152707194387,8.25770417443889));
#8800=CARTESIAN_POINT('Ctrl Pts',(-53.2521083584359,110.152716566763,8.25877814237841));
#8801=CARTESIAN_POINT('',(-47.2994131955676,110.152716566764,8.25877814237841));
#8802=CARTESIAN_POINT('',(-57.8724131955675,110.152716566764,8.25877814237841));
#8803=CARTESIAN_POINT('',(-47.2994131955676,109.547503491626,7.66403690983893));
#8804=CARTESIAN_POINT('Origin',(-47.2994131955676,109.552739412925,8.26401406367743));
#8805=CARTESIAN_POINT('',(-57.8724131955675,109.547503491626,7.66403690983893));
#8806=CARTESIAN_POINT('',(-57.8724131955675,110.152716566764,8.25877814237841));
#8807=CARTESIAN_POINT('Origin',(-47.2994131955676,109.564956562623,9.66396075596727));
#8808=CARTESIAN_POINT('',(-45.8994131955676,110.164933716461,9.65872483466825));
#8809=CARTESIAN_POINT('',(-45.2994131955676,109.564956562623,9.66396075596727));
#8810=CARTESIAN_POINT('Origin',(-45.8994131955676,109.564956562623,9.66396075596727));
#8811=CARTESIAN_POINT('Origin',(-47.2994131955676,109.564956562623,9.66396075596727));
#8812=CARTESIAN_POINT('Origin',(-47.2994131955676,110.164933716461,9.65872483466825));
#8813=CARTESIAN_POINT('Origin',(-45.8994131955676,109.551826458168,8.15939981049902));
#8814=CARTESIAN_POINT('',(-45.8994131955676,110.222144883189,16.2144752022772));
#8815=CARTESIAN_POINT('',(-45.2994131955676,109.622122036157,16.2144752022777));
#8816=CARTESIAN_POINT('Origin',(-45.8994131955676,109.622122036157,16.2144752022778));
#8817=CARTESIAN_POINT('',(-45.2994131955676,109.551826458168,8.15939981049902));
#8818=CARTESIAN_POINT('',(-45.8994131955676,110.151803612007,8.1541638892));
#8819=CARTESIAN_POINT('Origin',(-60.9204131955667,109.940605685397,-16.0467214311237));
#8820=CARTESIAN_POINT('',(-43.2994131955671,106.384741086981,-16.0156898708914));
#8821=CARTESIAN_POINT('',(-43.2994131955671,109.940605685397,-16.0467214311237));
#8822=CARTESIAN_POINT('',(-60.9204131955667,106.384741086981,-16.0156898708914));
#8823=CARTESIAN_POINT('',(-56.9199131955671,106.384741086981,-16.0156898708917));
#8824=CARTESIAN_POINT('',(-60.9204131955676,92.0346783100008,-15.8904587702492));
#8825=CARTESIAN_POINT('',(-60.9204131955676,92.0346783100005,-15.8904587702477));
#8826=CARTESIAN_POINT('Origin',(-43.2994131955671,109.971692504462,-12.4845247977211));
#8827=CARTESIAN_POINT('',(-43.2994131955671,106.442007512541,-9.45360746829641));
#8828=CARTESIAN_POINT('',(-43.2994131955671,109.997872110957,-9.48463902852862));
#8829=CARTESIAN_POINT('',(-43.2994131955671,106.415827906045,-12.4534932374889));
#8830=CARTESIAN_POINT('',(-43.2994131955671,106.41699560317,-12.3196884002069));
#8831=CARTESIAN_POINT('Origin',(-45.2994131955671,109.997872110957,-9.48463902852862));
#8832=CARTESIAN_POINT('',(-45.2994131955671,106.459460583537,-7.45368362216807));
#8833=CARTESIAN_POINT('',(-45.2994131955671,110.015325181953,-7.48471518240028));
#8834=CARTESIAN_POINT('Origin',(-45.2994131955671,106.442007512541,-9.45360746829641));
#8835=CARTESIAN_POINT('Origin',(-45.2994131955671,110.015325181953,-7.48471518240028));
#8836=CARTESIAN_POINT('',(-58.9204131955676,106.459460583537,-7.45368362216807));
#8837=CARTESIAN_POINT('',(-58.9204131955676,92.1093978065567,-7.3284525215243));
#8838=CARTESIAN_POINT('',(-45.2994131955671,106.459460583537,-7.45368362216807));
#8839=CARTESIAN_POINT('Origin',(-58.9204131955676,92.1268508775535,-5.32852867539595));
#8840=CARTESIAN_POINT('Origin',(-58.9204131955676,106.476913654534,-5.45375977603972));
#8841=CARTESIAN_POINT('Origin',(-58.9204131955676,92.224100199071,5.81513980328755));
#8842=CARTESIAN_POINT('',(-58.9204131955676,106.591616047048,7.68983254877212));
#8843=CARTESIAN_POINT('',(-58.9204131955676,92.2415532700677,7.81506364941589));
#8844=CARTESIAN_POINT('Origin',(-58.9204131955676,106.574162976052,5.68990870264378));
#8845=CARTESIAN_POINT('Origin',(-60.9204131955674,110.147480645464,7.65880098853991));
#8846=CARTESIAN_POINT('',(-47.2994131955676,106.591616047048,7.68983254877212));
#8847=CARTESIAN_POINT('',(-47.2994131955676,108.242553182027,7.67542503866431));
#8848=CARTESIAN_POINT('',(-60.9204131955674,106.591616047048,7.68983254877212));
#8849=CARTESIAN_POINT('Origin',(-54.5000000000004,109.391215753108,-10.244764078701));
#8850=CARTESIAN_POINT('Origin',(-54.5000000000004,109.991192906947,-10.25));
#8851=CARTESIAN_POINT('',(-54.5000000000004,109.40648719023,-8.49483071333868));
#8852=CARTESIAN_POINT('Origin',(-54.5000000000004,109.411723111529,-7.89485355950017));
#8853=CARTESIAN_POINT('',(-52.7500000000004,109.391215753108,-10.244764078701));
#8854=CARTESIAN_POINT('Origin',(-54.5000000000004,109.391215753108,-10.244764078701));
#8855=CARTESIAN_POINT('Origin',(-54.5000000000004,109.391215753108,-10.244764078701));
#8856=CARTESIAN_POINT('Origin',(-47.2994131955676,108.260006253024,9.67534888479265));
#8857=CARTESIAN_POINT('',(-45.2994131955676,106.609069118045,9.68975639490046));
#8858=CARTESIAN_POINT('',(-45.2994131955676,108.260006253024,9.67534888479265));
#8859=CARTESIAN_POINT('Origin',(-47.2994131955676,106.609069118045,9.68975639490046));
#8860=CARTESIAN_POINT('Origin',(-45.2994131955676,106.412289956314,16.247723302526));
#8861=CARTESIAN_POINT('',(-45.2994131955676,106.666009476449,16.2144752022777));
#8862=CARTESIAN_POINT('',(-45.2994131955676,88.5063625809182,16.2144752022777));
#8863=CARTESIAN_POINT('',(-45.2994131955676,106.63524872454,12.689642164093));
#8864=CARTESIAN_POINT('',(-45.2994131955676,106.595939013591,8.18519544943221));
#8865=CARTESIAN_POINT('',(-45.2994131955676,106.591616047048,7.68983254877212));
#8866=CARTESIAN_POINT('Origin',(-54.5000000000004,109.570116542819,10.255235921299));
#8867=CARTESIAN_POINT('',(-54.5000000000004,110.190601055078,12.5999105192008));
#8868=CARTESIAN_POINT('Origin',(-54.5000000000004,110.170093696657,10.25));
#8869=CARTESIAN_POINT('',(-54.5000000000004,109.585387979941,12.0051692866613));
#8870=CARTESIAN_POINT('Origin',(-54.5000000000004,109.59062390124,12.6051464404998));
#8871=CARTESIAN_POINT('',(-52.7500000000004,109.570116542819,10.255235921299));
#8872=CARTESIAN_POINT('Origin',(-54.5000000000004,109.570116542819,10.255235921299));
#8873=CARTESIAN_POINT('Origin',(-54.5000000000004,109.570116542819,10.255235921299));
#8874=CARTESIAN_POINT('Origin',(-54.5000000000004,110.170093696657,10.25));
#8875=CARTESIAN_POINT('Origin',(-54.8244131955676,110.081462340825,0.0938525761228068));
#8876=CARTESIAN_POINT('',(-52.9194131955676,110.222144883189,16.2144752022772));
#8877=CARTESIAN_POINT('Origin',(-54.5000000000004,109.991192906947,-10.25));
#8878=CARTESIAN_POINT('',(-52.7500000000004,107.491288099286,-10.2281836612541));
#8879=CARTESIAN_POINT('',(-52.7500000000004,109.991192906947,-10.25));
#8880=CARTESIAN_POINT('Origin',(-54.5000000000004,107.491288099286,-10.2281836612541));
#8881=CARTESIAN_POINT('Origin',(-54.5000000000004,110.170093696657,10.25));
#8882=CARTESIAN_POINT('',(-52.7500000000004,107.670188888997,10.2718163387459));
#8883=CARTESIAN_POINT('',(-52.7500000000004,110.170093696657,10.25));
#8884=CARTESIAN_POINT('Origin',(-54.5000000000004,107.670188888997,10.2718163387459));
#8885=CARTESIAN_POINT('Origin',(-204.5,109.570116542819,10.255235921299));
#8886=CARTESIAN_POINT('',(-203.252108358436,110.152716566764,8.25877814237841));
#8887=CARTESIAN_POINT('',(-205.747891641565,110.152716566764,8.25877814237841));
#8888=CARTESIAN_POINT('Ctrl Pts',(-203.252108358436,110.152716566763,8.25877814237841));
#8889=CARTESIAN_POINT('Ctrl Pts',(-203.255015973326,110.152709273262,8.25794238993119));
#8890=CARTESIAN_POINT('Ctrl Pts',(-203.257924366443,110.152700257043,8.25710935002116));
#8891=CARTESIAN_POINT('Ctrl Pts',(-203.461728898297,110.151950296107,8.1989403496218));
#8892=CARTESIAN_POINT('Ctrl Pts',(-203.666362392867,110.143470235683,8.15452824316617));
#8893=CARTESIAN_POINT('Ctrl Pts',(-204.081652989669,110.129211734404,8.09486587327621));
#8894=CARTESIAN_POINT('Ctrl Pts',(-204.289747438891,110.123719664673,8.07967320517441));
#8895=CARTESIAN_POINT('Ctrl Pts',(-204.71025256111,110.123719664673,8.07967320517441));
#8896=CARTESIAN_POINT('Ctrl Pts',(-204.918347010332,110.129211734404,8.09486587327621));
#8897=CARTESIAN_POINT('Ctrl Pts',(-205.333637607134,110.143470235683,8.15452824316617));
#8898=CARTESIAN_POINT('Ctrl Pts',(-205.538271101704,110.151950296107,8.1989403496218));
#8899=CARTESIAN_POINT('Ctrl Pts',(-205.742075633558,110.152700257043,8.25710935002116));
#8900=CARTESIAN_POINT('Ctrl Pts',(-205.744984026675,110.152709273262,8.25794238993119));
#8901=CARTESIAN_POINT('Ctrl Pts',(-205.747891641565,110.152716566763,8.25877814237841));
#8902=CARTESIAN_POINT('',(-204.5,110.190601055078,12.5999105192008));
#8903=CARTESIAN_POINT('Origin',(-204.5,110.170093696657,10.25));
#8904=CARTESIAN_POINT('',(-204.5,109.585387979941,12.0051692866613));
#8905=CARTESIAN_POINT('Origin',(-204.5,109.59062390124,12.6051464404998));
#8906=CARTESIAN_POINT('',(-202.75,109.570116542819,10.255235921299));
#8907=CARTESIAN_POINT('Origin',(-204.5,109.570116542819,10.255235921299));
#8908=CARTESIAN_POINT('Origin',(-204.5,109.570116542819,10.255235921299));
#8909=CARTESIAN_POINT('Origin',(-204.5,110.170093696657,10.25));
#8910=CARTESIAN_POINT('Origin',(-207.872413195568,109.552739412925,8.26401406367743));
#8911=CARTESIAN_POINT('',(-197.299413195568,110.152716566763,8.25877814237841));
#8912=CARTESIAN_POINT('',(-207.872413195568,110.152716566764,8.25877814237841));
#8913=CARTESIAN_POINT('',(-197.299413195568,109.547503491626,7.66403690983893));
#8914=CARTESIAN_POINT('Origin',(-197.299413195568,109.552739412925,8.26401406367743));
#8915=CARTESIAN_POINT('',(-208.920413195568,109.547503491626,7.66403690983893));
#8916=CARTESIAN_POINT('',(-207.872413195568,109.547503491626,7.66403690983893));
#8917=CARTESIAN_POINT('',(-208.920413195568,110.152716566764,8.25877814237841));
#8918=CARTESIAN_POINT('Origin',(-208.920413195568,109.552739412925,8.26401406367743));
#8919=CARTESIAN_POINT('',(-207.872413195568,110.152716566764,8.25877814237841));
#8920=CARTESIAN_POINT('Origin',(-204.5,110.170093696657,10.25));
#8921=CARTESIAN_POINT('',(-202.75,107.670188888997,10.2718163387459));
#8922=CARTESIAN_POINT('',(-202.75,110.170093696657,10.25));
#8923=CARTESIAN_POINT('Origin',(-204.5,107.670188888997,10.2718163387459));
#8924=CARTESIAN_POINT('Origin',(-204.5,109.391215753108,-10.244764078701));
#8925=CARTESIAN_POINT('',(-205.413009117739,110.010089260654,-8.08469233623878));
#8926=CARTESIAN_POINT('',(-204.5,110.003752351381,-7.99232857763697));
#8927=CARTESIAN_POINT('Ctrl Pts',(-205.413009117739,110.010089260654,-8.08469233623878));
#8928=CARTESIAN_POINT('Ctrl Pts',(-205.409450031472,110.010095540663,-8.08397271857578));
#8929=CARTESIAN_POINT('Ctrl Pts',(-205.405890125765,110.010100490757,-8.08325713175354));
#8930=CARTESIAN_POINT('Ctrl Pts',(-205.308894769801,110.01020028697,-8.06387427432255));
#8931=CARTESIAN_POINT('Ctrl Pts',(-205.214905959782,110.009427814239,-8.04798593327122));
#8932=CARTESIAN_POINT('Ctrl Pts',(-204.91526992024,110.00636644919,-8.00678729763516));
#8933=CARTESIAN_POINT('Ctrl Pts',(-204.708241168102,110.003752351381,-7.99232857763696));
#8934=CARTESIAN_POINT('Ctrl Pts',(-204.5,110.003752351381,-7.99232857763696));
#8935=CARTESIAN_POINT('',(-204.5,109.40648719023,-8.49483071333868));
#8936=CARTESIAN_POINT('Origin',(-204.5,109.411723111529,-7.89485355950017));
#8937=CARTESIAN_POINT('',(-202.75,109.391215753108,-10.244764078701));
#8938=CARTESIAN_POINT('Origin',(-204.5,109.391215753108,-10.244764078701));
#8939=CARTESIAN_POINT('Origin',(-204.5,109.391215753108,-10.244764078701));
#8940=CARTESIAN_POINT('',(-203.586990882262,110.010089260654,-8.08469233623878));
#8941=CARTESIAN_POINT('Ctrl Pts',(-204.5,110.003752351381,-7.99232857763697));
#8942=CARTESIAN_POINT('Ctrl Pts',(-204.291758831899,110.003752351381,-7.99232857763697));
#8943=CARTESIAN_POINT('Ctrl Pts',(-204.084730079761,110.00636644919,-8.00678729763517));
#8944=CARTESIAN_POINT('Ctrl Pts',(-203.78509404022,110.009427814239,-8.0479859332712));
#8945=CARTESIAN_POINT('Ctrl Pts',(-203.6911052302,110.01020028697,-8.06387427432253));
#8946=CARTESIAN_POINT('Ctrl Pts',(-203.594109874234,110.010100490757,-8.08325713175386));
#8947=CARTESIAN_POINT('Ctrl Pts',(-203.59054996853,110.010095540663,-8.08397271857546));
#8948=CARTESIAN_POINT('Ctrl Pts',(-203.586990882262,110.010089260654,-8.08469233623878));
#8949=CARTESIAN_POINT('Origin',(-204.5,109.991192906947,-10.25));
#8950=CARTESIAN_POINT('Origin',(-200.061913195567,109.410112106816,-8.07945641493976));
#8951=CARTESIAN_POINT('',(-208.920413195568,110.010089260654,-8.08469233623878));
#8952=CARTESIAN_POINT('',(-200.061913195567,110.010089260654,-8.08469233623878));
#8953=CARTESIAN_POINT('',(-208.920413195568,109.415348028115,-7.47947926110125));
#8954=CARTESIAN_POINT('Origin',(-208.920413195568,109.410112106816,-8.07945641493976));
#8955=CARTESIAN_POINT('',(-195.299413195567,109.415348028115,-7.47947926110126));
#8956=CARTESIAN_POINT('',(-200.061913195567,109.415348028115,-7.47947926110126));
#8957=CARTESIAN_POINT('',(-195.299413195567,110.010089260654,-8.08469233623878));
#8958=CARTESIAN_POINT('Origin',(-195.299413195567,109.410112106816,-8.07945641493976));
#8959=CARTESIAN_POINT('',(-200.061913195567,110.010089260654,-8.08469233623878));
#8960=CARTESIAN_POINT('Origin',(-204.5,109.991192906947,-10.25));
#8961=CARTESIAN_POINT('',(-202.75,107.491288099286,-10.2281836612541));
#8962=CARTESIAN_POINT('',(-202.75,109.991192906947,-10.25));
#8963=CARTESIAN_POINT('Origin',(-204.5,107.491288099286,-10.2281836612541));
#8964=CARTESIAN_POINT('Origin',(-195.899413195568,109.551826458168,8.15939981049902));
#8965=CARTESIAN_POINT('',(-195.899413195568,110.222144883189,16.2144752022772));
#8966=CARTESIAN_POINT('',(-195.299413195568,109.622122036157,16.2144752022777));
#8967=CARTESIAN_POINT('Origin',(-195.899413195568,109.622122036157,16.2144752022778));
#8968=CARTESIAN_POINT('',(-195.299413195568,109.564956562623,9.66396075596727));
#8969=CARTESIAN_POINT('',(-195.299413195568,109.551826458168,8.15939981049902));
#8970=CARTESIAN_POINT('',(-195.899413195568,110.164933716461,9.65872483466825));
#8971=CARTESIAN_POINT('Origin',(-195.899413195568,109.564956562623,9.66396075596727));
#8972=CARTESIAN_POINT('',(-195.899413195568,110.151803612007,8.1541638892));
#8973=CARTESIAN_POINT('Origin',(-197.299413195568,109.564956562623,9.66396075596727));
#8974=CARTESIAN_POINT('Origin',(-197.299413195568,110.164933716461,9.65872483466825));
#8975=CARTESIAN_POINT('Origin',(-197.299413195568,109.564956562623,9.66396075596727));
#8976=CARTESIAN_POINT('Origin',(-208.920413195568,109.530050420629,5.66411306371059));
#8977=CARTESIAN_POINT('',(-210.920413195568,109.530050420629,5.66411306371059));
#8978=CARTESIAN_POINT('',(-211.520413195568,110.130027574468,5.65887714241157));
#8979=CARTESIAN_POINT('Origin',(-211.520413195568,109.530050420629,5.66411306371059));
#8980=CARTESIAN_POINT('Origin',(-208.920413195568,110.130027574468,5.65887714241157));
#8981=CARTESIAN_POINT('Origin',(-208.920413195568,109.530050420629,5.66411306371059));
#8982=CARTESIAN_POINT('Origin',(-211.520413195568,109.449933366096,-3.51639206763512));
#8983=CARTESIAN_POINT('',(-210.920413195568,109.432801099112,-5.47955541497291));
#8984=CARTESIAN_POINT('',(-211.520413195568,110.03277825295,-5.48479133627193));
#8985=CARTESIAN_POINT('Origin',(-211.520413195568,109.432801099112,-5.47955541497291));
#8986=CARTESIAN_POINT('',(-211.520413195568,110.049910519934,-3.52162798893414));
#8987=CARTESIAN_POINT('',(-210.920413195568,109.449933366096,-3.51639206763512));
#8988=CARTESIAN_POINT('Origin',(-208.920413195568,109.432801099112,-5.47955541497291));
#8989=CARTESIAN_POINT('Origin',(-208.920413195568,110.03277825295,-5.48479133627193));
#8990=CARTESIAN_POINT('Origin',(-208.920413195568,109.432801099112,-5.47955541497291));
#8991=CARTESIAN_POINT('Origin',(-195.299413195567,109.397894957118,-9.4794031072296));
#8992=CARTESIAN_POINT('',(-193.299413195567,109.397894957118,-9.4794031072296));
#8993=CARTESIAN_POINT('',(-193.899413195567,109.997872110957,-9.48463902852862));
#8994=CARTESIAN_POINT('Origin',(-193.899413195567,109.397894957118,-9.4794031072296));
#8995=CARTESIAN_POINT('Origin',(-195.299413195567,109.997872110957,-9.48463902852862));
#8996=CARTESIAN_POINT('Origin',(-195.299413195567,109.397894957118,-9.4794031072296));
#8997=CARTESIAN_POINT('Origin',(-193.899413195567,109.426600268805,-6.19010018950014));
#8998=CARTESIAN_POINT('',(-193.299413195567,109.340628531559,-16.0414855098246));
#8999=CARTESIAN_POINT('',(-193.899413195567,109.940605685397,-16.0467214311237));
#9000=CARTESIAN_POINT('Origin',(-193.899413195567,109.340628531559,-16.0414855098246));
#9001=CARTESIAN_POINT('',(-193.899413195567,110.026577422644,-6.19533611079916));
#9002=CARTESIAN_POINT('',(-193.299413195567,109.426600268805,-6.19010018950014));
#9003=CARTESIAN_POINT('Origin',(-204.824413195568,110.081462340825,0.0938525761228068));
#9004=CARTESIAN_POINT('',(-210.920413195567,109.940605685397,-16.0467214311237));
#9005=CARTESIAN_POINT('',(-207.872413195567,109.940605685397,-16.0467214311237));
#9006=CARTESIAN_POINT('',(-210.920413195568,109.940779798462,-16.0267700500316));
#9007=CARTESIAN_POINT('',(-210.920413195567,109.971692504462,-12.4845247977211));
#9008=CARTESIAN_POINT('',(-213.749413195568,109.940779798462,-16.0267700500316));
#9009=CARTESIAN_POINT('',(-195.299413195568,109.940779798462,-16.0267700500316));
#9010=CARTESIAN_POINT('',(-213.749413195568,110.222144883189,16.2144752022772));
#9011=CARTESIAN_POINT('',(-213.749413195568,110.135179561883,6.24923642576274));
#9012=CARTESIAN_POINT('',(-202.919413195568,110.222144883189,16.2144752022772));
#9013=CARTESIAN_POINT('Origin',(-210.920413195567,109.940605685397,-16.0467214311237));
#9014=CARTESIAN_POINT('',(-193.299413195567,106.384741086981,-16.0156898708914));
#9015=CARTESIAN_POINT('',(-193.299413195567,109.940605685397,-16.0467214311237));
#9016=CARTESIAN_POINT('',(-210.920413195567,106.384741086981,-16.0156898708914));
#9017=CARTESIAN_POINT('',(-206.919913195567,106.384741086981,-16.0156898708917));
#9018=CARTESIAN_POINT('',(-210.920413195568,107.654403857828,-16.0267700500315));
#9019=CARTESIAN_POINT('',(-210.920413195568,92.0346783100008,-15.8904587702492));
#9020=CARTESIAN_POINT('',(-210.920413195568,92.0346783100005,-15.8904587702477));
#9021=CARTESIAN_POINT('Origin',(-213.749413195568,109.535202408044,6.25447234706176));
#9022=CARTESIAN_POINT('',(-213.924713383811,110.222144883189,19.2144752022778));
#9023=CARTESIAN_POINT('Ctrl Pts',(-213.924713383811,110.222144883189,19.2144752022778));
#9024=CARTESIAN_POINT('Ctrl Pts',(-213.912323360889,110.222144883189,18.7807280328667));
#9025=CARTESIAN_POINT('Ctrl Pts',(-213.888307203521,110.222144883189,18.0682815000064));
#9026=CARTESIAN_POINT('Ctrl Pts',(-213.866205933057,110.222144883189,17.5183675629345));
#9027=CARTESIAN_POINT('Ctrl Pts',(-213.846088877301,110.222144883189,17.1037923245723));
#9028=CARTESIAN_POINT('Ctrl Pts',(-213.828009102423,110.222144883189,16.799806202565));
#9029=CARTESIAN_POINT('Ctrl Pts',(-213.811987597193,110.222144883189,16.5839595801663));
#9030=CARTESIAN_POINT('Ctrl Pts',(-213.798017187628,110.222144883189,16.4363953242637));
#9031=CARTESIAN_POINT('Ctrl Pts',(-213.770501692937,110.222144883189,16.2144752022765));
#9032=CARTESIAN_POINT('Ctrl Pts',(-213.749413195568,110.222144883189,16.2144752022766));
#9033=CARTESIAN_POINT('',(-214.349413195567,109.340756951431,-16.0267700500316));
#9034=CARTESIAN_POINT('Origin',(-213.749413195568,109.340756951431,-16.0267700500315));
#9035=CARTESIAN_POINT('',(-214.349413195566,109.648302639529,19.2144752022778));
#9036=CARTESIAN_POINT('',(-214.349413195568,109.535202408044,6.25447234706176));
#9037=CARTESIAN_POINT('Origin',(-213.749413195568,109.648302639529,19.2144752022778));
#9038=CARTESIAN_POINT('Origin',(-114.965986660408,40.2706075019049,19.2144752022778));
#9039=CARTESIAN_POINT('',(-214.349413195567,-29.0809298792039,19.2144752022778));
#9040=CARTESIAN_POINT('',(-214.349413195566,110.222144883189,19.2144752022778));
#9041=CARTESIAN_POINT('Origin',(-213.749413195564,-29.0809298792039,19.2144752022778));
#9042=CARTESIAN_POINT('',(-15.5825601252494,110.222144883189,19.2144752022778));
#9043=CARTESIAN_POINT('',(-15.5825601252494,-29.6809298793788,19.2144752022778));
#9044=CARTESIAN_POINT('',(-15.5825601252494,110.222144883189,19.2144752022778));
#9045=CARTESIAN_POINT('Origin',(-214.349413195568,104.778902786777,12.451832577756));
#9046=CARTESIAN_POINT('',(-214.349413195567,70.9190701207961,-16.0267700500316));
#9047=CARTESIAN_POINT('',(-214.349413195567,109.940779798464,-16.0267700500316));
#9048=CARTESIAN_POINT('',(-214.349413195567,70.9190701207961,16.2144752022778));
#9049=CARTESIAN_POINT('',(-214.349413195567,70.9190701207961,-1.61458202513741));
#9050=CARTESIAN_POINT('',(-214.349413195565,9.62212203615709,16.2144752022778));
#9051=CARTESIAN_POINT('',(-214.349413195566,110.222144883189,16.2144752022778));
#9052=CARTESIAN_POINT('',(-214.349413195567,9.34075695143082,-16.0267700500316));
#9053=CARTESIAN_POINT('',(-214.349413195565,9.53901002913428,6.69078250799376));
#9054=CARTESIAN_POINT('',(-214.349413195567,-29.0809298792039,-16.0267700500316));
#9055=CARTESIAN_POINT('',(-214.349413195567,9.94077979846417,-16.0267700500316));
#9056=CARTESIAN_POINT('',(-214.349413195564,-29.0809298792039,-1.61458202513743));
#9057=CARTESIAN_POINT('Origin',(-214.349413195567,70.3190701207961,-16.0267700500316));
#9058=CARTESIAN_POINT('',(-210.920413195568,88.3674490134208,-16.0267700500315));
#9059=CARTESIAN_POINT('',(-210.920413195567,106.384644391723,-16.0267700500315));
#9060=CARTESIAN_POINT('',(-210.920413195568,88.3674490134208,-16.0267700500315));
#9061=CARTESIAN_POINT('',(-170.66256012525,106.384644391723,-16.0267700500304));
#9062=CARTESIAN_POINT('',(-192.505986660409,106.384644391723,-16.026770050031));
#9063=CARTESIAN_POINT('',(-170.662560125249,73.8721880085951,-16.0267700500304));
#9064=CARTESIAN_POINT('',(-170.662560125249,72.0970024200042,-16.0267700500304));
#9065=CARTESIAN_POINT('',(-195.299413195568,73.8721880085946,-16.0267700500311));
#9066=CARTESIAN_POINT('',(-204.824413195568,73.8721880085941,-16.0267700500313));
#9067=CARTESIAN_POINT('',(-195.299413195568,70.9190701207961,-16.0267700500311));
#9068=CARTESIAN_POINT('',(-195.299413195568,70.3190701207952,-16.0267700500311));
#9069=CARTESIAN_POINT('',(-214.349413195567,70.9190701207961,-16.0267700500316));
#9070=CARTESIAN_POINT('Origin',(-208.25,70.9190701207961,10.25));
#9071=CARTESIAN_POINT('',(-206.660814042205,70.382370081504,8.90530307655761));
#9072=CARTESIAN_POINT('',(-205.943648079151,70.3190701207961,9.79917762123584));
#9073=CARTESIAN_POINT('Ctrl Pts',(-206.660814042205,70.382370081504,8.90530307655759));
#9074=CARTESIAN_POINT('Ctrl Pts',(-206.48379937556,70.3769400478391,9.09768245750865));
#9075=CARTESIAN_POINT('Ctrl Pts',(-206.350457280062,70.3567949799191,9.26036720682478));
#9076=CARTESIAN_POINT('Ctrl Pts',(-206.142084561762,70.3308589419425,9.52502521191924));
#9077=CARTESIAN_POINT('Ctrl Pts',(-206.042317112229,70.3192854298873,9.65942936637004));
#9078=CARTESIAN_POINT('Ctrl Pts',(-205.945415077456,70.3190711027343,9.7966732513284));
#9079=CARTESIAN_POINT('Ctrl Pts',(-205.944531440901,70.3190701207961,9.79792534086205));
#9080=CARTESIAN_POINT('Ctrl Pts',(-205.943648079151,70.3190701207961,9.79917762123584));
#9081=CARTESIAN_POINT('',(-208.25,70.3190701207961,7.9));
#9082=CARTESIAN_POINT('Origin',(-208.25,70.3190701207961,10.25));
#9083=CARTESIAN_POINT('',(-208.25,70.9190701207961,8.5));
#9084=CARTESIAN_POINT('Origin',(-208.25,70.9190701207961,7.9));
#9085=CARTESIAN_POINT('',(-210.,70.9190701207961,10.25));
#9086=CARTESIAN_POINT('Origin',(-208.25,70.9190701207961,10.25));
#9087=CARTESIAN_POINT('Origin',(-208.25,70.9190701207961,10.25));
#9088=CARTESIAN_POINT('',(-208.035672670937,70.3190701207961,7.90979406974155));
#9089=CARTESIAN_POINT('Origin',(-208.25,70.3190701207961,10.25));
#9090=CARTESIAN_POINT('Ctrl Pts',(-208.035672670937,70.3190701207961,7.90979406974157));
#9091=CARTESIAN_POINT('Ctrl Pts',(-208.033423551737,70.3190701207961,7.91084841991287));
#9092=CARTESIAN_POINT('Ctrl Pts',(-208.031175215726,70.3190719051315,7.9119044481393));
#9093=CARTESIAN_POINT('Ctrl Pts',(-207.864448414924,70.3193350024028,7.99036691406169));
#9094=CARTESIAN_POINT('Ctrl Pts',(-207.704035528058,70.3288881575625,8.07685542159838));
#9095=CARTESIAN_POINT('Ctrl Pts',(-207.334308562018,70.3559529857144,8.30631452043331));
#9096=CARTESIAN_POINT('Ctrl Pts',(-207.129338510775,70.3746921215219,8.45870094710299));
#9097=CARTESIAN_POINT('Ctrl Pts',(-206.840557825296,70.3847248836734,8.718817202203));
#9098=CARTESIAN_POINT('Ctrl Pts',(-206.748476896469,70.3850591934224,8.81003116516606));
#9099=CARTESIAN_POINT('Ctrl Pts',(-206.660814042205,70.382370081504,8.90530307655759));
#9100=CARTESIAN_POINT('Origin',(-214.333427130024,70.9190701207961,1.61203961065475));
#9101=CARTESIAN_POINT('',(-210.173104389026,70.3190701207961,5.77236235165292));
#9102=CARTESIAN_POINT('',(-214.333427130024,70.3190701207961,1.61203961065475));
#9103=CARTESIAN_POINT('',(-209.748840320314,70.9190701207961,5.34809828294099));
#9104=CARTESIAN_POINT('Origin',(-210.173104389026,70.9190701207961,5.77236235165292));
#9105=CARTESIAN_POINT('',(-206.426224784451,70.9190701207961,8.67071381880357));
#9106=CARTESIAN_POINT('',(-213.909163061312,70.9190701207961,1.18777554194283));
#9107=CARTESIAN_POINT('Origin',(-206.850488853163,70.9190701207961,9.09497788751548));
#9108=CARTESIAN_POINT('Origin',(-208.25,70.3190701207961,10.25));
#9109=CARTESIAN_POINT('',(-210.,72.8190701207961,10.25));
#9110=CARTESIAN_POINT('',(-210.,70.3190701207961,10.25));
#9111=CARTESIAN_POINT('Origin',(-208.25,72.8190701207961,10.25));
#9112=CARTESIAN_POINT('Origin',(-208.25,70.9190701207961,-10.25));
#9113=CARTESIAN_POINT('',(-208.25,70.3190701207961,-12.6));
#9114=CARTESIAN_POINT('Origin',(-208.25,70.3190701207961,-10.25));
#9115=CARTESIAN_POINT('',(-208.25,70.9190701207961,-12.));
#9116=CARTESIAN_POINT('Origin',(-208.25,70.9190701207961,-12.6));
#9117=CARTESIAN_POINT('',(-210.,70.9190701207961,-10.25));
#9118=CARTESIAN_POINT('Origin',(-208.25,70.9190701207961,-10.25));
#9119=CARTESIAN_POINT('Origin',(-208.25,70.9190701207961,-10.25));
#9120=CARTESIAN_POINT('Origin',(-214.349413195567,70.3190701207961,-15.6809966280308));
#9121=CARTESIAN_POINT('',(-203.597797659705,70.3190701207961,10.4422866940574));
#9122=CARTESIAN_POINT('Origin',(-203.597797659705,70.3190701207961,5.84228669405739));
#9123=CARTESIAN_POINT('',(-199.299413195568,70.3190701207961,10.4422866940574));
#9124=CARTESIAN_POINT('',(-204.824413195568,70.3190701207961,10.4422866940574));
#9125=CARTESIAN_POINT('',(-195.899413195568,70.3190701207961,13.8422866940574));
#9126=CARTESIAN_POINT('Origin',(-199.299413195568,70.3190701207961,13.8422866940574));
#9127=CARTESIAN_POINT('',(-195.899413195568,70.3190701206212,16.2144752022757));
#9128=CARTESIAN_POINT('',(-195.899413195568,70.3190701207961,-15.6976206781552));
#9129=CARTESIAN_POINT('',(-213.749413195567,70.3190701206212,16.2144752022757));
#9130=CARTESIAN_POINT('',(-214.349413195567,70.3190701206212,16.2144752022757));
#9131=CARTESIAN_POINT('',(-213.749413195567,70.3190701207961,-15.4267700500315));
#9132=CARTESIAN_POINT('',(-213.749413195567,70.3190701207961,-1.61458202513741));
#9133=CARTESIAN_POINT('',(-195.899413195568,70.3190701207961,-15.4267700500311));
#9134=CARTESIAN_POINT('',(-214.349413195567,70.3190701207961,-15.4267700500316));
#9135=CARTESIAN_POINT('',(-195.899413195568,70.3190701207961,-13.0845247977211));
#9136=CARTESIAN_POINT('',(-195.899413195568,70.3190701207961,-15.6976206781552));
#9137=CARTESIAN_POINT('',(-199.849345383701,70.3190701207961,-13.0845247977211));
#9138=CARTESIAN_POINT('',(-201.634913031654,70.3190701207961,-13.0845247977211));
#9139=CARTESIAN_POINT('',(-203.102036577159,70.3190701207961,-11.7372159911793));
#9140=CARTESIAN_POINT('Origin',(-199.849345383701,70.3190701207961,-8.48452479772113));
#9141=CARTESIAN_POINT('',(-210.173104389026,70.3190701207961,-4.66614817931336));
#9142=CARTESIAN_POINT('',(-208.695702525515,70.3190701207961,-6.14355004282372));
#9143=CARTESIAN_POINT('',(-211.520413195568,70.3190701207961,-1.41345698585516));
#9144=CARTESIAN_POINT('Origin',(-206.920413195568,70.3190701207961,-1.41345698585516));
#9145=CARTESIAN_POINT('',(-211.520413195568,70.3190701207961,2.51967115819481));
#9146=CARTESIAN_POINT('',(-211.520413195568,70.3190701207961,-11.252789930135));
#9147=CARTESIAN_POINT('Origin',(-206.920413195568,70.3190701207961,2.51967115819481));
#9148=CARTESIAN_POINT('Origin',(-208.25,70.3190701207961,-10.25));
#9149=CARTESIAN_POINT('',(-210.,72.8190701207961,-10.25));
#9150=CARTESIAN_POINT('',(-210.,70.3190701207961,-10.25));
#9151=CARTESIAN_POINT('Origin',(-208.25,72.8190701207961,-10.25));
#9152=CARTESIAN_POINT('Origin',(-208.25,-29.0809298792039,-10.25));
#9153=CARTESIAN_POINT('',(-208.25,-29.0809298792039,-12.));
#9154=CARTESIAN_POINT('Origin',(-208.25,-29.0809298792039,-12.6));
#9155=CARTESIAN_POINT('',(-210.,-29.0809298792039,-10.25));
#9156=CARTESIAN_POINT('Origin',(-208.25,-29.0809298792039,-10.25));
#9157=CARTESIAN_POINT('Origin',(-208.25,-29.0809298792039,-10.25));
#9158=CARTESIAN_POINT('Origin',(-208.25,-29.6809298792039,-10.25));
#9159=CARTESIAN_POINT('',(-210.,-27.1809298792039,-10.25));
#9160=CARTESIAN_POINT('',(-210.,-29.6809298792039,-10.25));
#9161=CARTESIAN_POINT('Origin',(-208.25,-27.1809298792039,-10.25));
#9162=CARTESIAN_POINT('Origin',(-201.634913031654,70.9190701207961,-13.0845247977211));
#9163=CARTESIAN_POINT('',(-195.299413195568,70.9190701207961,-12.4845247977211));
#9164=CARTESIAN_POINT('',(-199.849345383701,70.9190701207961,-12.4845247977211));
#9165=CARTESIAN_POINT('',(-201.634913031654,70.9190701207961,-12.4845247977211));
#9166=CARTESIAN_POINT('Origin',(-199.849345383701,70.9190701207961,-13.0845247977211));
#9167=CARTESIAN_POINT('Origin',(-195.899413195568,70.9190701207961,-13.0845247977211));
#9168=CARTESIAN_POINT('Origin',(-195.899413195568,70.9190701207961,-15.6976206781552));
#9169=CARTESIAN_POINT('Origin',(-195.899413195568,70.9190701207961,-15.4267700500311));
#9170=CARTESIAN_POINT('',(-195.299413195568,70.9190701207961,-15.6976206781552));
#9171=CARTESIAN_POINT('Origin',(-214.349413195567,70.9190701207961,-15.4267700500316));
#9172=CARTESIAN_POINT('Origin',(-213.749413195567,70.9190701207961,-15.4267700500315));
#9173=CARTESIAN_POINT('Origin',(-213.749413195567,70.9190701207961,-1.61458202513741));
#9174=CARTESIAN_POINT('Origin',(-213.749413195567,70.9190701207961,16.2144752022778));
#9175=CARTESIAN_POINT('Origin',(-199.849345383701,70.9190701207961,-8.48452479772113));
#9176=CARTESIAN_POINT('',(-202.677772508447,70.9190701207961,-11.3129519224674));
#9177=CARTESIAN_POINT('Origin',(-203.102036577159,70.9190701207961,-11.7372159911793));
#9178=CARTESIAN_POINT('Origin',(-199.849345383701,70.9190701207961,-8.48452479772113));
#9179=CARTESIAN_POINT('Origin',(-208.695702525515,70.9190701207961,-6.14355004282372));
#9180=CARTESIAN_POINT('',(-209.748840320314,70.9190701207961,-4.24188411060143));
#9181=CARTESIAN_POINT('Origin',(-210.173104389026,70.9190701207961,-4.66614817931336));
#9182=CARTESIAN_POINT('',(-208.271438456803,70.9190701207961,-5.7192859741118));
#9183=CARTESIAN_POINT('Origin',(-206.920413195568,70.9190701207961,-1.41345698585516));
#9184=CARTESIAN_POINT('',(-210.920413195568,70.9190701207961,-1.41345698585516));
#9185=CARTESIAN_POINT('Origin',(-211.520413195568,70.9190701207961,-1.41345698585516));
#9186=CARTESIAN_POINT('Origin',(-206.920413195568,70.9190701207961,-1.41345698585516));
#9187=CARTESIAN_POINT('Origin',(-211.520413195568,70.9190701207961,-11.252789930135));
#9188=CARTESIAN_POINT('',(-210.920413195568,70.9190701207961,2.51967115819481));
#9189=CARTESIAN_POINT('Origin',(-211.520413195568,70.9190701207961,2.51967115819481));
#9190=CARTESIAN_POINT('',(-210.920413195568,70.9190701207961,-11.252789930135));
#9191=CARTESIAN_POINT('Origin',(-206.920413195568,70.9190701207961,2.51967115819481));
#9192=CARTESIAN_POINT('Origin',(-206.920413195568,70.9190701207961,2.51967115819481));
#9193=CARTESIAN_POINT('Origin',(-203.597797659705,70.9190701207961,5.84228669405739));
#9194=CARTESIAN_POINT('',(-203.597797659705,70.9190701207961,9.84228669405739));
#9195=CARTESIAN_POINT('Origin',(-203.597797659705,70.9190701207961,5.84228669405739));
#9196=CARTESIAN_POINT('Origin',(-203.597797659705,70.9190701207961,10.4422866940574));
#9197=CARTESIAN_POINT('Origin',(-204.824413195568,70.9190701207961,10.4422866940574));
#9198=CARTESIAN_POINT('',(-199.299413195568,70.9190701207961,9.84228669405739));
#9199=CARTESIAN_POINT('Origin',(-199.299413195568,70.9190701207961,10.4422866940574));
#9200=CARTESIAN_POINT('',(-204.824413195568,70.9190701207961,9.84228669405739));
#9201=CARTESIAN_POINT('Origin',(-199.299413195568,70.9190701207961,13.8422866940574));
#9202=CARTESIAN_POINT('',(-195.299413195568,70.9190701207961,13.8422866940574));
#9203=CARTESIAN_POINT('Origin',(-195.899413195568,70.9190701207961,13.8422866940574));
#9204=CARTESIAN_POINT('Origin',(-199.299413195568,70.9190701207961,13.8422866940574));
#9205=CARTESIAN_POINT('Origin',(-195.899413195568,70.9190701207961,-15.6976206781552));
#9206=CARTESIAN_POINT('',(-195.299413195568,70.9190701207961,16.2144752022777));
#9207=CARTESIAN_POINT('Origin',(-195.899413195568,70.9190701207961,16.2144752022778));
#9208=CARTESIAN_POINT('',(-195.299413195568,70.9190701207961,-15.6976206781552));
#9209=CARTESIAN_POINT('Origin',(-195.299413195568,74.1289250476687,-15.7142447282796));
#9210=CARTESIAN_POINT('',(-195.299413195568,74.1328513178348,13.8422866940574));
#9211=CARTESIAN_POINT('',(-195.299413195568,72.2239975842324,13.8422866940574));
#9212=CARTESIAN_POINT('',(-195.299413195568,74.1535530933209,16.2144752022777));
#9213=CARTESIAN_POINT('',(-195.299413195568,74.0471690824649,4.02407500294831));
#9214=CARTESIAN_POINT('',(-195.299413195568,72.4665732186685,16.2144752022777));
#9215=CARTESIAN_POINT('Origin',(-199.299413195568,72.2239975842324,13.8422866940574));
#9216=CARTESIAN_POINT('',(-199.299413195568,73.9000701207961,9.84228669405739));
#9217=CARTESIAN_POINT('',(-199.299413195568,72.2239975842324,9.84228669405739));
#9218=CARTESIAN_POINT('',(-195.394497724974,73.9000701207961,12.9753177398749));
#9219=CARTESIAN_POINT('Origin',(-199.299413195568,73.9000701207961,13.8422866940574));
#9220=CARTESIAN_POINT('',(-195.39493457395,74.1252682437047,12.9733524656296));
#9221=CARTESIAN_POINT('Ctrl Pts',(-195.394497724974,73.9000701207961,12.9753177398749));
#9222=CARTESIAN_POINT('Ctrl Pts',(-195.394715902176,74.0126754809189,12.9743350477846));
#9223=CARTESIAN_POINT('Ctrl Pts',(-195.39493457395,74.1252682437047,12.9733524656296));
#9224=CARTESIAN_POINT('Origin',(-199.299413195568,74.132851317835,13.8422866940574));
#9225=CARTESIAN_POINT('Origin',(-195.299413195568,70.3190701207961,9.84228669405739));
#9226=CARTESIAN_POINT('',(-203.597797659705,73.9000701207961,9.84228669405739));
#9227=CARTESIAN_POINT('',(-203.597797659705,70.3190701207961,9.84228669405739));
#9228=CARTESIAN_POINT('',(-205.254651909197,73.9000701207961,9.84228669405739));
#9229=CARTESIAN_POINT('Origin',(-203.597797659705,70.3190701207961,5.84228669405739));
#9230=CARTESIAN_POINT('',(-206.426224784451,73.9000701207961,8.67071381880357));
#9231=CARTESIAN_POINT('',(-206.426224784451,70.3190701207961,8.67071381880357));
#9232=CARTESIAN_POINT('Origin',(-203.597797659705,73.9000701207961,5.84228669405739));
#9233=CARTESIAN_POINT('Origin',(-205.254651909197,70.3190701207961,9.84228669405739));
#9234=CARTESIAN_POINT('',(-209.748840320314,73.9000701207961,5.34809828294098));
#9235=CARTESIAN_POINT('',(-209.748840320314,72.2627870345227,5.34809828294099));
#9236=CARTESIAN_POINT('',(-205.254651909197,73.9000701207961,9.84228669405739));
#9237=CARTESIAN_POINT('Origin',(-206.920413195568,72.2627870345227,2.51967115819481));
#9238=CARTESIAN_POINT('',(-210.920413195568,73.9000701207961,2.51967115819481));
#9239=CARTESIAN_POINT('',(-210.920413195568,72.2627870345227,2.51967115819481));
#9240=CARTESIAN_POINT('Origin',(-206.920413195568,73.9000701207961,2.51967115819481));
#9241=CARTESIAN_POINT('Origin',(-210.920413195568,74.2065039482493,-6.82458323223912));
#9242=CARTESIAN_POINT('',(-210.920413195568,106.574162976052,5.68990870264378));
#9243=CARTESIAN_POINT('',(-210.920413195568,92.224100199071,5.81513980328755));
#9244=CARTESIAN_POINT('',(-210.920413195567,106.63524872454,12.689642164093));
#9245=CARTESIAN_POINT('',(-210.920413195568,106.53796324321,1.54183018133684));
#9246=CARTESIAN_POINT('',(-210.920413195568,73.9000701207961,12.9753177398749));
#9247=CARTESIAN_POINT('',(-210.920413195568,82.246413605702,12.9024803037458));
#9248=CARTESIAN_POINT('',(-210.920413195568,73.9000701207961,0.883481899160626));
#9249=CARTESIAN_POINT('',(-210.920413195568,73.9000701207961,-1.41345698585516));
#9250=CARTESIAN_POINT('',(-210.920413195568,72.2627870345227,-1.41345698585516));
#9251=CARTESIAN_POINT('',(-210.920413195567,73.9000701207961,-12.4845247977211));
#9252=CARTESIAN_POINT('',(-210.920413195568,73.9000701207961,-7.65455401498013));
#9253=CARTESIAN_POINT('',(-210.920413195567,106.415557097722,-12.4845247977211));
#9254=CARTESIAN_POINT('',(-210.920413195567,67.9999995231628,-12.4845247977211));
#9255=CARTESIAN_POINT('',(-210.920413195568,106.476913654534,-5.45375977603972));
#9256=CARTESIAN_POINT('',(-210.920413195568,106.439161003336,-9.7797851156239));
#9257=CARTESIAN_POINT('',(-210.920413195568,92.1268508775535,-5.32852867539595));
#9258=CARTESIAN_POINT('Origin',(-206.920413195568,72.2627870345227,-1.41345698585516));
#9259=CARTESIAN_POINT('',(-209.748840320314,73.9000701207961,-4.24188411060143));
#9260=CARTESIAN_POINT('',(-209.748840320314,72.2627870345227,-4.24188411060143));
#9261=CARTESIAN_POINT('Origin',(-206.920413195568,73.9000701207961,-1.41345698585516));
#9262=CARTESIAN_POINT('Origin',(-210.213306414381,70.3190701207961,-3.77741801653456));
#9263=CARTESIAN_POINT('',(-202.677772508447,73.9000701207961,-11.3129519224674));
#9264=CARTESIAN_POINT('',(-202.677772508447,79.6595349784417,-11.3129519224674));
#9265=CARTESIAN_POINT('',(-208.21330641438,73.9000701207961,-5.77741801653457));
#9266=CARTESIAN_POINT('Origin',(-199.849345383701,79.6595349784417,-8.48452479772113));
#9267=CARTESIAN_POINT('',(-199.849345383701,73.9000701207961,-12.4845247977211));
#9268=CARTESIAN_POINT('',(-199.849345383701,79.6595349784417,-12.4845247977211));
#9269=CARTESIAN_POINT('Origin',(-199.849345383701,73.9000701207961,-8.48452479772113));
#9270=CARTESIAN_POINT('Origin',(-188.920412867741,88.9999998360872,-12.4845247977211));
#9271=CARTESIAN_POINT('',(-195.299413195568,73.9031007145939,-12.4845247977211));
#9272=CARTESIAN_POINT('',(-195.299413195568,81.564462441878,-12.4845247977211));
#9273=CARTESIAN_POINT('',(-170.662560125249,73.9031007145945,-12.4845247977211));
#9274=CARTESIAN_POINT('',(-177.251486496495,73.9031007145943,-12.4845247977211));
#9275=CARTESIAN_POINT('',(-170.66256012525,106.415557097723,-12.4845247977211));
#9276=CARTESIAN_POINT('',(-170.66256012525,96.7820168693188,-12.4845247977211));
#9277=CARTESIAN_POINT('',(-193.299413195567,106.415557097722,-12.4845247977211));
#9278=CARTESIAN_POINT('',(-195.919913031655,106.415557097722,-12.4845247977211));
#9279=CARTESIAN_POINT('',(-195.919913031655,106.415557097722,-12.4845247977211));
#9280=CARTESIAN_POINT('',(-197.920413031654,73.9000701207961,-12.4845247977211));
#9281=CARTESIAN_POINT('Origin',(-195.299413195568,74.1289250476687,-15.7142447282796));
#9282=CARTESIAN_POINT('',(-195.299413195568,73.945275990392,-7.65171687518583));
#9283=CARTESIAN_POINT('Origin',(-195.899413195568,9.55182645816848,8.15939981049902));
#9284=CARTESIAN_POINT('',(-195.299413195568,9.56495656262272,9.66396075596727));
#9285=CARTESIAN_POINT('',(-195.899413195568,10.1649337164612,9.65872483466825));
#9286=CARTESIAN_POINT('Origin',(-195.899413195568,9.56495656262272,9.66396075596727));
#9287=CARTESIAN_POINT('',(-195.899413195568,10.2221448831885,16.2144752022772));
#9288=CARTESIAN_POINT('',(-195.899413195568,10.151803612007,8.1541638892));
#9289=CARTESIAN_POINT('',(-195.299413195568,9.62212203615711,16.2144752022777));
#9290=CARTESIAN_POINT('Origin',(-195.899413195568,9.62212203615711,16.2144752022778));
#9291=CARTESIAN_POINT('',(-195.299413195568,9.55182645816848,8.15939981049902));
#9292=CARTESIAN_POINT('Origin',(-197.299413195568,9.56495656262272,9.66396075596727));
#9293=CARTESIAN_POINT('',(-197.299413195568,9.54750349162597,7.66403690983893));
#9294=CARTESIAN_POINT('',(-197.299413195568,10.1527165667635,8.25877814237841));
#9295=CARTESIAN_POINT('Origin',(-197.299413195568,9.55273941292499,8.26401406367743));
#9296=CARTESIAN_POINT('Origin',(-197.299413195568,10.1649337164612,9.65872483466825));
#9297=CARTESIAN_POINT('Origin',(-197.299413195568,9.56495656262272,9.66396075596727));
#9298=CARTESIAN_POINT('Origin',(-207.872413195568,9.552739412925,8.26401406367743));
#9299=CARTESIAN_POINT('',(-208.920413195568,9.54750349162597,7.66403690983893));
#9300=CARTESIAN_POINT('',(-208.920413195568,10.1527165667635,8.25877814237841));
#9301=CARTESIAN_POINT('Origin',(-208.920413195568,9.552739412925,8.26401406367743));
#9302=CARTESIAN_POINT('',(-207.872413195568,10.1527165667635,8.25877814237841));
#9303=CARTESIAN_POINT('',(-207.872413195568,9.54750349162597,7.66403690983893));
#9304=CARTESIAN_POINT('Origin',(-208.920413195568,9.53005042062923,5.66411306371059));
#9305=CARTESIAN_POINT('',(-210.920413195568,9.53005042062923,5.66411306371059));
#9306=CARTESIAN_POINT('',(-211.520413195568,10.1300275744677,5.65887714241157));
#9307=CARTESIAN_POINT('Origin',(-211.520413195568,9.53005042062923,5.66411306371059));
#9308=CARTESIAN_POINT('Origin',(-208.920413195568,10.1300275744677,5.65887714241157));
#9309=CARTESIAN_POINT('Origin',(-208.920413195568,9.53005042062923,5.66411306371059));
#9310=CARTESIAN_POINT('Origin',(-211.520413195568,9.44993336609561,-3.51639206763512));
#9311=CARTESIAN_POINT('',(-210.920413195568,9.43280109911173,-5.47955541497291));
#9312=CARTESIAN_POINT('',(-211.520413195568,10.0327782529502,-5.48479133627193));
#9313=CARTESIAN_POINT('Origin',(-211.520413195568,9.43280109911173,-5.47955541497291));
#9314=CARTESIAN_POINT('',(-211.520413195568,10.0499105199341,-3.52162798893414));
#9315=CARTESIAN_POINT('',(-210.920413195568,9.44993336609561,-3.51639206763512));
#9316=CARTESIAN_POINT('Origin',(-208.920413195568,9.43280109911173,-5.47955541497291));
#9317=CARTESIAN_POINT('',(-208.920413195568,9.41534802811499,-7.47947926110125));
#9318=CARTESIAN_POINT('',(-208.920413195568,10.0100892606545,-8.08469233623878));
#9319=CARTESIAN_POINT('Origin',(-208.920413195568,9.41011210681597,-8.07945641493976));
#9320=CARTESIAN_POINT('Origin',(-208.920413195568,10.0327782529502,-5.48479133627193));
#9321=CARTESIAN_POINT('Origin',(-208.920413195568,9.43280109911173,-5.47955541497291));
#9322=CARTESIAN_POINT('Origin',(-200.061913195567,9.41011210681596,-8.07945641493976));
#9323=CARTESIAN_POINT('',(-195.299413195567,9.41534802811499,-7.47947926110126));
#9324=CARTESIAN_POINT('',(-195.299413195567,10.0100892606545,-8.08469233623878));
#9325=CARTESIAN_POINT('Origin',(-195.299413195567,9.41011210681596,-8.07945641493976));
#9326=CARTESIAN_POINT('',(-200.061913195567,10.0100892606545,-8.08469233623878));
#9327=CARTESIAN_POINT('',(-200.061913195567,9.41534802811499,-7.47947926110126));
#9328=CARTESIAN_POINT('Origin',(-195.299413195567,9.39789495711824,-9.4794031072296));
#9329=CARTESIAN_POINT('',(-193.299413195567,9.39789495711824,-9.4794031072296));
#9330=CARTESIAN_POINT('',(-193.899413195567,9.99787211095674,-9.48463902852862));
#9331=CARTESIAN_POINT('Origin',(-193.899413195567,9.39789495711824,-9.4794031072296));
#9332=CARTESIAN_POINT('Origin',(-195.299413195567,9.99787211095675,-9.48463902852862));
#9333=CARTESIAN_POINT('Origin',(-195.299413195567,9.39789495711824,-9.4794031072296));
#9334=CARTESIAN_POINT('Origin',(-193.899413195567,9.42660026880502,-6.19010018950014));
#9335=CARTESIAN_POINT('',(-193.899413195567,9.94584160669627,-15.4467442772852));
#9336=CARTESIAN_POINT('',(-193.899413195567,10.0265774226435,-6.19533611079916));
#9337=CARTESIAN_POINT('',(-193.299413195567,9.34062853155879,-16.0414855098246));
#9338=CARTESIAN_POINT('',(-193.299413195567,9.42660026880502,-6.19010018950014));
#9339=CARTESIAN_POINT('Origin',(-193.899413195567,9.34586445285777,-15.4415083559862));
#9340=CARTESIAN_POINT('Origin',(-207.872413195567,9.34586445285777,-15.4415083559862));
#9341=CARTESIAN_POINT('',(-210.920413195568,9.3406285315588,-16.0414855098246));
#9342=CARTESIAN_POINT('',(-207.872413195567,9.34062853155879,-16.0414855098247));
#9343=CARTESIAN_POINT('',(-210.920413195568,9.47803384978173,-16.0267700500315));
#9344=CARTESIAN_POINT('Origin',(-210.920413195568,9.34586445285777,-15.4415083559862));
#9345=CARTESIAN_POINT('',(-214.333499223704,9.47803384978134,-16.0267700500316));
#9346=CARTESIAN_POINT('',(-207.872413195567,9.47803384978207,-16.0267700500314));
#9347=CARTESIAN_POINT('',(-213.749413195565,9.94584160669627,-15.4467442772852));
#9348=CARTESIAN_POINT('Origin',(-213.749413195565,9.34586445285777,-15.4415083559862));
#9349=CARTESIAN_POINT('',(-207.872413195567,9.94584160669627,-15.4467442772852));
#9350=CARTESIAN_POINT('Origin',(-204.824413195568,10.0814623408254,0.0938525761228068));
#9351=CARTESIAN_POINT('',(-213.749413195565,10.2221448831885,16.2144752022772));
#9352=CARTESIAN_POINT('',(-213.749413195565,10.1389871829728,6.68554658669473));
#9353=CARTESIAN_POINT('',(-202.919413195568,10.2221448831885,16.2144752022772));
#9354=CARTESIAN_POINT('',(-202.75,9.99119290694651,-10.25));
#9355=CARTESIAN_POINT('Origin',(-204.5,9.99119290694651,-10.25));
#9356=CARTESIAN_POINT('',(-202.75,10.170093696657,10.25));
#9357=CARTESIAN_POINT('Origin',(-204.5,10.170093696657,10.25));
#9358=CARTESIAN_POINT('Origin',(-213.749413195565,9.5390100291343,6.69078250799376));
#9359=CARTESIAN_POINT('Origin',(-213.749413195565,9.34075695143084,-16.0267700500315));
#9360=CARTESIAN_POINT('Origin',(-213.749413195565,9.62212203615711,16.2144752022778));
#9361=CARTESIAN_POINT('Origin',(-214.349413195567,-29.6809298792039,-16.0267700500316));
#9362=CARTESIAN_POINT('',(-210.920413195568,7.65440385782767,-16.0267700500315));
#9363=CARTESIAN_POINT('',(-210.920413195568,-11.6325509865792,-16.0267700500315));
#9364=CARTESIAN_POINT('',(-210.920413195567,6.3846443917226,-16.0267700500315));
#9365=CARTESIAN_POINT('',(-210.920413195568,-11.6325509865792,-16.0267700500315));
#9366=CARTESIAN_POINT('',(-170.66256012525,6.38464439172319,-16.0267700500304));
#9367=CARTESIAN_POINT('',(-192.505986660409,6.38464439172254,-16.026770050031));
#9368=CARTESIAN_POINT('',(-170.662560125249,-26.1278119914049,-16.0267700500304));
#9369=CARTESIAN_POINT('',(-170.662560125249,-27.9029975799958,-16.0267700500304));
#9370=CARTESIAN_POINT('',(-195.299413195568,-26.1278119914054,-16.0267700500311));
#9371=CARTESIAN_POINT('',(-204.824413195568,-26.1278119914059,-16.0267700500313));
#9372=CARTESIAN_POINT('',(-195.299413195568,-29.0809298792039,-16.0267700500311));
#9373=CARTESIAN_POINT('',(-195.299413195568,-29.6809298792048,-16.0267700500311));
#9374=CARTESIAN_POINT('',(-139.349413195567,-29.0809298792039,-16.0267700500296));
#9375=CARTESIAN_POINT('Origin',(-208.25,-29.0809298792039,10.25));
#9376=CARTESIAN_POINT('',(-206.660814042205,-29.617629918496,8.90530307655758));
#9377=CARTESIAN_POINT('Ctrl Pts',(-206.660814042205,-29.617629918496,8.90530307655761));
#9378=CARTESIAN_POINT('Ctrl Pts',(-206.48379937556,-29.6230599521609,9.0976824575082));
#9379=CARTESIAN_POINT('Ctrl Pts',(-206.350457280062,-29.6432050200808,9.26036720682418));
#9380=CARTESIAN_POINT('Ctrl Pts',(-206.142084561762,-29.6691410580575,9.52502521191907));
#9381=CARTESIAN_POINT('Ctrl Pts',(-206.042317112229,-29.6807145701127,9.65942936636992));
#9382=CARTESIAN_POINT('Ctrl Pts',(-205.945415077456,-29.6809288972657,9.79667325132841));
#9383=CARTESIAN_POINT('Ctrl Pts',(-205.944531440901,-29.6809298792039,9.79792534086205));
#9384=CARTESIAN_POINT('Ctrl Pts',(-205.943648079151,-29.6809298792039,9.79917762123584));
#9385=CARTESIAN_POINT('',(-208.25,-29.0809298792039,8.5));
#9386=CARTESIAN_POINT('Origin',(-208.25,-29.0809298792039,7.9));
#9387=CARTESIAN_POINT('',(-210.,-29.0809298792039,10.25));
#9388=CARTESIAN_POINT('Origin',(-208.25,-29.0809298792039,10.25));
#9389=CARTESIAN_POINT('Origin',(-208.25,-29.0809298792039,10.25));
#9390=CARTESIAN_POINT('Ctrl Pts',(-208.035672670937,-29.6809298792039,7.90979406974171));
#9391=CARTESIAN_POINT('Ctrl Pts',(-208.033423551875,-29.6809298792039,7.91084841984836));
#9392=CARTESIAN_POINT('Ctrl Pts',(-208.031175215589,-29.6809280948683,7.91190444820453));
#9393=CARTESIAN_POINT('Ctrl Pts',(-207.86444841769,-29.6806649976016,7.99036691274684));
#9394=CARTESIAN_POINT('Ctrl Pts',(-207.704035530581,-29.6711118426224,8.07685542003147));
#9395=CARTESIAN_POINT('Ctrl Pts',(-207.334308562002,-29.6440470142841,8.30631452044536));
#9396=CARTESIAN_POINT('Ctrl Pts',(-207.129338510768,-29.6253078784778,8.45870094710983));
#9397=CARTESIAN_POINT('Ctrl Pts',(-206.840557825296,-29.6152751163266,8.71881720220306));
#9398=CARTESIAN_POINT('Ctrl Pts',(-206.748476896469,-29.6149408065776,8.81003116516609));
#9399=CARTESIAN_POINT('Ctrl Pts',(-206.660814042205,-29.617629918496,8.90530307655761));
#9400=CARTESIAN_POINT('Origin',(-203.597797659705,-29.0809298792039,5.84228669405739));
#9401=CARTESIAN_POINT('',(-206.426224784451,-29.0809298792039,8.67071381880357));
#9402=CARTESIAN_POINT('Origin',(-206.850488853163,-29.0809298792039,9.09497788751551));
#9403=CARTESIAN_POINT('',(-203.597797659705,-29.0809298792039,9.84228669405739));
#9404=CARTESIAN_POINT('Origin',(-203.597797659705,-29.0809298792039,5.84228669405739));
#9405=CARTESIAN_POINT('Origin',(-203.597797659705,-29.0809298792039,10.4422866940574));
#9406=CARTESIAN_POINT('Origin',(-176.833427130024,-29.0809298792039,39.1120396106548));
#9407=CARTESIAN_POINT('',(-209.748840320314,-29.0809298792039,5.34809828294099));
#9408=CARTESIAN_POINT('Origin',(-210.173104389026,-29.0809298792039,5.77236235165292));
#9409=CARTESIAN_POINT('',(-176.409163061312,-29.0809298792039,38.6877755419428));
#9410=CARTESIAN_POINT('Origin',(-208.25,-29.6809298792039,10.25));
#9411=CARTESIAN_POINT('',(-210.,-27.1809298792039,10.25));
#9412=CARTESIAN_POINT('',(-210.,-29.6809298792039,10.25));
#9413=CARTESIAN_POINT('Origin',(-208.25,-27.1809298792039,10.25));
#9414=CARTESIAN_POINT('Origin',(-126.634913031654,-29.0809298792039,-13.0845247977211));
#9415=CARTESIAN_POINT('',(-195.299413195568,-29.0809298792039,-12.4845247977211));
#9416=CARTESIAN_POINT('',(-199.849345383701,-29.0809298792039,-12.4845247977211));
#9417=CARTESIAN_POINT('',(-126.634913031654,-29.0809298792039,-12.4845247977211));
#9418=CARTESIAN_POINT('Origin',(-199.849345383701,-29.0809298792039,-13.0845247977211));
#9419=CARTESIAN_POINT('Origin',(-195.899413195568,-29.0809298792039,-13.0845247977211));
#9420=CARTESIAN_POINT('Origin',(-199.849345383701,-29.0809298792039,-8.48452479772113));
#9421=CARTESIAN_POINT('',(-202.677772508447,-29.0809298792039,-11.3129519224674));
#9422=CARTESIAN_POINT('Origin',(-203.102036577159,-29.0809298792039,-11.7372159911793));
#9423=CARTESIAN_POINT('Origin',(-199.849345383701,-29.0809298792039,-8.48452479772113));
#9424=CARTESIAN_POINT('Origin',(-171.195702525513,-29.0809298792039,-43.6435500428237));
#9425=CARTESIAN_POINT('',(-209.748840320314,-29.0809298792039,-4.24188411060143));
#9426=CARTESIAN_POINT('Origin',(-210.173104389026,-29.0809298792039,-4.66614817931337));
#9427=CARTESIAN_POINT('',(-170.771438456801,-29.0809298792039,-43.2192859741118));
#9428=CARTESIAN_POINT('Origin',(-206.920413195568,-29.0809298792039,-1.41345698585516));
#9429=CARTESIAN_POINT('',(-210.920413195568,-29.0809298792039,-1.41345698585516));
#9430=CARTESIAN_POINT('Origin',(-211.520413195568,-29.0809298792039,-1.41345698585516));
#9431=CARTESIAN_POINT('Origin',(-206.920413195568,-29.0809298792039,-1.41345698585516));
#9432=CARTESIAN_POINT('Origin',(-211.520413195568,-29.0809298792039,-11.252789930135));
#9433=CARTESIAN_POINT('',(-210.920413195568,-29.0809298792039,2.51967115819481));
#9434=CARTESIAN_POINT('Origin',(-211.520413195568,-29.0809298792039,2.51967115819481));
#9435=CARTESIAN_POINT('',(-210.920413195568,-29.0809298792039,-11.252789930135));
#9436=CARTESIAN_POINT('Origin',(-206.920413195568,-29.0809298792039,2.51967115819481));
#9437=CARTESIAN_POINT('Origin',(-206.920413195568,-29.0809298792039,2.51967115819481));
#9438=CARTESIAN_POINT('Origin',(-129.824413195568,-29.0809298792039,10.4422866940574));
#9439=CARTESIAN_POINT('',(-199.299413195568,-29.0809298792039,9.84228669405739));
#9440=CARTESIAN_POINT('Origin',(-199.299413195568,-29.0809298792039,10.4422866940574));
#9441=CARTESIAN_POINT('',(-129.824413195568,-29.0809298792039,9.84228669405739));
#9442=CARTESIAN_POINT('Origin',(-199.299413195568,-29.0809298792039,13.8422866940574));
#9443=CARTESIAN_POINT('',(-195.299413195568,-29.0809298792039,13.8422866940574));
#9444=CARTESIAN_POINT('Origin',(-195.899413195568,-29.0809298792039,13.8422866940574));
#9445=CARTESIAN_POINT('Origin',(-199.299413195568,-29.0809298792039,13.8422866940574));
#9446=CARTESIAN_POINT('Origin',(-195.899413195568,-29.0809298792039,-15.6976206781552));
#9447=CARTESIAN_POINT('',(-195.299413195568,-29.0809298792039,16.2144752022777));
#9448=CARTESIAN_POINT('Origin',(-195.899413195568,-29.0809298792039,16.2144752022778));
#9449=CARTESIAN_POINT('',(-195.299413195568,-29.0809298792039,-15.6976206781552));
#9450=CARTESIAN_POINT('Origin',(-195.899413195568,-29.0809298792039,-15.6976206781552));
#9451=CARTESIAN_POINT('',(-195.299413195568,-29.0809298792039,-15.6976206781552));
#9452=CARTESIAN_POINT('Origin',(-195.899413195568,-29.0809298792039,-15.4267700500311));
#9453=CARTESIAN_POINT('Origin',(-139.349413195567,-29.0809298792039,-15.4267700500296));
#9454=CARTESIAN_POINT('Origin',(-213.749413195564,-29.0809298792039,-15.4267700500315));
#9455=CARTESIAN_POINT('Origin',(-213.749413195564,-29.0809298792039,-1.61458202513743));
#9456=CARTESIAN_POINT('Origin',(-195.299413195568,-25.8710749523313,-15.7142447282796));
#9457=CARTESIAN_POINT('',(-195.299413195568,-25.8671486821651,13.8422866940574));
#9458=CARTESIAN_POINT('',(-195.299413195568,-27.7760024157676,13.8422866940574));
#9459=CARTESIAN_POINT('',(-195.299413195568,-25.8464469066792,16.2144752022777));
#9460=CARTESIAN_POINT('',(-195.299413195568,-25.9528309175351,4.02407500294831));
#9461=CARTESIAN_POINT('',(-195.299413195568,-27.5334267813316,16.2144752022777));
#9462=CARTESIAN_POINT('Origin',(-199.299413195568,-27.7760024157676,13.8422866940574));
#9463=CARTESIAN_POINT('',(-199.299413195568,-26.0999298792039,9.84228669405739));
#9464=CARTESIAN_POINT('',(-199.299413195568,-27.7760024157676,9.84228669405739));
#9465=CARTESIAN_POINT('',(-195.394497724974,-26.0999298792039,12.9753177398749));
#9466=CARTESIAN_POINT('Origin',(-199.299413195568,-26.0999298792039,13.8422866940574));
#9467=CARTESIAN_POINT('',(-195.39493457395,-25.8747317562953,12.9733524656296));
#9468=CARTESIAN_POINT('Ctrl Pts',(-195.394497724974,-26.0999298792039,12.9753177398749));
#9469=CARTESIAN_POINT('Ctrl Pts',(-195.394715902176,-25.9873245190811,12.9743350477846));
#9470=CARTESIAN_POINT('Ctrl Pts',(-195.39493457395,-25.8747317562953,12.9733524656296));
#9471=CARTESIAN_POINT('Origin',(-199.299413195568,-25.867148682165,13.8422866940574));
#9472=CARTESIAN_POINT('Origin',(-195.299413195568,-29.6809298792039,9.84228669405739));
#9473=CARTESIAN_POINT('',(-203.597797659705,-26.0999298792039,9.84228669405739));
#9474=CARTESIAN_POINT('',(-203.597797659705,-29.6809298792039,9.84228669405739));
#9475=CARTESIAN_POINT('',(-205.254651909197,-26.0999298792039,9.84228669405739));
#9476=CARTESIAN_POINT('Origin',(-203.597797659705,-29.6809298792039,5.84228669405739));
#9477=CARTESIAN_POINT('',(-206.426224784451,-26.0999298792039,8.67071381880357));
#9478=CARTESIAN_POINT('',(-206.426224784451,-29.6809298792039,8.67071381880357));
#9479=CARTESIAN_POINT('Origin',(-203.597797659705,-26.0999298792039,5.84228669405739));
#9480=CARTESIAN_POINT('Origin',(-205.254651909197,-29.6809298792039,9.84228669405739));
#9481=CARTESIAN_POINT('',(-209.748840320314,-26.0999298792039,5.34809828294098));
#9482=CARTESIAN_POINT('',(-209.748840320314,-27.7372129654773,5.34809828294099));
#9483=CARTESIAN_POINT('',(-205.254651909197,-26.0999298792039,9.84228669405739));
#9484=CARTESIAN_POINT('Origin',(-206.920413195568,-27.7372129654773,2.51967115819481));
#9485=CARTESIAN_POINT('',(-210.920413195568,-26.0999298792039,2.51967115819481));
#9486=CARTESIAN_POINT('',(-210.920413195568,-27.7372129654773,2.51967115819481));
#9487=CARTESIAN_POINT('Origin',(-206.920413195568,-26.0999298792039,2.51967115819481));
#9488=CARTESIAN_POINT('Origin',(-210.920413195568,-25.7934960517507,-6.82458323223912));
#9489=CARTESIAN_POINT('',(-210.920413195568,6.57416297605154,5.68990870264378));
#9490=CARTESIAN_POINT('',(-210.920413195568,-7.77589980092904,5.81513980328755));
#9491=CARTESIAN_POINT('',(-210.920413195567,6.63524872454015,12.689642164093));
#9492=CARTESIAN_POINT('',(-210.920413195568,6.53796324321042,1.54183018133684));
#9493=CARTESIAN_POINT('',(-210.920413195568,-26.0999298792039,12.9753177398749));
#9494=CARTESIAN_POINT('',(-210.920413195568,-17.753586394298,12.9024803037458));
#9495=CARTESIAN_POINT('',(-210.920413195568,-26.0999298792039,0.883481899160626));
#9496=CARTESIAN_POINT('',(-210.920413195568,-26.0999298792039,-1.41345698585516));
#9497=CARTESIAN_POINT('',(-210.920413195568,-27.7372129654773,-1.41345698585516));
#9498=CARTESIAN_POINT('',(-210.920413195567,-26.0999298792039,-12.4845247977211));
#9499=CARTESIAN_POINT('',(-210.920413195568,-26.0999298792039,-7.65455401498013));
#9500=CARTESIAN_POINT('',(-210.920413195567,6.41555709772195,-12.4845247977211));
#9501=CARTESIAN_POINT('',(-210.920413195567,-32.0000004768372,-12.4845247977211));
#9502=CARTESIAN_POINT('',(-210.920413195568,6.47691365453404,-5.45375977603972));
#9503=CARTESIAN_POINT('',(-210.920413195568,6.43916100333603,-9.7797851156239));
#9504=CARTESIAN_POINT('',(-210.920413195568,-7.87314912244654,-5.32852867539595));
#9505=CARTESIAN_POINT('Origin',(-206.920413195568,-27.7372129654773,-1.41345698585516));
#9506=CARTESIAN_POINT('',(-209.748840320314,-26.0999298792039,-4.24188411060143));
#9507=CARTESIAN_POINT('',(-209.748840320314,-27.7372129654773,-4.24188411060143));
#9508=CARTESIAN_POINT('Origin',(-206.920413195568,-26.0999298792039,-1.41345698585516));
#9509=CARTESIAN_POINT('Origin',(-210.213306414381,-29.6809298792039,-3.77741801653456));
#9510=CARTESIAN_POINT('',(-202.677772508447,-26.0999298792039,-11.3129519224674));
#9511=CARTESIAN_POINT('',(-202.677772508447,-20.3404650215583,-11.3129519224674));
#9512=CARTESIAN_POINT('',(-208.21330641438,-26.0999298792039,-5.77741801653457));
#9513=CARTESIAN_POINT('Origin',(-199.849345383701,-20.3404650215583,-8.48452479772113));
#9514=CARTESIAN_POINT('',(-199.849345383701,-26.0999298792039,-12.4845247977211));
#9515=CARTESIAN_POINT('',(-199.849345383701,-20.3404650215583,-12.4845247977211));
#9516=CARTESIAN_POINT('Origin',(-199.849345383701,-26.0999298792039,-8.48452479772113));
#9517=CARTESIAN_POINT('Origin',(-188.920412867741,-11.0000001639128,-12.4845247977211));
#9518=CARTESIAN_POINT('',(-195.299413195568,-26.0968992854061,-12.4845247977211));
#9519=CARTESIAN_POINT('',(-195.299413195568,-18.435537558122,-12.4845247977211));
#9520=CARTESIAN_POINT('',(-170.662560125249,-26.0968992854055,-12.4845247977211));
#9521=CARTESIAN_POINT('',(-177.251486496495,-26.0968992854057,-12.4845247977211));
#9522=CARTESIAN_POINT('',(-170.66256012525,6.41555709772252,-12.4845247977211));
#9523=CARTESIAN_POINT('',(-170.66256012525,-3.21798313068119,-12.4845247977211));
#9524=CARTESIAN_POINT('',(-193.299413195567,6.41555709772195,-12.4845247977211));
#9525=CARTESIAN_POINT('',(-195.919913031655,6.41555709772215,-12.4845247977211));
#9526=CARTESIAN_POINT('',(-195.919913031655,6.41555709772215,-12.4845247977211));
#9527=CARTESIAN_POINT('',(-197.920413031654,-26.0999298792039,-12.4845247977211));
#9528=CARTESIAN_POINT('Origin',(-195.299413195568,-25.8710749523313,-15.7142447282796));
#9529=CARTESIAN_POINT('',(-195.299413195568,-26.054724009608,-7.65171687518583));
#9530=CARTESIAN_POINT('Origin',(-114.965986660408,40.2706075019049,16.2144752022778));
#9531=CARTESIAN_POINT('',(-15.5825601252499,106.66600947645,16.2144752022785));
#9532=CARTESIAN_POINT('',(-39.9659866604092,106.666009476449,16.2144752022778));
#9533=CARTESIAN_POINT('',(-15.5825601252494,110.222144883189,16.2144752022778));
#9534=CARTESIAN_POINT('',(-15.5825601252494,110.222144883189,16.2144752022778));
#9535=CARTESIAN_POINT('',(-15.5825601252494,-29.6809298793788,16.2144752022778));
#9536=CARTESIAN_POINT('Origin',(-114.965986660408,40.2706075019049,16.2144752022778));
#9537=CARTESIAN_POINT('',(-15.5825601252489,-25.8464469066784,16.2144752022785));
#9538=CARTESIAN_POINT('',(-64.3494131955671,-25.8464469066795,16.2144752022772));
#9539=CARTESIAN_POINT('',(-15.5825601252494,-29.6809298793788,16.2144752022778));
#9540=CARTESIAN_POINT('Origin',(-15.5825601252494,110.222144883189,16.2144752022778));
#9541=CARTESIAN_POINT('',(-15.5825601252494,110.222144883189,16.2144752022778));
#9542=CARTESIAN_POINT('',(-52.9194131955676,110.222144883189,16.2144752022772));
#9543=CARTESIAN_POINT('Origin',(-114.965986660408,40.2706075019049,16.2144752022778));
#9544=CARTESIAN_POINT('',(-15.5825601252489,74.1535530933216,16.2144752022785));
#9545=CARTESIAN_POINT('',(-64.3494131955671,74.1535530933205,16.2144752022772));
#9546=CARTESIAN_POINT('',(-15.5825601252499,6.6660094764496,16.2144752022785));
#9547=CARTESIAN_POINT('',(-15.5825601252494,-29.6809298793788,16.2144752022778));
#9548=CARTESIAN_POINT('',(-45.2994131955676,6.66600947644887,16.2144752022777));
#9549=CARTESIAN_POINT('',(-39.9659866604092,6.66600947644886,16.2144752022778));
#9550=CARTESIAN_POINT('',(-45.2994131955676,-11.4936374190818,16.2144752022777));
#9551=CARTESIAN_POINT('',(-165.582560125249,-25.8464469066784,16.2144752022785));
#9552=CARTESIAN_POINT('',(-214.349413195567,-25.8464469066795,16.2144752022772));
#9553=CARTESIAN_POINT('',(-165.58256012525,6.6660094764496,16.2144752022785));
#9554=CARTESIAN_POINT('',(-165.582560125249,-26.7238913629439,16.2144752022785));
#9555=CARTESIAN_POINT('',(-195.299413195568,6.66600947644887,16.2144752022777));
#9556=CARTESIAN_POINT('',(-189.965986660409,6.66600947644886,16.2144752022778));
#9557=CARTESIAN_POINT('',(-195.299413195568,-11.4936374190818,16.2144752022777));
#9558=CARTESIAN_POINT('',(-165.582560125249,74.1535530933216,16.2144752022785));
#9559=CARTESIAN_POINT('',(-214.349413195567,74.1535530933205,16.2144752022772));
#9560=CARTESIAN_POINT('',(-165.58256012525,106.66600947645,16.2144752022785));
#9561=CARTESIAN_POINT('',(-165.582560125249,73.2761086370561,16.2144752022785));
#9562=CARTESIAN_POINT('',(-195.299413195568,106.666009476449,16.2144752022777));
#9563=CARTESIAN_POINT('',(-189.965986660409,106.666009476449,16.2144752022778));
#9564=CARTESIAN_POINT('',(-195.299413195568,88.5063625809182,16.2144752022777));
#9565=CARTESIAN_POINT('Origin',(-210.920413195567,9.94060568539726,-16.0467214311237));
#9566=CARTESIAN_POINT('',(-193.299413195567,6.38474108698105,-16.0156898708914));
#9567=CARTESIAN_POINT('',(-193.299413195567,9.94060568539725,-16.0467214311237));
#9568=CARTESIAN_POINT('',(-210.920413195567,6.38474108698106,-16.0156898708914));
#9569=CARTESIAN_POINT('',(-206.919913195567,6.38474108698094,-16.0156898708917));
#9570=CARTESIAN_POINT('',(-210.920413195568,-7.96532168999917,-15.8904587702492));
#9571=CARTESIAN_POINT('',(-210.920413195568,-7.96532168999953,-15.8904587702477));
#9572=CARTESIAN_POINT('Origin',(-210.920413195568,-25.7934960517507,-6.82458323223912));
#9573=CARTESIAN_POINT('',(-210.920413195567,6.41582790604544,-12.4534932374889));
#9574=CARTESIAN_POINT('Origin',(-202.919413195568,6.41816330029489,-12.1858835629249));
#9575=CARTESIAN_POINT('',(-193.299413195567,6.41699560317044,-12.3196884002069));
#9576=CARTESIAN_POINT('',(-170.66256012525,6.38491520004667,-15.9957384897994));
#9577=CARTESIAN_POINT('Origin',(-210.920413195568,6.41582790604544,-12.4534932374889));
#9578=CARTESIAN_POINT('Origin',(-195.299413195567,9.99787211095675,-9.48463902852862));
#9579=CARTESIAN_POINT('',(-195.299413195567,6.4594605835373,-7.45368362216807));
#9580=CARTESIAN_POINT('',(-195.299413195567,10.0153251819535,-7.48471518240028));
#9581=CARTESIAN_POINT('',(-193.299413195567,6.44200751254055,-9.45360746829641));
#9582=CARTESIAN_POINT('Origin',(-195.299413195567,6.44200751254055,-9.45360746829641));
#9583=CARTESIAN_POINT('',(-193.299413195567,9.99787211095675,-9.48463902852862));
#9584=CARTESIAN_POINT('Origin',(-193.299413195567,9.97169250446163,-12.4845247977211));
#9585=CARTESIAN_POINT('',(-193.299413195567,6.41582790604544,-12.4534932374889));
#9586=CARTESIAN_POINT('Origin',(-195.299413195567,10.0153251819535,-7.48471518240028));
#9587=CARTESIAN_POINT('',(-208.920413195568,6.4594605835373,-7.45368362216807));
#9588=CARTESIAN_POINT('',(-208.920413195568,-7.89060219344328,-7.3284525215243));
#9589=CARTESIAN_POINT('',(-195.299413195567,6.4594605835373,-7.45368362216807));
#9590=CARTESIAN_POINT('Origin',(-197.299413195568,8.26000625302397,9.67534888479265));
#9591=CARTESIAN_POINT('',(-195.299413195568,6.60906911804503,9.68975639490046));
#9592=CARTESIAN_POINT('',(-195.299413195568,8.26000625302397,9.67534888479265));
#9593=CARTESIAN_POINT('',(-197.299413195568,6.59161604704829,7.68983254877212));
#9594=CARTESIAN_POINT('Origin',(-197.299413195568,6.60906911804503,9.68975639490046));
#9595=CARTESIAN_POINT('',(-197.299413195568,8.24255318202723,7.67542503866431));
#9596=CARTESIAN_POINT('Origin',(-210.920413195567,10.1474806454645,7.65880098853991));
#9597=CARTESIAN_POINT('',(-208.920413195568,6.59161604704829,7.68983254877212));
#9598=CARTESIAN_POINT('',(-210.920413195567,6.59161604704829,7.68983254877212));
#9599=CARTESIAN_POINT('',(-208.920413195568,-7.7584467299323,7.81506364941589));
#9600=CARTESIAN_POINT('Origin',(-208.920413195568,-7.77589980092904,5.81513980328755));
#9601=CARTESIAN_POINT('Origin',(-208.920413195568,6.57416297605154,5.68990870264378));
#9602=CARTESIAN_POINT('Origin',(-208.920413195568,-7.87314912244654,-5.32852867539595));
#9603=CARTESIAN_POINT('Origin',(-208.920413195568,6.47691365453404,-5.45375977603972));
#9604=CARTESIAN_POINT('Origin',(-203.109913195567,6.43764424479137,-9.95358842982849));
#9605=CARTESIAN_POINT('',(-203.5,6.43505750020683,-10.25));
#9606=CARTESIAN_POINT('Origin',(-204.5,6.43505750020683,-10.25));
#9607=CARTESIAN_POINT('Origin',(-189.965986660408,-9.63244103230059,12.8316081418621));
#9608=CARTESIAN_POINT('',(-165.582560125249,-25.8747317562948,12.9733524656295));
#9609=CARTESIAN_POINT('',(-202.157699927987,-25.8747317562959,12.9733524656295));
#9610=CARTESIAN_POINT('',(-196.537949927988,-26.0999298792039,12.9753177398749));
#9611=CARTESIAN_POINT('',(-195.299413195568,6.63524872454014,12.689642164093));
#9612=CARTESIAN_POINT('',(-196.537949927988,6.63524872454015,12.689642164093));
#9613=CARTESIAN_POINT('',(-165.58256012525,6.63524872454086,12.6896421640932));
#9614=CARTESIAN_POINT('',(-177.774273392829,6.6352487245405,12.689642164093));
#9615=CARTESIAN_POINT('',(-165.58256012525,4.78111932679528,12.7058229062143));
#9616=CARTESIAN_POINT('Origin',(-203.109913195568,-26.0999298792039,8.59154703056037));
#9617=CARTESIAN_POINT('',(-209.250000000002,-26.099929879204,10.25));
#9618=CARTESIAN_POINT('Origin',(-208.25,-26.0999298792039,10.25));
#9619=CARTESIAN_POINT('Origin',(-208.25,-27.1809298792039,10.25));
#9620=CARTESIAN_POINT('',(-209.250000000002,-27.1809298792039,10.25));
#9621=CARTESIAN_POINT('Origin',(-208.25,-27.1809298792039,10.25));
#9622=CARTESIAN_POINT('Origin',(-208.25,-27.1809298792039,-10.25));
#9623=CARTESIAN_POINT('',(-209.250000000002,-27.1809298792039,-10.25));
#9624=CARTESIAN_POINT('Origin',(-208.25,-27.1809298792039,-10.25));
#9625=CARTESIAN_POINT('Origin',(-208.25,-25.6000000000003,10.25));
#9626=CARTESIAN_POINT('',(-209.250000000002,-25.6000000000003,10.25));
#9627=CARTESIAN_POINT('Origin',(-208.25,-25.6000000000003,-10.25));
#9628=CARTESIAN_POINT('',(-209.250000000002,-26.0999298792039,-10.25));
#9629=CARTESIAN_POINT('Origin',(-208.25,-26.0999298792039,-10.25));
#9630=CARTESIAN_POINT('',(-209.250000000002,-25.6000000000003,-10.25));
#9631=CARTESIAN_POINT('Origin',(-204.5,10.170093696657,10.25));
#9632=CARTESIAN_POINT('',(-202.75,7.6701888889966,10.2718163387459));
#9633=CARTESIAN_POINT('',(-202.75,10.170093696657,10.25));
#9634=CARTESIAN_POINT('Origin',(-204.5,7.6701888889966,10.2718163387459));
#9635=CARTESIAN_POINT('Origin',(-204.5,7.6701888889966,10.2718163387459));
#9636=CARTESIAN_POINT('',(-203.5,7.66999850069269,10.25));
#9637=CARTESIAN_POINT('Origin',(-204.5,7.66999850069269,10.25));
#9638=CARTESIAN_POINT('Origin',(-204.5,9.99119290694651,-10.25));
#9639=CARTESIAN_POINT('',(-202.75,7.49128809928609,-10.2281836612541));
#9640=CARTESIAN_POINT('',(-202.75,9.99119290694651,-10.25));
#9641=CARTESIAN_POINT('Origin',(-204.5,7.49128809928609,-10.2281836612541));
#9642=CARTESIAN_POINT('Origin',(-204.5,7.49128809928609,-10.2281836612541));
#9643=CARTESIAN_POINT('',(-203.5,7.49109771098217,-10.25));
#9644=CARTESIAN_POINT('Origin',(-204.5,7.49109771098217,-10.25));
#9645=CARTESIAN_POINT('Origin',(-204.5,6.39999999999959,-10.25));
#9646=CARTESIAN_POINT('',(-203.5,6.3999999999996,-10.25));
#9647=CARTESIAN_POINT('Origin',(-204.5,6.39999999999959,10.25));
#9648=CARTESIAN_POINT('',(-203.5,6.61395828991735,10.25));
#9649=CARTESIAN_POINT('Origin',(-204.5,6.61395828991735,10.25));
#9650=CARTESIAN_POINT('',(-203.5,6.3999999999996,10.25));
#9651=CARTESIAN_POINT('Origin',(-203.109913195567,6.61343238579422,10.1897373564325));
#9652=CARTESIAN_POINT('',(-195.299413195568,6.59161604704829,7.68983254877212));
#9653=CARTESIAN_POINT('Origin',(-206.920413195567,-26.0999298792039,-8.48452479772113));
#9654=CARTESIAN_POINT('Origin',(-170.66256012525,4.56403390254988,-12.1697028208038));
#9655=CARTESIAN_POINT('',(-170.662560125249,-26.0918171805402,-11.9021732613885));
#9656=CARTESIAN_POINT('Origin',(-195.299413195568,6.41228995631405,16.247723302526));
#9657=CARTESIAN_POINT('',(-195.299413195568,6.59593901359079,8.18519544943221));
#9658=CARTESIAN_POINT('Origin',(-214.349413195567,-25.8769482963124,12.7193621371712));
#9659=CARTESIAN_POINT('',(-165.582560125249,-25.8769482963114,12.7193621371712));
#9660=CARTESIAN_POINT('Origin',(-165.582560125249,-26.09181718054,-11.9021732613885));
#9661=CARTESIAN_POINT('Origin',(-165.582560125249,-24.0482179314116,12.7034030490518));
#9662=CARTESIAN_POINT('',(-165.58256012525,6.63303218452428,12.4356518356349));
#9663=CARTESIAN_POINT('Origin',(-165.58256012525,6.63303218452428,12.4356518356349));
#9664=CARTESIAN_POINT('Origin',(-60.9204131955676,74.2065039482493,-6.82458323223912));
#9665=CARTESIAN_POINT('',(-60.9204131955667,106.415827906045,-12.4534932374889));
#9666=CARTESIAN_POINT('Origin',(-52.9194131955676,106.418163300295,-12.1858835629249));
#9667=CARTESIAN_POINT('',(-20.6625601252498,106.384915200047,-15.9957384897994));
#9668=CARTESIAN_POINT('Origin',(-60.9204131955676,106.415827906045,-12.4534932374889));
#9669=CARTESIAN_POINT('Origin',(-53.1099131955669,106.437644244791,-9.95358842982849));
#9670=CARTESIAN_POINT('',(-53.5000000000004,106.435057500207,-10.25));
#9671=CARTESIAN_POINT('Origin',(-54.5000000000004,106.435057500207,-10.25));
#9672=CARTESIAN_POINT('Origin',(-39.9659866604083,90.3675589676994,12.8316081418621));
#9673=CARTESIAN_POINT('',(-15.5825601252489,74.1252682437052,12.9733524656295));
#9674=CARTESIAN_POINT('',(-52.1576999279873,74.1252682437041,12.9733524656295));
#9675=CARTESIAN_POINT('',(-46.5379499279883,73.9000701207961,12.9753177398749));
#9676=CARTESIAN_POINT('',(-46.5379499279879,106.63524872454,12.689642164093));
#9677=CARTESIAN_POINT('',(-15.5825601252499,106.635248724541,12.6896421640932));
#9678=CARTESIAN_POINT('',(-27.7742733928293,106.63524872454,12.689642164093));
#9679=CARTESIAN_POINT('',(-15.5825601252498,104.781119326795,12.7058229062143));
#9680=CARTESIAN_POINT('Origin',(-53.1099131955683,73.9000701207961,8.59154703056037));
#9681=CARTESIAN_POINT('',(-59.2500000000019,73.900070120796,10.25));
#9682=CARTESIAN_POINT('Origin',(-58.2499999999999,73.9000701207961,10.25));
#9683=CARTESIAN_POINT('Origin',(-58.2499999999999,72.8190701207961,10.25));
#9684=CARTESIAN_POINT('',(-59.2500000000019,72.8190701207961,10.25));
#9685=CARTESIAN_POINT('Origin',(-58.2499999999999,72.8190701207961,10.25));
#9686=CARTESIAN_POINT('Origin',(-58.2499999999999,72.8190701207961,-10.25));
#9687=CARTESIAN_POINT('',(-59.2500000000019,72.8190701207961,-10.25));
#9688=CARTESIAN_POINT('Origin',(-58.2499999999999,72.8190701207961,-10.25));
#9689=CARTESIAN_POINT('Origin',(-58.2499999999999,74.3999999999997,10.25));
#9690=CARTESIAN_POINT('',(-59.2500000000019,74.3999999999997,10.25));
#9691=CARTESIAN_POINT('Origin',(-58.2499999999999,74.3999999999997,-10.25));
#9692=CARTESIAN_POINT('',(-59.2500000000019,73.9000701207961,-10.25));
#9693=CARTESIAN_POINT('Origin',(-58.2499999999999,73.9000701207961,-10.25));
#9694=CARTESIAN_POINT('',(-59.2500000000019,74.3999999999997,-10.25));
#9695=CARTESIAN_POINT('Origin',(-54.5000000000004,107.670188888997,10.2718163387459));
#9696=CARTESIAN_POINT('',(-53.5000000000004,107.669998500693,10.25));
#9697=CARTESIAN_POINT('Origin',(-54.5000000000004,107.669998500693,10.25));
#9698=CARTESIAN_POINT('Origin',(-54.5000000000004,107.491288099286,-10.2281836612541));
#9699=CARTESIAN_POINT('',(-53.5000000000004,107.491097710982,-10.25));
#9700=CARTESIAN_POINT('Origin',(-54.5000000000004,107.491097710982,-10.25));
#9701=CARTESIAN_POINT('Origin',(-54.5000000000004,106.4,-10.25));
#9702=CARTESIAN_POINT('',(-53.5000000000004,106.4,-10.25));
#9703=CARTESIAN_POINT('Origin',(-54.5000000000004,106.4,10.25));
#9704=CARTESIAN_POINT('',(-53.5000000000004,106.613958289917,10.25));
#9705=CARTESIAN_POINT('Origin',(-54.5000000000004,106.613958289917,10.25));
#9706=CARTESIAN_POINT('',(-53.5000000000004,106.4,10.25));
#9707=CARTESIAN_POINT('Origin',(-53.1099131955675,106.613432385794,10.1897373564325));
#9708=CARTESIAN_POINT('Origin',(-56.9204131955669,73.9000701207961,-8.48452479772113));
#9709=CARTESIAN_POINT('Origin',(-20.6625601252498,104.56403390255,-12.1697028208038));
#9710=CARTESIAN_POINT('',(-20.6625601252489,73.9081828194598,-11.9021732613885));
#9711=CARTESIAN_POINT('Origin',(-64.3494131955668,74.1230517036876,12.7193621371712));
#9712=CARTESIAN_POINT('',(-15.5825601252489,74.1230517036886,12.7193621371712));
#9713=CARTESIAN_POINT('Origin',(-15.5825601252489,73.90818281946,-11.9021732613885));
#9714=CARTESIAN_POINT('Origin',(-15.5825601252499,106.633032184524,12.4356518356349));
#9715=CARTESIAN_POINT('',(-15.5825601252499,106.633032184524,12.4356518356349));
#9716=CARTESIAN_POINT('Origin',(-60.9204131955676,-25.7934960517507,-6.82458323223912));
#9717=CARTESIAN_POINT('',(-60.9204131955667,6.41582790604544,-12.4534932374889));
#9718=CARTESIAN_POINT('Origin',(-52.9194131955676,6.41816330029489,-12.1858835629249));
#9719=CARTESIAN_POINT('',(-43.2994131955671,6.41699560317044,-12.3196884002069));
#9720=CARTESIAN_POINT('',(-20.6625601252498,6.38491520004667,-15.9957384897994));
#9721=CARTESIAN_POINT('Origin',(-60.9204131955676,6.41582790604544,-12.4534932374889));
#9722=CARTESIAN_POINT('Origin',(-45.2994131955671,9.99787211095675,-9.48463902852862));
#9723=CARTESIAN_POINT('',(-45.2994131955671,6.4594605835373,-7.45368362216807));
#9724=CARTESIAN_POINT('',(-45.2994131955671,10.0153251819535,-7.48471518240028));
#9725=CARTESIAN_POINT('',(-43.2994131955671,6.44200751254055,-9.45360746829641));
#9726=CARTESIAN_POINT('Origin',(-45.2994131955671,6.44200751254055,-9.45360746829641));
#9727=CARTESIAN_POINT('',(-43.2994131955671,9.99787211095675,-9.48463902852862));
#9728=CARTESIAN_POINT('Origin',(-43.2994131955671,9.97169250446163,-12.4845247977211));
#9729=CARTESIAN_POINT('',(-43.2994131955671,6.41582790604544,-12.4534932374889));
#9730=CARTESIAN_POINT('Origin',(-45.2994131955671,10.0153251819535,-7.48471518240028));
#9731=CARTESIAN_POINT('',(-58.9204131955676,6.4594605835373,-7.45368362216807));
#9732=CARTESIAN_POINT('',(-58.9204131955676,-7.89060219344328,-7.3284525215243));
#9733=CARTESIAN_POINT('',(-45.2994131955671,6.4594605835373,-7.45368362216807));
#9734=CARTESIAN_POINT('Origin',(-47.2994131955676,8.26000625302397,9.67534888479265));
#9735=CARTESIAN_POINT('',(-45.2994131955676,6.60906911804503,9.68975639490046));
#9736=CARTESIAN_POINT('',(-45.2994131955676,8.26000625302397,9.67534888479265));
#9737=CARTESIAN_POINT('',(-47.2994131955676,6.59161604704829,7.68983254877212));
#9738=CARTESIAN_POINT('Origin',(-47.2994131955676,6.60906911804503,9.68975639490046));
#9739=CARTESIAN_POINT('',(-47.2994131955676,8.24255318202723,7.67542503866431));
#9740=CARTESIAN_POINT('Origin',(-60.9204131955674,10.1474806454645,7.65880098853991));
#9741=CARTESIAN_POINT('',(-58.9204131955676,6.59161604704829,7.68983254877212));
#9742=CARTESIAN_POINT('',(-60.9204131955674,6.59161604704829,7.68983254877212));
#9743=CARTESIAN_POINT('',(-58.9204131955676,-7.7584467299323,7.81506364941589));
#9744=CARTESIAN_POINT('Origin',(-58.9204131955676,-7.77589980092904,5.81513980328755));
#9745=CARTESIAN_POINT('Origin',(-58.9204131955676,6.57416297605154,5.68990870264378));
#9746=CARTESIAN_POINT('Origin',(-58.9204131955676,-7.87314912244654,-5.32852867539595));
#9747=CARTESIAN_POINT('Origin',(-58.9204131955676,6.47691365453404,-5.45375977603972));
#9748=CARTESIAN_POINT('Origin',(-53.1099131955669,6.43764424479137,-9.95358842982849));
#9749=CARTESIAN_POINT('',(-53.5000000000004,6.43505750020683,-10.25));
#9750=CARTESIAN_POINT('Origin',(-54.5000000000004,6.43505750020683,-10.25));
#9751=CARTESIAN_POINT('Origin',(-39.9659866604083,-9.63244103230059,12.8316081418621));
#9752=CARTESIAN_POINT('',(-15.5825601252489,-25.8747317562948,12.9733524656295));
#9753=CARTESIAN_POINT('',(-52.1576999279873,-25.8747317562959,12.9733524656295));
#9754=CARTESIAN_POINT('',(-46.5379499279883,-26.0999298792039,12.9753177398749));
#9755=CARTESIAN_POINT('',(-45.2994131955676,6.63524872454014,12.689642164093));
#9756=CARTESIAN_POINT('',(-46.5379499279879,6.63524872454015,12.689642164093));
#9757=CARTESIAN_POINT('',(-15.5825601252499,6.63524872454086,12.6896421640932));
#9758=CARTESIAN_POINT('',(-27.7742733928293,6.6352487245405,12.689642164093));
#9759=CARTESIAN_POINT('',(-15.5825601252498,4.78111932679528,12.7058229062143));
#9760=CARTESIAN_POINT('Origin',(-53.1099131955683,-26.0999298792039,8.59154703056037));
#9761=CARTESIAN_POINT('',(-59.2500000000019,-26.099929879204,10.25));
#9762=CARTESIAN_POINT('Origin',(-58.2499999999999,-26.0999298792039,10.25));
#9763=CARTESIAN_POINT('Origin',(-58.2499999999999,-27.1809298792039,10.25));
#9764=CARTESIAN_POINT('',(-59.2500000000019,-27.1809298792039,10.25));
#9765=CARTESIAN_POINT('Origin',(-58.2499999999999,-27.1809298792039,10.25));
#9766=CARTESIAN_POINT('Origin',(-58.2499999999999,-27.1809298792039,-10.25));
#9767=CARTESIAN_POINT('',(-59.2500000000019,-27.1809298792039,-10.25));
#9768=CARTESIAN_POINT('Origin',(-58.2499999999999,-27.1809298792039,-10.25));
#9769=CARTESIAN_POINT('Origin',(-58.2499999999999,-25.6000000000003,10.25));
#9770=CARTESIAN_POINT('',(-59.2500000000019,-25.6000000000003,10.25));
#9771=CARTESIAN_POINT('Origin',(-58.2499999999999,-25.6000000000003,-10.25));
#9772=CARTESIAN_POINT('',(-59.2500000000019,-26.0999298792039,-10.25));
#9773=CARTESIAN_POINT('Origin',(-58.2499999999999,-26.0999298792039,-10.25));
#9774=CARTESIAN_POINT('',(-59.2500000000019,-25.6000000000003,-10.25));
#9775=CARTESIAN_POINT('Origin',(-54.5000000000004,7.6701888889966,10.2718163387459));
#9776=CARTESIAN_POINT('',(-53.5000000000004,7.66999850069269,10.25));
#9777=CARTESIAN_POINT('Origin',(-54.5000000000004,7.66999850069269,10.25));
#9778=CARTESIAN_POINT('Origin',(-54.5000000000004,7.49128809928609,-10.2281836612541));
#9779=CARTESIAN_POINT('',(-53.5000000000004,7.49109771098217,-10.25));
#9780=CARTESIAN_POINT('Origin',(-54.5000000000004,7.49109771098217,-10.25));
#9781=CARTESIAN_POINT('Origin',(-54.5000000000004,6.39999999999959,-10.25));
#9782=CARTESIAN_POINT('',(-53.5000000000004,6.3999999999996,-10.25));
#9783=CARTESIAN_POINT('Origin',(-54.5000000000004,6.39999999999959,10.25));
#9784=CARTESIAN_POINT('',(-53.5000000000004,6.61395828991735,10.25));
#9785=CARTESIAN_POINT('Origin',(-54.5000000000004,6.61395828991735,10.25));
#9786=CARTESIAN_POINT('',(-53.5000000000004,6.3999999999996,10.25));
#9787=CARTESIAN_POINT('Origin',(-53.1099131955675,6.61343238579422,10.1897373564325));
#9788=CARTESIAN_POINT('',(-45.2994131955676,6.59161604704829,7.68983254877212));
#9789=CARTESIAN_POINT('Origin',(-56.9204131955669,-26.0999298792039,-8.48452479772113));
#9790=CARTESIAN_POINT('Origin',(-20.6625601252498,4.56403390254988,-12.1697028208038));
#9791=CARTESIAN_POINT('',(-20.6625601252489,-26.0918171805402,-11.9021732613885));
#9792=CARTESIAN_POINT('Origin',(-45.2994131955676,6.41228995631405,16.247723302526));
#9793=CARTESIAN_POINT('',(-45.2994131955676,6.59593901359079,8.18519544943221));
#9794=CARTESIAN_POINT('Origin',(-64.3494131955668,-25.8769482963124,12.7193621371712));
#9795=CARTESIAN_POINT('',(-15.5825601252489,-25.8769482963114,12.7193621371712));
#9796=CARTESIAN_POINT('Origin',(-15.5825601252489,-26.09181718054,-11.9021732613885));
#9797=CARTESIAN_POINT('Origin',(-15.5825601252489,-24.0482179314116,12.7034030490518));
#9798=CARTESIAN_POINT('',(-15.5825601252499,6.63303218452428,12.4356518356349));
#9799=CARTESIAN_POINT('Origin',(-15.5825601252499,6.63303218452428,12.4356518356349));
#9800=CARTESIAN_POINT('Origin',(-210.920413195568,74.2065039482493,-6.82458323223912));
#9801=CARTESIAN_POINT('',(-210.920413195567,106.415827906045,-12.4534932374889));
#9802=CARTESIAN_POINT('Origin',(-202.919413195568,106.418163300295,-12.1858835629249));
#9803=CARTESIAN_POINT('',(-193.299413195567,106.41699560317,-12.3196884002069));
#9804=CARTESIAN_POINT('',(-170.66256012525,106.384915200047,-15.9957384897994));
#9805=CARTESIAN_POINT('Origin',(-210.920413195568,106.415827906045,-12.4534932374889));
#9806=CARTESIAN_POINT('Origin',(-195.299413195567,109.997872110957,-9.48463902852862));
#9807=CARTESIAN_POINT('',(-195.299413195567,106.459460583537,-7.45368362216807));
#9808=CARTESIAN_POINT('',(-195.299413195567,110.015325181953,-7.48471518240028));
#9809=CARTESIAN_POINT('',(-193.299413195567,106.442007512541,-9.45360746829641));
#9810=CARTESIAN_POINT('Origin',(-195.299413195567,106.442007512541,-9.45360746829641));
#9811=CARTESIAN_POINT('',(-193.299413195567,109.997872110957,-9.48463902852862));
#9812=CARTESIAN_POINT('Origin',(-193.299413195567,109.971692504462,-12.4845247977211));
#9813=CARTESIAN_POINT('',(-193.299413195567,106.415827906045,-12.4534932374889));
#9814=CARTESIAN_POINT('Origin',(-195.299413195567,110.015325181953,-7.48471518240028));
#9815=CARTESIAN_POINT('',(-208.920413195568,106.459460583537,-7.45368362216807));
#9816=CARTESIAN_POINT('',(-208.920413195568,92.1093978065567,-7.3284525215243));
#9817=CARTESIAN_POINT('',(-195.299413195567,106.459460583537,-7.45368362216807));
#9818=CARTESIAN_POINT('Origin',(-197.299413195568,108.260006253024,9.67534888479265));
#9819=CARTESIAN_POINT('',(-195.299413195568,106.609069118045,9.68975639490046));
#9820=CARTESIAN_POINT('',(-195.299413195568,108.260006253024,9.67534888479265));
#9821=CARTESIAN_POINT('',(-197.299413195568,106.591616047048,7.68983254877212));
#9822=CARTESIAN_POINT('Origin',(-197.299413195568,106.609069118045,9.68975639490046));
#9823=CARTESIAN_POINT('',(-197.299413195568,108.242553182027,7.67542503866431));
#9824=CARTESIAN_POINT('Origin',(-210.920413195567,110.147480645464,7.65880098853991));
#9825=CARTESIAN_POINT('',(-208.920413195568,106.591616047048,7.68983254877212));
#9826=CARTESIAN_POINT('',(-210.920413195567,106.591616047048,7.68983254877212));
#9827=CARTESIAN_POINT('',(-208.920413195568,92.2415532700677,7.81506364941589));
#9828=CARTESIAN_POINT('Origin',(-208.920413195568,92.224100199071,5.81513980328755));
#9829=CARTESIAN_POINT('Origin',(-208.920413195568,106.574162976052,5.68990870264378));
#9830=CARTESIAN_POINT('Origin',(-208.920413195568,92.1268508775535,-5.32852867539595));
#9831=CARTESIAN_POINT('Origin',(-208.920413195568,106.476913654534,-5.45375977603972));
#9832=CARTESIAN_POINT('Origin',(-203.109913195567,106.437644244791,-9.95358842982849));
#9833=CARTESIAN_POINT('',(-203.5,106.435057500207,-10.25));
#9834=CARTESIAN_POINT('Origin',(-204.5,106.435057500207,-10.25));
#9835=CARTESIAN_POINT('Origin',(-189.965986660408,90.3675589676994,12.8316081418621));
#9836=CARTESIAN_POINT('',(-165.582560125249,74.1252682437052,12.9733524656295));
#9837=CARTESIAN_POINT('',(-202.157699927987,74.1252682437041,12.9733524656295));
#9838=CARTESIAN_POINT('',(-196.537949927988,73.9000701207961,12.9753177398749));
#9839=CARTESIAN_POINT('',(-195.299413195568,106.63524872454,12.689642164093));
#9840=CARTESIAN_POINT('',(-196.537949927988,106.63524872454,12.689642164093));
#9841=CARTESIAN_POINT('',(-165.58256012525,106.635248724541,12.6896421640932));
#9842=CARTESIAN_POINT('',(-177.774273392829,106.63524872454,12.689642164093));
#9843=CARTESIAN_POINT('',(-165.58256012525,104.781119326795,12.7058229062143));
#9844=CARTESIAN_POINT('Origin',(-203.109913195568,73.9000701207961,8.59154703056037));
#9845=CARTESIAN_POINT('',(-209.250000000002,73.900070120796,10.25));
#9846=CARTESIAN_POINT('Origin',(-208.25,73.9000701207961,10.25));
#9847=CARTESIAN_POINT('Origin',(-208.25,72.8190701207961,10.25));
#9848=CARTESIAN_POINT('',(-209.250000000002,72.8190701207961,10.25));
#9849=CARTESIAN_POINT('Origin',(-208.25,72.8190701207961,10.25));
#9850=CARTESIAN_POINT('Origin',(-208.25,72.8190701207961,-10.25));
#9851=CARTESIAN_POINT('',(-209.250000000002,72.8190701207961,-10.25));
#9852=CARTESIAN_POINT('Origin',(-208.25,72.8190701207961,-10.25));
#9853=CARTESIAN_POINT('Origin',(-208.25,74.3999999999997,10.25));
#9854=CARTESIAN_POINT('',(-209.250000000002,74.3999999999997,10.25));
#9855=CARTESIAN_POINT('Origin',(-208.25,74.3999999999997,-10.25));
#9856=CARTESIAN_POINT('',(-209.250000000002,73.9000701207961,-10.25));
#9857=CARTESIAN_POINT('Origin',(-208.25,73.9000701207961,-10.25));
#9858=CARTESIAN_POINT('',(-209.250000000002,74.3999999999997,-10.25));
#9859=CARTESIAN_POINT('Origin',(-204.5,107.670188888997,10.2718163387459));
#9860=CARTESIAN_POINT('',(-203.5,107.669998500693,10.25));
#9861=CARTESIAN_POINT('Origin',(-204.5,107.669998500693,10.25));
#9862=CARTESIAN_POINT('Origin',(-204.5,107.491288099286,-10.2281836612541));
#9863=CARTESIAN_POINT('',(-203.5,107.491097710982,-10.25));
#9864=CARTESIAN_POINT('Origin',(-204.5,107.491097710982,-10.25));
#9865=CARTESIAN_POINT('Origin',(-204.5,106.4,-10.25));
#9866=CARTESIAN_POINT('',(-203.5,106.4,-10.25));
#9867=CARTESIAN_POINT('Origin',(-204.5,106.4,10.25));
#9868=CARTESIAN_POINT('',(-203.5,106.613958289917,10.25));
#9869=CARTESIAN_POINT('Origin',(-204.5,106.613958289917,10.25));
#9870=CARTESIAN_POINT('',(-203.5,106.4,10.25));
#9871=CARTESIAN_POINT('Origin',(-203.109913195567,106.613432385794,10.1897373564325));
#9872=CARTESIAN_POINT('',(-195.299413195568,106.591616047048,7.68983254877212));
#9873=CARTESIAN_POINT('Origin',(-206.920413195567,73.9000701207961,-8.48452479772113));
#9874=CARTESIAN_POINT('Origin',(-170.66256012525,104.56403390255,-12.1697028208038));
#9875=CARTESIAN_POINT('',(-170.662560125249,73.9081828194598,-11.9021732613885));
#9876=CARTESIAN_POINT('Origin',(-195.299413195568,106.412289956314,16.247723302526));
#9877=CARTESIAN_POINT('',(-195.299413195568,106.595939013591,8.18519544943221));
#9878=CARTESIAN_POINT('Origin',(-214.349413195567,74.1230517036876,12.7193621371712));
#9879=CARTESIAN_POINT('',(-165.582560125249,74.1230517036886,12.7193621371712));
#9880=CARTESIAN_POINT('Origin',(-165.582560125249,73.90818281946,-11.9021732613885));
#9881=CARTESIAN_POINT('Origin',(-165.582560125249,75.9517820685884,12.7034030490518));
#9882=CARTESIAN_POINT('',(-165.58256012525,106.633032184524,12.4356518356349));
#9883=CARTESIAN_POINT('Origin',(-165.58256012525,106.633032184524,12.4356518356349));
#9884=UNCERTAINTY_MEASURE_WITH_UNIT(LENGTH_MEASURE(0.01),#9888,
'DISTANCE_ACCURACY_VALUE',
'Maximum model space distance between geometric entities at asserted c
onnectivities');
#9885=UNCERTAINTY_MEASURE_WITH_UNIT(LENGTH_MEASURE(0.01),#9888,
'DISTANCE_ACCURACY_VALUE',
'Maximum model space distance between geometric entities at asserted c
onnectivities');
#9886=(
GEOMETRIC_REPRESENTATION_CONTEXT(3)
GLOBAL_UNCERTAINTY_ASSIGNED_CONTEXT((#9884))
GLOBAL_UNIT_ASSIGNED_CONTEXT((#9888,#9890,#9891))
REPRESENTATION_CONTEXT('','3D')
);
#9887=(
GEOMETRIC_REPRESENTATION_CONTEXT(3)
GLOBAL_UNCERTAINTY_ASSIGNED_CONTEXT((#9885))
GLOBAL_UNIT_ASSIGNED_CONTEXT((#9888,#9890,#9891))
REPRESENTATION_CONTEXT('','3D')
);
#9888=(
LENGTH_UNIT()
NAMED_UNIT(*)
SI_UNIT(.MILLI.,.METRE.)
);
#9889=(
LENGTH_UNIT()
NAMED_UNIT(*)
SI_UNIT($,.METRE.)
);
#9890=(
NAMED_UNIT(*)
PLANE_ANGLE_UNIT()
SI_UNIT($,.RADIAN.)
);
#9891=(
NAMED_UNIT(*)
SI_UNIT($,.STERADIAN.)
SOLID_ANGLE_UNIT()
);
#9892=SHAPE_DEFINITION_REPRESENTATION(#9893,#9894);
#9893=PRODUCT_DEFINITION_SHAPE('',$,#9896);
#9894=SHAPE_REPRESENTATION('',(#5630),#9886);
#9895=PRODUCT_DEFINITION_CONTEXT('part definition',#9900,'design');
#9896=PRODUCT_DEFINITION('Body','Body',#9897,#9895);
#9897=PRODUCT_DEFINITION_FORMATION('',$,#9902);
#9898=PRODUCT_RELATED_PRODUCT_CATEGORY('Body','Body',(#9902));
#9899=APPLICATION_PROTOCOL_DEFINITION('international standard',
'automotive_design',2009,#9900);
#9900=APPLICATION_CONTEXT(
'Core Data for Automotive Mechanical Design Process');
#9901=PRODUCT_CONTEXT('part definition',#9900,'mechanical');
#9902=PRODUCT('Body','Body',$,(#9901));
#9903=PRESENTATION_STYLE_ASSIGNMENT((#9904));
#9904=SURFACE_STYLE_USAGE(.BOTH.,#9905);
#9905=SURFACE_SIDE_STYLE('',(#9906));
#9906=SURFACE_STYLE_FILL_AREA(#9907);
#9907=FILL_AREA_STYLE('Steel - Satin',(#9908));
#9908=FILL_AREA_STYLE_COLOUR('Steel - Satin',#9909);
#9909=COLOUR_RGB('Steel - Satin',0.627450980392157,0.627450980392157,0.627450980392157);
ENDSEC;
END-ISO-10303-21;
