ISO-10303-21;
HEADER;
/* Generated by software containing ST-Developer
 * from STEP Tools, Inc. (www.steptools.com) 
 */

FILE_DESCRIPTION(
/* description */ (''),
/* implementation_level */ '2;1');

FILE_NAME(
/* name */ 'Lower Leg.step',
/* time_stamp */ '2026-07-02T19:15:48-04:00',
/* author */ (''),
/* organization */ (''),
/* preprocessor_version */ 'ST-DEVELOPER v20.1',
/* originating_system */ 'Autodesk Translation Framework v15.8.0.0',
/* authorisation */ '');

FILE_SCHEMA (('AUTOMOTIVE_DESIGN { 1 0 10303 214 3 1 1 }'));
ENDSEC;

DATA;
#10=MECHANICAL_DESIGN_GEOMETRIC_PRESENTATION_REPRESENTATION('',(#13),#3097);
#11=SHAPE_REPRESENTATION_RELATIONSHIP('SRR','None',#3104,#12);
#12=ADVANCED_BREP_SHAPE_REPRESENTATION('',(#14),#3096);
#13=STYLED_ITEM('',(#3113),#14);
#14=MANIFOLD_SOLID_BREP('Lower Leg',#1477);
#15=B_SPLINE_SURFACE_WITH_KNOTS('',3,3,((#2630,#2631,#2632,#2633),(#2634,
#2635,#2636,#2637),(#2638,#2639,#2640,#2641),(#2642,#2643,#2644,#2645)),
 .UNSPECIFIED.,.F.,.F.,.F.,(4,4),(4,4),(0.,1.),(-0.523598775598304,0.0435916757943668),
 .UNSPECIFIED.);
#16=B_SPLINE_SURFACE_WITH_KNOTS('',3,3,((#2655,#2656,#2657,#2658),(#2659,
#2660,#2661,#2662),(#2663,#2664,#2665,#2666),(#2667,#2668,#2669,#2670)),
 .UNSPECIFIED.,.F.,.F.,.F.,(4,4),(4,4),(0.,1.),(-0.0435916757943709,0.523598775598295),
 .UNSPECIFIED.);
#17=B_SPLINE_SURFACE_WITH_KNOTS('',3,3,((#2674,#2675,#2676,#2677,#2678,
#2679,#2680,#2681,#2682,#2683,#2684,#2685),(#2686,#2687,#2688,#2689,#2690,
#2691,#2692,#2693,#2694,#2695,#2696,#2697),(#2698,#2699,#2700,#2701,#2702,
#2703,#2704,#2705,#2706,#2707,#2708,#2709),(#2710,#2711,#2712,#2713,#2714,
#2715,#2716,#2717,#2718,#2719,#2720,#2721)),.UNSPECIFIED.,.F.,.F.,.F.,(4,
4),(4,1,1,1,1,1,1,2,4),(0.,1.),(8.04137023955183,8.39538504864254,8.74939985773325,
8.9264072622786,9.10341466682395,9.36892577364199,9.45742947591466,9.81144428500537,
9.81495195249379),.UNSPECIFIED.);
#18=B_SPLINE_SURFACE_WITH_KNOTS('',3,3,((#2736,#2737,#2738,#2739,#2740,
#2741,#2742,#2743,#2744,#2745,#2746,#2747),(#2748,#2749,#2750,#2751,#2752,
#2753,#2754,#2755,#2756,#2757,#2758,#2759),(#2760,#2761,#2762,#2763,#2764,
#2765,#2766,#2767,#2768,#2769,#2770,#2771),(#2772,#2773,#2774,#2775,#2776,
#2777,#2778,#2779,#2780,#2781,#2782,#2783)),.UNSPECIFIED.,.F.,.F.,.F.,(4,
4),(4,2,1,1,1,1,1,1,4),(0.,1.),(-0.00350766748840424,0.,0.531248232409209,
0.708330976545612,1.06249646481842,1.23957920895482,1.41666195309122,1.59374469722763,
1.77082744136403),.UNSPECIFIED.);
#19=B_SPLINE_SURFACE_WITH_KNOTS('',3,3,((#2810,#2811,#2812,#2813),(#2814,
#2815,#2816,#2817),(#2818,#2819,#2820,#2821),(#2822,#2823,#2824,#2825),
(#2826,#2827,#2828,#2829),(#2830,#2831,#2832,#2833)),.UNSPECIFIED.,.F.,
 .F.,.F.,(4,1,1,4),(4,4),(0.,0.285714285714286,0.571428571428571,1.),(-1.04719755119671,
-0.854534841738679),.UNSPECIFIED.);
#20=B_SPLINE_SURFACE_WITH_KNOTS('',3,3,((#2839,#2840,#2841,#2842,#2843,
#2844,#2845,#2846,#2847,#2848),(#2849,#2850,#2851,#2852,#2853,#2854,#2855,
#2856,#2857,#2858),(#2859,#2860,#2861,#2862,#2863,#2864,#2865,#2866,#2867,
#2868),(#2869,#2870,#2871,#2872,#2873,#2874,#2875,#2876,#2877,#2878),(#2879,
#2880,#2881,#2882,#2883,#2884,#2885,#2886,#2887,#2888),(#2889,#2890,#2891,
#2892,#2893,#2894,#2895,#2896,#2897,#2898)),.UNSPECIFIED.,.F.,.F.,.F.,(4,
1,1,4),(4,1,1,1,1,1,1,4),(0.,0.285714285714286,0.571428571428571,1.),(3.99612749532845,
4.37696907631048,4.7578106572925,5.13865223827453,5.51949381925655,5.90033540023858,
6.2811769812206,6.66201856220263),.UNSPECIFIED.);
#21=B_SPLINE_SURFACE_WITH_KNOTS('',3,3,((#2904,#2905,#2906,#2907,#2908),
(#2909,#2910,#2911,#2912,#2913),(#2914,#2915,#2916,#2917,#2918),(#2919,
#2920,#2921,#2922,#2923),(#2924,#2925,#2926,#2927,#2928),(#2929,#2930,#2931,
#2932,#2933)),.UNSPECIFIED.,.F.,.F.,.F.,(4,1,1,4),(4,1,4),(0.,0.285714285714286,
0.571428571428571,1.),(0.378833255023041,0.713015403109867,1.04719755119669),
 .UNSPECIFIED.);
#22=B_SPLINE_SURFACE_WITH_KNOTS('',3,3,((#2948,#2949,#2950,#2951,#2952),
(#2953,#2954,#2955,#2956,#2957),(#2958,#2959,#2960,#2961,#2962),(#2963,
#2964,#2965,#2966,#2967),(#2968,#2969,#2970,#2971,#2972),(#2973,#2974,#2975,
#2976,#2977)),.UNSPECIFIED.,.F.,.F.,.F.,(4,1,1,4),(4,1,4),(0.,0.285714285714286,
0.571428571428571,1.),(-1.04719755119651,-0.713015403109683,-0.378833255022855),
 .UNSPECIFIED.);
#23=B_SPLINE_SURFACE_WITH_KNOTS('',3,3,((#2983,#2984,#2985,#2986,#2987,
#2988,#2989,#2990,#2991,#2992),(#2993,#2994,#2995,#2996,#2997,#2998,#2999,
#3000,#3001,#3002),(#3003,#3004,#3005,#3006,#3007,#3008,#3009,#3010,#3011,
#3012),(#3013,#3014,#3015,#3016,#3017,#3018,#3019,#3020,#3021,#3022),(#3023,
#3024,#3025,#3026,#3027,#3028,#3029,#3030,#3031,#3032),(#3033,#3034,#3035,
#3036,#3037,#3038,#3039,#3040,#3041,#3042)),.UNSPECIFIED.,.F.,.F.,.F.,(4,
1,1,4),(4,1,1,1,1,1,1,4),(0.,0.285714285714286,0.571428571428571,1.),(-0.378833255022846,
0.00200832595917894,0.382849906941204,0.763691487923229,1.14453306890525,
1.52537464988728,1.9062162308693,2.28705781185133),.UNSPECIFIED.);
#24=B_SPLINE_SURFACE_WITH_KNOTS('',3,3,((#3048,#3049,#3050,#3051),(#3052,
#3053,#3054,#3055),(#3056,#3057,#3058,#3059),(#3060,#3061,#3062,#3063),
(#3064,#3065,#3066,#3067),(#3068,#3069,#3070,#3071)),.UNSPECIFIED.,.F.,
 .F.,.F.,(4,1,1,4),(4,4),(0.,0.285714285714286,0.571428571428571,1.),(0.854534841738456,
1.04719755119649),.UNSPECIFIED.);
#25=ELLIPSE('',#1533,0.848528137423853,0.6);
#26=ELLIPSE('',#1534,6.88422794740182,0.6);
#27=ELLIPSE('',#1536,0.848528137423956,0.6);
#28=ELLIPSE('',#1538,6.88422794740182,0.6);
#29=ELLIPSE('',#1542,30.5673630613415,15.24);
#30=ELLIPSE('',#1543,30.5673630613415,15.24);
#31=ELLIPSE('',#1549,15.2836815306707,7.62);
#32=ELLIPSE('',#1550,15.2836815306707,7.62);
#33=ELLIPSE('',#1584,0.84852813742297,0.6);
#34=ELLIPSE('',#1585,6.88422794740185,0.6);
#35=ELLIPSE('',#1608,0.848528137424467,0.6);
#36=ELLIPSE('',#1610,6.88422794740185,0.6);
#37=ELLIPSE('',#1637,27.5711893926226,7.62);
#38=ELLIPSE('',#1641,27.5711893926226,7.62);
#39=ELLIPSE('',#1645,11.2080086471024,7.62);
#40=ELLIPSE('',#1646,11.2080086471023,7.62);
#41=ELLIPSE('',#1648,12.8238241138526,12.7);
#42=ELLIPSE('',#1649,20.3976190988808,20.32);
#43=ELLIPSE('',#1651,15.1038033593195,15.0896587104822);
#44=ELLIPSE('',#1652,7.49819159326051,7.46965871048222);
#45=ELLIPSE('',#1654,12.7077743549545,12.7);
#46=ELLIPSE('',#1655,5.0994047747202,5.08);
#47=ELLIPSE('',#1660,12.7077743549545,12.7);
#48=ELLIPSE('',#1661,5.0994047747202,5.08);
#49=ELLIPSE('',#1663,15.1038033593195,15.0896587104822);
#50=ELLIPSE('',#1664,7.49819159326052,7.46965871048222);
#51=ELLIPSE('',#1666,12.8238241138526,12.7);
#52=ELLIPSE('',#1667,20.3976190988808,20.32);
#53=B_SPLINE_CURVE_WITH_KNOTS('',3,(#2183,#2184,#2185,#2186,#2187,#2188,
#2189,#2190,#2191,#2192),.UNSPECIFIED.,.F.,.F.,(4,2,2,2,4),(0.0296987560232585,
0.0563519276940721,0.125686647822326,0.184958633310257,0.185770815887303),
 .UNSPECIFIED.);
#54=B_SPLINE_CURVE_WITH_KNOTS('',3,(#2198,#2199,#2200,#2201,#2202,#2203,
#2204,#2205,#2206,#2207,#2208,#2209),.UNSPECIFIED.,.F.,.F.,(4,2,2,2,2,4),
(-0.00109219155350132,0.,0.01322031748453,0.101956380987173,0.145473255569376,
0.174699640727672),.UNSPECIFIED.);
#55=B_SPLINE_CURVE_WITH_KNOTS('',3,(#2212,#2213,#2214,#2215,#2216,#2217,
#2218,#2219,#2220,#2221,#2222,#2223,#2224,#2225,#2226,#2227,#2228,#2229,
#2230,#2231),.UNSPECIFIED.,.F.,.F.,(4,2,2,2,2,2,2,2,2,4),(0.0025353520862894,
0.0132203174839483,0.101956380980562,0.145473255559789,0.174699640716037,
0.203926025872268,0.247442900451435,0.336178963947934,0.349399281430375,
0.350491472983782),.UNSPECIFIED.);
#56=B_SPLINE_CURVE_WITH_KNOTS('',3,(#2232,#2233,#2234,#2235,#2236,#2237),
 .UNSPECIFIED.,.F.,.F.,(4,2,4),(-0.00109219155331673,0.,0.0025353520862894),
 .UNSPECIFIED.);
#57=B_SPLINE_CURVE_WITH_KNOTS('',3,(#2239,#2240,#2241,#2242,#2243,#2244),
 .UNSPECIFIED.,.F.,.F.,(4,2,4),(0.346863929358382,0.349399281444584,0.350491472998258),
 .UNSPECIFIED.);
#58=B_SPLINE_CURVE_WITH_KNOTS('',3,(#2246,#2247,#2248,#2249,#2250,#2251,
#2252,#2253,#2254,#2255),.UNSPECIFIED.,.F.,.F.,(4,2,2,2,4),(0.174699640722488,
0.203926025879856,0.247442900460705,0.336178963960509,0.346863929358382),
 .UNSPECIFIED.);
#59=B_SPLINE_CURVE_WITH_KNOTS('',3,(#2279,#2280,#2281,#2282,#2283,#2284,
#2285,#2286,#2287,#2288),.UNSPECIFIED.,.F.,.F.,(4,2,2,2,4),(-0.000797327997491214,
0.,0.0581879179388887,0.126254526420268,0.152420219416687),
 .UNSPECIFIED.);
#60=B_SPLINE_CURVE_WITH_KNOTS('',3,(#2408,#2409,#2410,#2411,#2412,#2413,
#2414,#2415,#2416,#2417,#2418,#2419,#2420,#2421,#2422,#2423,#2424,#2425,
#2426,#2427,#2428,#2429),.UNSPECIFIED.,.F.,.F.,(4,2,2,2,2,2,2,2,2,2,4),
(-0.00109219119015355,0.,0.0132203165829631,0.101956368578631,0.145473237516874,
0.174699618884638,0.20392600025237,0.24744286919052,0.336178921185679,0.349399237769967,
0.350491428960659),.UNSPECIFIED.);
#61=B_SPLINE_CURVE_WITH_KNOTS('',3,(#2442,#2443,#2444,#2445,#2446,#2447,
#2448,#2449,#2450,#2451,#2452,#2453),.UNSPECIFIED.,.F.,.F.,(4,2,2,2,2,4),
(0.174699641759856,0.203926027097288,0.24744290194623,0.336178965992847,
0.349399283518159,0.350491475088892),.UNSPECIFIED.);
#62=B_SPLINE_CURVE_WITH_KNOTS('',3,(#2459,#2460,#2461,#2462,#2463,#2464,
#2465,#2466,#2467,#2468,#2469,#2470),.UNSPECIFIED.,.F.,.F.,(4,2,2,2,2,4),
(-0.00109219081020042,0.,0.0132203156382034,0.1019563555716,0.145473218593677,
0.17469959598807),.UNSPECIFIED.);
#63=B_SPLINE_CURVE_WITH_KNOTS('',3,(#2494,#2495,#2496,#2497,#2498,#2499,
#2500,#2501,#2502,#2503),.UNSPECIFIED.,.F.,.F.,(4,2,2,2,4),(-0.000797328316419586,
0.,0.0581879235509039,0.126254544856982,0.152420242783859),
 .UNSPECIFIED.);
#64=B_SPLINE_CURVE_WITH_KNOTS('',3,(#2524,#2525,#2526,#2527,#2528,#2529,
#2530,#2531,#2532,#2533),.UNSPECIFIED.,.F.,.F.,(4,2,2,2,4),(0.0296987560233716,
0.0563519276945209,0.125686647825031,0.18495864736464,0.185770829465086),
 .UNSPECIFIED.);
#65=B_SPLINE_CURVE_WITH_KNOTS('',3,(#2723,#2724,#2725,#2726,#2727,#2728,
#2729,#2730,#2731,#2732,#2733,#2734),.UNSPECIFIED.,.F.,.F.,(4,1,1,1,1,1,
1,2,4),(8.04137023955183,8.39538504864254,8.74939985773325,8.9264072622786,
9.10341466682395,9.36892577364199,9.45742947591466,9.81144428500537,9.81495195249379),
 .UNSPECIFIED.);
#66=B_SPLINE_CURVE_WITH_KNOTS('',3,(#2786,#2787,#2788,#2789,#2790,#2791,
#2792,#2793,#2794,#2795,#2796,#2797),.UNSPECIFIED.,.F.,.F.,(4,2,1,1,1,1,
1,1,4),(-0.00350766748840424,0.,0.531248232409209,0.708330976545612,1.06249646481842,
1.23957920895482,1.41666195309122,1.59374469722763,1.77082744136403),
 .UNSPECIFIED.);
#67=CYLINDRICAL_SURFACE('',#1504,1.75);
#68=CYLINDRICAL_SURFACE('',#1514,1.75);
#69=CYLINDRICAL_SURFACE('',#1522,1.75);
#70=CYLINDRICAL_SURFACE('',#1528,1.75);
#71=CYLINDRICAL_SURFACE('',#1532,0.6);
#72=CYLINDRICAL_SURFACE('',#1535,0.6);
#73=CYLINDRICAL_SURFACE('',#1537,0.6);
#74=CYLINDRICAL_SURFACE('',#1544,9.39999999999701);
#75=CYLINDRICAL_SURFACE('',#1557,3.325000000003);
#76=CYLINDRICAL_SURFACE('',#1573,1.75);
#77=CYLINDRICAL_SURFACE('',#1583,0.6);
#78=CYLINDRICAL_SURFACE('',#1586,1.75);
#79=CYLINDRICAL_SURFACE('',#1596,1.75);
#80=CYLINDRICAL_SURFACE('',#1605,1.75);
#81=CYLINDRICAL_SURFACE('',#1607,0.6);
#82=CYLINDRICAL_SURFACE('',#1609,0.6);
#83=CYLINDRICAL_SURFACE('',#1611,9.39999999999701);
#84=CYLINDRICAL_SURFACE('',#1619,3.325000000003);
#85=CYLINDRICAL_SURFACE('',#1623,8.);
#86=CYLINDRICAL_SURFACE('',#1625,8.);
#87=CYLINDRICAL_SURFACE('',#1638,7.62);
#88=CYLINDRICAL_SURFACE('',#1642,7.62);
#89=CYLINDRICAL_SURFACE('',#1644,7.62);
#90=CYLINDRICAL_SURFACE('',#1656,7.62);
#91=CYLINDRICAL_SURFACE('',#1657,7.62);
#92=CYLINDRICAL_SURFACE('',#1668,7.62);
#93=CYLINDRICAL_SURFACE('',#1671,12.7);
#94=CYLINDRICAL_SURFACE('',#1672,15.0896587104822);
#95=CYLINDRICAL_SURFACE('',#1673,12.7);
#96=FACE_BOUND('',#379,.T.);
#97=FACE_BOUND('',#380,.T.);
#98=FACE_BOUND('',#407,.T.);
#99=FACE_BOUND('',#408,.T.);
#100=FACE_BOUND('',#417,.T.);
#101=FACE_BOUND('',#418,.T.);
#102=FACE_BOUND('',#421,.T.);
#103=FACE_BOUND('',#422,.T.);
#104=LINE('',#2161,#194);
#105=LINE('',#2163,#195);
#106=LINE('',#2165,#196);
#107=LINE('',#2179,#197);
#108=LINE('',#2263,#198);
#109=LINE('',#2267,#199);
#110=LINE('',#2271,#200);
#111=LINE('',#2291,#201);
#112=LINE('',#2301,#202);
#113=LINE('',#2305,#203);
#114=LINE('',#2309,#204);
#115=LINE('',#2316,#205);
#116=LINE('',#2319,#206);
#117=LINE('',#2323,#207);
#118=LINE('',#2327,#208);
#119=LINE('',#2329,#209);
#120=LINE('',#2333,#210);
#121=LINE('',#2337,#211);
#122=LINE('',#2339,#212);
#123=LINE('',#2341,#213);
#124=LINE('',#2343,#214);
#125=LINE('',#2347,#215);
#126=LINE('',#2350,#216);
#127=LINE('',#2353,#217);
#128=LINE('',#2357,#218);
#129=LINE('',#2361,#219);
#130=LINE('',#2365,#220);
#131=LINE('',#2369,#221);
#132=LINE('',#2373,#222);
#133=LINE('',#2375,#223);
#134=LINE('',#2377,#224);
#135=LINE('',#2379,#225);
#136=LINE('',#2383,#226);
#137=LINE('',#2386,#227);
#138=LINE('',#2395,#228);
#139=LINE('',#2399,#229);
#140=LINE('',#2403,#230);
#141=LINE('',#2474,#231);
#142=LINE('',#2478,#232);
#143=LINE('',#2482,#233);
#144=LINE('',#2506,#234);
#145=LINE('',#2512,#235);
#146=LINE('',#2516,#236);
#147=LINE('',#2520,#237);
#148=LINE('',#2544,#238);
#149=LINE('',#2556,#239);
#150=LINE('',#2557,#240);
#151=LINE('',#2562,#241);
#152=LINE('',#2566,#242);
#153=LINE('',#2574,#243);
#154=LINE('',#2578,#244);
#155=LINE('',#2588,#245);
#156=LINE('',#2592,#246);
#157=LINE('',#2596,#247);
#158=LINE('',#2599,#248);
#159=LINE('',#2600,#249);
#160=LINE('',#2602,#250);
#161=LINE('',#2603,#251);
#162=LINE('',#2604,#252);
#163=LINE('',#2605,#253);
#164=LINE('',#2607,#254);
#165=LINE('',#2608,#255);
#166=LINE('',#2610,#256);
#167=LINE('',#2611,#257);
#168=LINE('',#2612,#258);
#169=LINE('',#2613,#259);
#170=LINE('',#2615,#260);
#171=LINE('',#2617,#261);
#172=LINE('',#2619,#262);
#173=LINE('',#2621,#263);
#174=LINE('',#2623,#264);
#175=LINE('',#2625,#265);
#176=LINE('',#2627,#266);
#177=LINE('',#2629,#267);
#178=LINE('',#2654,#268);
#179=LINE('',#2735,#269);
#180=LINE('',#2785,#270);
#181=LINE('',#2800,#271);
#182=LINE('',#2803,#272);
#183=LINE('',#2807,#273);
#184=LINE('',#2940,#274);
#185=LINE('',#2941,#275);
#186=LINE('',#2944,#276);
#187=LINE('',#2947,#277);
#188=LINE('',#3078,#278);
#189=LINE('',#3079,#279);
#190=LINE('',#3083,#280);
#191=LINE('',#3084,#281);
#192=LINE('',#3086,#282);
#193=LINE('',#3088,#283);
#194=VECTOR('',#1695,10.);
#195=VECTOR('',#1696,10.);
#196=VECTOR('',#1697,10.);
#197=VECTOR('',#1712,1.75);
#198=VECTOR('',#1733,1.75);
#199=VECTOR('',#1736,10.);
#200=VECTOR('',#1739,10.);
#201=VECTOR('',#1752,1.75);
#202=VECTOR('',#1765,1.75);
#203=VECTOR('',#1768,10.);
#204=VECTOR('',#1771,10.);
#205=VECTOR('',#1780,10.);
#206=VECTOR('',#1783,10.);
#207=VECTOR('',#1788,10.);
#208=VECTOR('',#1793,10.);
#209=VECTOR('',#1794,10.);
#210=VECTOR('',#1797,10.);
#211=VECTOR('',#1800,10.);
#212=VECTOR('',#1801,10.);
#213=VECTOR('',#1802,10.);
#214=VECTOR('',#1803,10.);
#215=VECTOR('',#1806,10.);
#216=VECTOR('',#1809,10.);
#217=VECTOR('',#1812,10.);
#218=VECTOR('',#1815,10.);
#219=VECTOR('',#1818,10.);
#220=VECTOR('',#1823,10.);
#221=VECTOR('',#1826,10.);
#222=VECTOR('',#1829,10.);
#223=VECTOR('',#1830,10.);
#224=VECTOR('',#1831,10.);
#225=VECTOR('',#1832,10.);
#226=VECTOR('',#1835,10.);
#227=VECTOR('',#1838,10.);
#228=VECTOR('',#1849,3.325000000003);
#229=VECTOR('',#1852,10.);
#230=VECTOR('',#1855,10.);
#231=VECTOR('',#1884,1.75);
#232=VECTOR('',#1887,10.);
#233=VECTOR('',#1890,10.);
#234=VECTOR('',#1907,10.);
#235=VECTOR('',#1914,1.75);
#236=VECTOR('',#1917,10.);
#237=VECTOR('',#1920,10.);
#238=VECTOR('',#1937,1.75);
#239=VECTOR('',#1952,10.);
#240=VECTOR('',#1953,10.);
#241=VECTOR('',#1958,1.75);
#242=VECTOR('',#1963,10.);
#243=VECTOR('',#1974,10.);
#244=VECTOR('',#1977,10.);
#245=VECTOR('',#1990,3.325000000003);
#246=VECTOR('',#1993,10.);
#247=VECTOR('',#1996,10.);
#248=VECTOR('',#2001,10.);
#249=VECTOR('',#2002,10.);
#250=VECTOR('',#2005,10.);
#251=VECTOR('',#2006,10.);
#252=VECTOR('',#2007,10.);
#253=VECTOR('',#2008,10.);
#254=VECTOR('',#2011,10.);
#255=VECTOR('',#2012,10.);
#256=VECTOR('',#2015,10.);
#257=VECTOR('',#2016,10.);
#258=VECTOR('',#2017,10.);
#259=VECTOR('',#2018,10.);
#260=VECTOR('',#2021,10.);
#261=VECTOR('',#2024,10.);
#262=VECTOR('',#2027,10.);
#263=VECTOR('',#2030,10.);
#264=VECTOR('',#2033,10.);
#265=VECTOR('',#2036,10.);
#266=VECTOR('',#2039,10.);
#267=VECTOR('',#2042,10.);
#268=VECTOR('',#2053,10.);
#269=VECTOR('',#2058,10.);
#270=VECTOR('',#2059,10.);
#271=VECTOR('',#2062,10.);
#272=VECTOR('',#2065,10.);
#273=VECTOR('',#2068,10.);
#274=VECTOR('',#2093,10.);
#275=VECTOR('',#2094,10.);
#276=VECTOR('',#2097,10.);
#277=VECTOR('',#2100,10.);
#278=VECTOR('',#2121,10.);
#279=VECTOR('',#2122,10.);
#280=VECTOR('',#2129,10.);
#281=VECTOR('',#2130,10.);
#282=VECTOR('',#2133,10.);
#283=VECTOR('',#2136,10.);
#284=PLANE('',#1496);
#285=PLANE('',#1539);
#286=PLANE('',#1548);
#287=PLANE('',#1603);
#288=PLANE('',#1624);
#289=PLANE('',#1626);
#290=PLANE('',#1627);
#291=PLANE('',#1628);
#292=PLANE('',#1629);
#293=PLANE('',#1630);
#294=PLANE('',#1631);
#295=PLANE('',#1632);
#296=PLANE('',#1633);
#297=PLANE('',#1634);
#298=PLANE('',#1669);
#299=PLANE('',#1670);
#300=PLANE('',#1674);
#301=PLANE('',#1675);
#302=PLANE('',#1676);
#303=PLANE('',#1677);
#304=PLANE('',#1678);
#305=FACE_OUTER_BOUND('',#377,.T.);
#306=FACE_OUTER_BOUND('',#378,.T.);
#307=FACE_OUTER_BOUND('',#381,.T.);
#308=FACE_OUTER_BOUND('',#382,.T.);
#309=FACE_OUTER_BOUND('',#383,.T.);
#310=FACE_OUTER_BOUND('',#384,.T.);
#311=FACE_OUTER_BOUND('',#385,.T.);
#312=FACE_OUTER_BOUND('',#386,.T.);
#313=FACE_OUTER_BOUND('',#387,.T.);
#314=FACE_OUTER_BOUND('',#388,.T.);
#315=FACE_OUTER_BOUND('',#389,.T.);
#316=FACE_OUTER_BOUND('',#390,.T.);
#317=FACE_OUTER_BOUND('',#391,.T.);
#318=FACE_OUTER_BOUND('',#392,.T.);
#319=FACE_OUTER_BOUND('',#393,.T.);
#320=FACE_OUTER_BOUND('',#394,.T.);
#321=FACE_OUTER_BOUND('',#395,.T.);
#322=FACE_OUTER_BOUND('',#396,.T.);
#323=FACE_OUTER_BOUND('',#397,.T.);
#324=FACE_OUTER_BOUND('',#398,.T.);
#325=FACE_OUTER_BOUND('',#399,.T.);
#326=FACE_OUTER_BOUND('',#400,.T.);
#327=FACE_OUTER_BOUND('',#401,.T.);
#328=FACE_OUTER_BOUND('',#402,.T.);
#329=FACE_OUTER_BOUND('',#403,.T.);
#330=FACE_OUTER_BOUND('',#404,.T.);
#331=FACE_OUTER_BOUND('',#405,.T.);
#332=FACE_OUTER_BOUND('',#406,.T.);
#333=FACE_OUTER_BOUND('',#409,.T.);
#334=FACE_OUTER_BOUND('',#410,.T.);
#335=FACE_OUTER_BOUND('',#411,.T.);
#336=FACE_OUTER_BOUND('',#412,.T.);
#337=FACE_OUTER_BOUND('',#413,.T.);
#338=FACE_OUTER_BOUND('',#414,.T.);
#339=FACE_OUTER_BOUND('',#415,.T.);
#340=FACE_OUTER_BOUND('',#416,.T.);
#341=FACE_OUTER_BOUND('',#419,.T.);
#342=FACE_OUTER_BOUND('',#420,.T.);
#343=FACE_OUTER_BOUND('',#423,.T.);
#344=FACE_OUTER_BOUND('',#424,.T.);
#345=FACE_OUTER_BOUND('',#425,.T.);
#346=FACE_OUTER_BOUND('',#426,.T.);
#347=FACE_OUTER_BOUND('',#427,.T.);
#348=FACE_OUTER_BOUND('',#428,.T.);
#349=FACE_OUTER_BOUND('',#429,.T.);
#350=FACE_OUTER_BOUND('',#430,.T.);
#351=FACE_OUTER_BOUND('',#431,.T.);
#352=FACE_OUTER_BOUND('',#432,.T.);
#353=FACE_OUTER_BOUND('',#433,.T.);
#354=FACE_OUTER_BOUND('',#434,.T.);
#355=FACE_OUTER_BOUND('',#435,.T.);
#356=FACE_OUTER_BOUND('',#436,.T.);
#357=FACE_OUTER_BOUND('',#437,.T.);
#358=FACE_OUTER_BOUND('',#438,.T.);
#359=FACE_OUTER_BOUND('',#439,.T.);
#360=FACE_OUTER_BOUND('',#440,.T.);
#361=FACE_OUTER_BOUND('',#441,.T.);
#362=FACE_OUTER_BOUND('',#442,.T.);
#363=FACE_OUTER_BOUND('',#443,.T.);
#364=FACE_OUTER_BOUND('',#444,.T.);
#365=FACE_OUTER_BOUND('',#445,.T.);
#366=FACE_OUTER_BOUND('',#446,.T.);
#367=FACE_OUTER_BOUND('',#447,.T.);
#368=FACE_OUTER_BOUND('',#448,.T.);
#369=FACE_OUTER_BOUND('',#449,.T.);
#370=FACE_OUTER_BOUND('',#450,.T.);
#371=FACE_OUTER_BOUND('',#451,.T.);
#372=FACE_OUTER_BOUND('',#452,.T.);
#373=FACE_OUTER_BOUND('',#453,.T.);
#374=FACE_OUTER_BOUND('',#454,.T.);
#375=FACE_OUTER_BOUND('',#455,.T.);
#376=FACE_OUTER_BOUND('',#456,.T.);
#377=EDGE_LOOP('',(#933,#934,#935,#936,#937));
#378=EDGE_LOOP('',(#938,#939,#940,#941,#942,#943,#944,#945,#946));
#379=EDGE_LOOP('',(#947));
#380=EDGE_LOOP('',(#948));
#381=EDGE_LOOP('',(#949,#950,#951,#952,#953));
#382=EDGE_LOOP('',(#954,#955,#956,#957,#958,#959,#960,#961));
#383=EDGE_LOOP('',(#962,#963,#964,#965,#966,#967,#968,#969,#970,#971));
#384=EDGE_LOOP('',(#972,#973,#974,#975,#976,#977,#978,#979,#980));
#385=EDGE_LOOP('',(#981,#982,#983,#984,#985,#986,#987,#988));
#386=EDGE_LOOP('',(#989,#990,#991,#992,#993));
#387=EDGE_LOOP('',(#994,#995,#996,#997,#998,#999,#1000));
#388=EDGE_LOOP('',(#1001,#1002,#1003,#1004,#1005,#1006,#1007,#1008,#1009));
#389=EDGE_LOOP('',(#1010,#1011,#1012,#1013,#1014,#1015));
#390=EDGE_LOOP('',(#1016,#1017,#1018,#1019));
#391=EDGE_LOOP('',(#1020,#1021,#1022,#1023,#1024,#1025));
#392=EDGE_LOOP('',(#1026,#1027,#1028,#1029,#1030,#1031,#1032,#1033,#1034,
#1035,#1036,#1037,#1038,#1039));
#393=EDGE_LOOP('',(#1040,#1041,#1042,#1043,#1044,#1045,#1046,#1047));
#394=EDGE_LOOP('',(#1048,#1049,#1050,#1051,#1052,#1053,#1054,#1055,#1056,
#1057,#1058,#1059,#1060,#1061));
#395=EDGE_LOOP('',(#1062,#1063,#1064,#1065,#1066));
#396=EDGE_LOOP('',(#1067,#1068,#1069,#1070,#1071,#1072,#1073,#1074,#1075));
#397=EDGE_LOOP('',(#1076,#1077,#1078,#1079,#1080,#1081,#1082));
#398=EDGE_LOOP('',(#1083,#1084,#1085,#1086,#1087,#1088,#1089,#1090));
#399=EDGE_LOOP('',(#1091,#1092,#1093,#1094,#1095,#1096,#1097,#1098,#1099));
#400=EDGE_LOOP('',(#1100,#1101,#1102,#1103,#1104,#1105,#1106,#1107));
#401=EDGE_LOOP('',(#1108,#1109,#1110,#1111,#1112,#1113));
#402=EDGE_LOOP('',(#1114,#1115,#1116,#1117,#1118,#1119,#1120,#1121,#1122));
#403=EDGE_LOOP('',(#1123,#1124,#1125,#1126,#1127,#1128,#1129,#1130));
#404=EDGE_LOOP('',(#1131,#1132,#1133,#1134,#1135));
#405=EDGE_LOOP('',(#1136,#1137,#1138,#1139,#1140));
#406=EDGE_LOOP('',(#1141,#1142,#1143,#1144,#1145,#1146,#1147,#1148,#1149,
#1150,#1151));
#407=EDGE_LOOP('',(#1152));
#408=EDGE_LOOP('',(#1153));
#409=EDGE_LOOP('',(#1154,#1155,#1156,#1157,#1158));
#410=EDGE_LOOP('',(#1159,#1160,#1161,#1162));
#411=EDGE_LOOP('',(#1163,#1164,#1165,#1166,#1167,#1168));
#412=EDGE_LOOP('',(#1169,#1170,#1171,#1172,#1173,#1174,#1175,#1176));
#413=EDGE_LOOP('',(#1177,#1178,#1179,#1180,#1181));
#414=EDGE_LOOP('',(#1182,#1183,#1184,#1185,#1186,#1187,#1188,#1189,#1190));
#415=EDGE_LOOP('',(#1191,#1192,#1193,#1194));
#416=EDGE_LOOP('',(#1195,#1196,#1197,#1198,#1199,#1200,#1201,#1202,#1203,
#1204,#1205,#1206,#1207,#1208,#1209));
#417=EDGE_LOOP('',(#1210));
#418=EDGE_LOOP('',(#1211));
#419=EDGE_LOOP('',(#1212,#1213,#1214,#1215));
#420=EDGE_LOOP('',(#1216,#1217,#1218,#1219,#1220,#1221,#1222,#1223,#1224,
#1225,#1226,#1227,#1228,#1229,#1230));
#421=EDGE_LOOP('',(#1231));
#422=EDGE_LOOP('',(#1232));
#423=EDGE_LOOP('',(#1233,#1234,#1235,#1236));
#424=EDGE_LOOP('',(#1237,#1238,#1239,#1240));
#425=EDGE_LOOP('',(#1241,#1242,#1243,#1244));
#426=EDGE_LOOP('',(#1245,#1246,#1247,#1248));
#427=EDGE_LOOP('',(#1249,#1250,#1251,#1252));
#428=EDGE_LOOP('',(#1253,#1254,#1255,#1256));
#429=EDGE_LOOP('',(#1257,#1258,#1259,#1260));
#430=EDGE_LOOP('',(#1261,#1262,#1263,#1264));
#431=EDGE_LOOP('',(#1265,#1266,#1267,#1268));
#432=EDGE_LOOP('',(#1269,#1270,#1271,#1272));
#433=EDGE_LOOP('',(#1273,#1274,#1275,#1276));
#434=EDGE_LOOP('',(#1277,#1278,#1279));
#435=EDGE_LOOP('',(#1280,#1281,#1282));
#436=EDGE_LOOP('',(#1283,#1284,#1285,#1286,#1287));
#437=EDGE_LOOP('',(#1288,#1289,#1290,#1291));
#438=EDGE_LOOP('',(#1292,#1293,#1294,#1295));
#439=EDGE_LOOP('',(#1296,#1297,#1298,#1299));
#440=EDGE_LOOP('',(#1300,#1301,#1302,#1303));
#441=EDGE_LOOP('',(#1304,#1305,#1306,#1307,#1308));
#442=EDGE_LOOP('',(#1309,#1310,#1311,#1312,#1313));
#443=EDGE_LOOP('',(#1314,#1315,#1316,#1317));
#444=EDGE_LOOP('',(#1318,#1319,#1320,#1321));
#445=EDGE_LOOP('',(#1322,#1323,#1324,#1325));
#446=EDGE_LOOP('',(#1326,#1327,#1328,#1329,#1330));
#447=EDGE_LOOP('',(#1331,#1332,#1333,#1334,#1335,#1336,#1337,#1338,#1339,
#1340,#1341));
#448=EDGE_LOOP('',(#1342,#1343,#1344,#1345,#1346,#1347,#1348,#1349,#1350,
#1351,#1352));
#449=EDGE_LOOP('',(#1353,#1354,#1355,#1356));
#450=EDGE_LOOP('',(#1357,#1358,#1359,#1360));
#451=EDGE_LOOP('',(#1361,#1362,#1363,#1364));
#452=EDGE_LOOP('',(#1365,#1366,#1367,#1368));
#453=EDGE_LOOP('',(#1369,#1370,#1371,#1372));
#454=EDGE_LOOP('',(#1373,#1374,#1375,#1376,#1377,#1378,#1379,#1380));
#455=EDGE_LOOP('',(#1381,#1382,#1383,#1384));
#456=EDGE_LOOP('',(#1385,#1386,#1387,#1388,#1389,#1390,#1391,#1392));
#457=CIRCLE('',#1492,2.35);
#458=CIRCLE('',#1493,0.6);
#459=CIRCLE('',#1494,1.75);
#460=CIRCLE('',#1495,1.75);
#461=CIRCLE('',#1497,2.35);
#462=CIRCLE('',#1498,2.35);
#463=CIRCLE('',#1499,8.79999999999701);
#464=CIRCLE('',#1500,2.35);
#465=CIRCLE('',#1501,8.79999999999701);
#466=CIRCLE('',#1502,2.35);
#467=CIRCLE('',#1503,3.925000000003);
#468=CIRCLE('',#1505,1.75);
#469=CIRCLE('',#1507,0.6);
#470=CIRCLE('',#1508,1.75);
#471=CIRCLE('',#1509,1.75);
#472=CIRCLE('',#1511,0.599999999999974);
#473=CIRCLE('',#1512,9.39999999999701);
#474=CIRCLE('',#1513,0.599999999999999);
#475=CIRCLE('',#1515,1.75);
#476=CIRCLE('',#1516,1.75);
#477=CIRCLE('',#1517,1.75);
#478=CIRCLE('',#1519,0.6);
#479=CIRCLE('',#1520,1.75);
#480=CIRCLE('',#1521,1.75);
#481=CIRCLE('',#1523,1.75);
#482=CIRCLE('',#1525,0.6);
#483=CIRCLE('',#1526,1.75);
#484=CIRCLE('',#1527,1.75);
#485=CIRCLE('',#1529,1.75);
#486=CIRCLE('',#1530,1.75);
#487=CIRCLE('',#1531,1.75);
#488=CIRCLE('',#1540,8.);
#489=CIRCLE('',#1541,8.);
#490=CIRCLE('',#1545,9.39999999999701);
#491=CIRCLE('',#1546,9.39999999999701);
#492=CIRCLE('',#1547,9.39999999999701);
#493=CIRCLE('',#1551,8.);
#494=CIRCLE('',#1552,8.);
#495=CIRCLE('',#1554,0.6);
#496=CIRCLE('',#1555,3.325000000003);
#497=CIRCLE('',#1556,3.325000000003);
#498=CIRCLE('',#1558,3.325000000003);
#499=CIRCLE('',#1559,3.325000000003);
#500=CIRCLE('',#1560,3.325000000003);
#501=CIRCLE('',#1562,2.35);
#502=CIRCLE('',#1563,0.6);
#503=CIRCLE('',#1564,1.75);
#504=CIRCLE('',#1565,1.75);
#505=CIRCLE('',#1566,2.35);
#506=CIRCLE('',#1568,8.79999999999701);
#507=CIRCLE('',#1569,0.599999999999993);
#508=CIRCLE('',#1570,9.39999999999701);
#509=CIRCLE('',#1571,0.599999999999999);
#510=CIRCLE('',#1572,8.79999999999701);
#511=CIRCLE('',#1574,1.75);
#512=CIRCLE('',#1575,1.75);
#513=CIRCLE('',#1576,1.75);
#514=CIRCLE('',#1578,2.35);
#515=CIRCLE('',#1579,0.6);
#516=CIRCLE('',#1580,1.75);
#517=CIRCLE('',#1581,1.75);
#518=CIRCLE('',#1582,2.35);
#519=CIRCLE('',#1587,1.75);
#520=CIRCLE('',#1588,1.75);
#521=CIRCLE('',#1589,1.75);
#522=CIRCLE('',#1591,2.35);
#523=CIRCLE('',#1592,0.6);
#524=CIRCLE('',#1593,1.75);
#525=CIRCLE('',#1594,1.75);
#526=CIRCLE('',#1595,2.35);
#527=CIRCLE('',#1597,1.75);
#528=CIRCLE('',#1599,2.35);
#529=CIRCLE('',#1600,0.6);
#530=CIRCLE('',#1601,1.75);
#531=CIRCLE('',#1602,1.75);
#532=CIRCLE('',#1604,3.925000000003);
#533=CIRCLE('',#1606,1.75);
#534=CIRCLE('',#1612,9.39999999999701);
#535=CIRCLE('',#1613,9.39999999999701);
#536=CIRCLE('',#1614,9.39999999999701);
#537=CIRCLE('',#1616,0.6);
#538=CIRCLE('',#1617,3.325000000003);
#539=CIRCLE('',#1618,3.325000000003);
#540=CIRCLE('',#1620,3.325000000003);
#541=CIRCLE('',#1621,3.325000000003);
#542=CIRCLE('',#1622,3.325000000003);
#543=CIRCLE('',#1635,7.62);
#544=CIRCLE('',#1636,7.61999999999998);
#545=CIRCLE('',#1639,7.62);
#546=CIRCLE('',#1640,7.62);
#547=CIRCLE('',#1643,7.62);
#548=CIRCLE('',#1647,7.62);
#549=CIRCLE('',#1650,7.62);
#550=CIRCLE('',#1653,7.62);
#551=CIRCLE('',#1658,7.62);
#552=CIRCLE('',#1659,7.62);
#553=CIRCLE('',#1662,7.62000000000001);
#554=CIRCLE('',#1665,7.62);
#555=VERTEX_POINT('',#2149);
#556=VERTEX_POINT('',#2151);
#557=VERTEX_POINT('',#2153);
#558=VERTEX_POINT('',#2157);
#559=VERTEX_POINT('',#2158);
#560=VERTEX_POINT('',#2160);
#561=VERTEX_POINT('',#2162);
#562=VERTEX_POINT('',#2164);
#563=VERTEX_POINT('',#2166);
#564=VERTEX_POINT('',#2168);
#565=VERTEX_POINT('',#2170);
#566=VERTEX_POINT('',#2172);
#567=VERTEX_POINT('',#2175);
#568=VERTEX_POINT('',#2178);
#569=VERTEX_POINT('',#2182);
#570=VERTEX_POINT('',#2193);
#571=VERTEX_POINT('',#2195);
#572=VERTEX_POINT('',#2211);
#573=VERTEX_POINT('',#2238);
#574=VERTEX_POINT('',#2245);
#575=VERTEX_POINT('',#2256);
#576=VERTEX_POINT('',#2258);
#577=VERTEX_POINT('',#2262);
#578=VERTEX_POINT('',#2264);
#579=VERTEX_POINT('',#2266);
#580=VERTEX_POINT('',#2268);
#581=VERTEX_POINT('',#2270);
#582=VERTEX_POINT('',#2274);
#583=VERTEX_POINT('',#2276);
#584=VERTEX_POINT('',#2290);
#585=VERTEX_POINT('',#2294);
#586=VERTEX_POINT('',#2296);
#587=VERTEX_POINT('',#2300);
#588=VERTEX_POINT('',#2302);
#589=VERTEX_POINT('',#2304);
#590=VERTEX_POINT('',#2306);
#591=VERTEX_POINT('',#2308);
#592=VERTEX_POINT('',#2312);
#593=VERTEX_POINT('',#2314);
#594=VERTEX_POINT('',#2318);
#595=VERTEX_POINT('',#2322);
#596=VERTEX_POINT('',#2326);
#597=VERTEX_POINT('',#2328);
#598=VERTEX_POINT('',#2330);
#599=VERTEX_POINT('',#2332);
#600=VERTEX_POINT('',#2334);
#601=VERTEX_POINT('',#2336);
#602=VERTEX_POINT('',#2338);
#603=VERTEX_POINT('',#2340);
#604=VERTEX_POINT('',#2342);
#605=VERTEX_POINT('',#2344);
#606=VERTEX_POINT('',#2346);
#607=VERTEX_POINT('',#2348);
#608=VERTEX_POINT('',#2352);
#609=VERTEX_POINT('',#2354);
#610=VERTEX_POINT('',#2356);
#611=VERTEX_POINT('',#2358);
#612=VERTEX_POINT('',#2360);
#613=VERTEX_POINT('',#2364);
#614=VERTEX_POINT('',#2366);
#615=VERTEX_POINT('',#2368);
#616=VERTEX_POINT('',#2370);
#617=VERTEX_POINT('',#2372);
#618=VERTEX_POINT('',#2374);
#619=VERTEX_POINT('',#2376);
#620=VERTEX_POINT('',#2378);
#621=VERTEX_POINT('',#2380);
#622=VERTEX_POINT('',#2382);
#623=VERTEX_POINT('',#2384);
#624=VERTEX_POINT('',#2388);
#625=VERTEX_POINT('',#2390);
#626=VERTEX_POINT('',#2394);
#627=VERTEX_POINT('',#2396);
#628=VERTEX_POINT('',#2398);
#629=VERTEX_POINT('',#2400);
#630=VERTEX_POINT('',#2402);
#631=VERTEX_POINT('',#2406);
#632=VERTEX_POINT('',#2407);
#633=VERTEX_POINT('',#2430);
#634=VERTEX_POINT('',#2432);
#635=VERTEX_POINT('',#2434);
#636=VERTEX_POINT('',#2439);
#637=VERTEX_POINT('',#2441);
#638=VERTEX_POINT('',#2456);
#639=VERTEX_POINT('',#2458);
#640=VERTEX_POINT('',#2473);
#641=VERTEX_POINT('',#2475);
#642=VERTEX_POINT('',#2477);
#643=VERTEX_POINT('',#2479);
#644=VERTEX_POINT('',#2481);
#645=VERTEX_POINT('',#2485);
#646=VERTEX_POINT('',#2487);
#647=VERTEX_POINT('',#2489);
#648=VERTEX_POINT('',#2492);
#649=VERTEX_POINT('',#2505);
#650=VERTEX_POINT('',#2507);
#651=VERTEX_POINT('',#2511);
#652=VERTEX_POINT('',#2513);
#653=VERTEX_POINT('',#2515);
#654=VERTEX_POINT('',#2517);
#655=VERTEX_POINT('',#2519);
#656=VERTEX_POINT('',#2523);
#657=VERTEX_POINT('',#2534);
#658=VERTEX_POINT('',#2536);
#659=VERTEX_POINT('',#2538);
#660=VERTEX_POINT('',#2543);
#661=VERTEX_POINT('',#2547);
#662=VERTEX_POINT('',#2549);
#663=VERTEX_POINT('',#2551);
#664=VERTEX_POINT('',#2555);
#665=VERTEX_POINT('',#2558);
#666=VERTEX_POINT('',#2561);
#667=VERTEX_POINT('',#2565);
#668=VERTEX_POINT('',#2571);
#669=VERTEX_POINT('',#2573);
#670=VERTEX_POINT('',#2575);
#671=VERTEX_POINT('',#2577);
#672=VERTEX_POINT('',#2581);
#673=VERTEX_POINT('',#2583);
#674=VERTEX_POINT('',#2587);
#675=VERTEX_POINT('',#2589);
#676=VERTEX_POINT('',#2591);
#677=VERTEX_POINT('',#2593);
#678=VERTEX_POINT('',#2595);
#679=VERTEX_POINT('',#2646);
#680=VERTEX_POINT('',#2648);
#681=VERTEX_POINT('',#2652);
#682=VERTEX_POINT('',#2671);
#683=VERTEX_POINT('',#2722);
#684=VERTEX_POINT('',#2784);
#685=VERTEX_POINT('',#2799);
#686=VERTEX_POINT('',#2801);
#687=VERTEX_POINT('',#2805);
#688=VERTEX_POINT('',#2806);
#689=VERTEX_POINT('',#2834);
#690=VERTEX_POINT('',#2835);
#691=VERTEX_POINT('',#2899);
#692=VERTEX_POINT('',#2900);
#693=VERTEX_POINT('',#2934);
#694=VERTEX_POINT('',#2935);
#695=VERTEX_POINT('',#2943);
#696=VERTEX_POINT('',#2945);
#697=VERTEX_POINT('',#2978);
#698=VERTEX_POINT('',#2979);
#699=VERTEX_POINT('',#3043);
#700=VERTEX_POINT('',#3044);
#701=VERTEX_POINT('',#3072);
#702=VERTEX_POINT('',#3073);
#703=EDGE_CURVE('',#555,#555,#457,.T.);
#704=EDGE_CURVE('',#555,#556,#458,.T.);
#705=EDGE_CURVE('',#556,#557,#459,.T.);
#706=EDGE_CURVE('',#557,#556,#460,.T.);
#707=EDGE_CURVE('',#558,#559,#461,.T.);
#708=EDGE_CURVE('',#560,#558,#104,.T.);
#709=EDGE_CURVE('',#561,#560,#105,.T.);
#710=EDGE_CURVE('',#562,#561,#106,.T.);
#711=EDGE_CURVE('',#563,#562,#462,.T.);
#712=EDGE_CURVE('',#564,#563,#463,.T.);
#713=EDGE_CURVE('',#565,#564,#464,.T.);
#714=EDGE_CURVE('',#566,#565,#465,.T.);
#715=EDGE_CURVE('',#559,#566,#466,.T.);
#716=EDGE_CURVE('',#567,#567,#467,.T.);
#717=EDGE_CURVE('',#557,#568,#107,.T.);
#718=EDGE_CURVE('',#568,#568,#468,.T.);
#719=EDGE_CURVE('',#569,#558,#53,.T.);
#720=EDGE_CURVE('',#559,#570,#469,.T.);
#721=EDGE_CURVE('',#570,#571,#470,.T.);
#722=EDGE_CURVE('',#571,#570,#471,.T.);
#723=EDGE_CURVE('',#566,#569,#54,.T.);
#724=EDGE_CURVE('',#572,#565,#55,.T.);
#725=EDGE_CURVE('',#564,#572,#56,.T.);
#726=EDGE_CURVE('',#573,#563,#57,.T.);
#727=EDGE_CURVE('',#574,#573,#58,.T.);
#728=EDGE_CURVE('',#575,#574,#472,.T.);
#729=EDGE_CURVE('',#575,#576,#473,.T.);
#730=EDGE_CURVE('',#576,#569,#474,.T.);
#731=EDGE_CURVE('',#571,#577,#108,.T.);
#732=EDGE_CURVE('',#578,#577,#475,.T.);
#733=EDGE_CURVE('',#579,#578,#109,.T.);
#734=EDGE_CURVE('',#580,#579,#476,.T.);
#735=EDGE_CURVE('',#581,#580,#110,.T.);
#736=EDGE_CURVE('',#577,#581,#477,.T.);
#737=EDGE_CURVE('',#573,#582,#478,.T.);
#738=EDGE_CURVE('',#582,#583,#479,.T.);
#739=EDGE_CURVE('',#583,#582,#480,.T.);
#740=EDGE_CURVE('',#562,#574,#59,.T.);
#741=EDGE_CURVE('',#583,#584,#111,.T.);
#742=EDGE_CURVE('',#584,#584,#481,.T.);
#743=EDGE_CURVE('',#572,#585,#482,.T.);
#744=EDGE_CURVE('',#585,#586,#483,.T.);
#745=EDGE_CURVE('',#586,#585,#484,.T.);
#746=EDGE_CURVE('',#586,#587,#112,.T.);
#747=EDGE_CURVE('',#588,#587,#485,.T.);
#748=EDGE_CURVE('',#589,#588,#113,.T.);
#749=EDGE_CURVE('',#590,#589,#486,.T.);
#750=EDGE_CURVE('',#591,#590,#114,.T.);
#751=EDGE_CURVE('',#587,#591,#487,.T.);
#752=EDGE_CURVE('',#561,#592,#25,.T.);
#753=EDGE_CURVE('',#592,#593,#26,.T.);
#754=EDGE_CURVE('',#593,#575,#115,.T.);
#755=EDGE_CURVE('',#594,#592,#116,.T.);
#756=EDGE_CURVE('',#560,#594,#27,.T.);
#757=EDGE_CURVE('',#576,#595,#117,.T.);
#758=EDGE_CURVE('',#595,#594,#28,.T.);
#759=EDGE_CURVE('',#596,#576,#118,.T.);
#760=EDGE_CURVE('',#596,#597,#119,.T.);
#761=EDGE_CURVE('',#598,#597,#488,.T.);
#762=EDGE_CURVE('',#598,#599,#120,.T.);
#763=EDGE_CURVE('',#600,#599,#489,.T.);
#764=EDGE_CURVE('',#600,#601,#121,.T.);
#765=EDGE_CURVE('',#601,#602,#122,.T.);
#766=EDGE_CURVE('',#603,#602,#123,.T.);
#767=EDGE_CURVE('',#603,#604,#124,.T.);
#768=EDGE_CURVE('',#605,#604,#29,.T.);
#769=EDGE_CURVE('',#606,#605,#125,.T.);
#770=EDGE_CURVE('',#607,#606,#30,.T.);
#771=EDGE_CURVE('',#607,#595,#126,.T.);
#772=EDGE_CURVE('',#608,#575,#127,.T.);
#773=EDGE_CURVE('',#608,#609,#490,.T.);
#774=EDGE_CURVE('',#609,#610,#128,.T.);
#775=EDGE_CURVE('',#610,#611,#491,.T.);
#776=EDGE_CURVE('',#611,#612,#129,.T.);
#777=EDGE_CURVE('',#612,#596,#492,.T.);
#778=EDGE_CURVE('',#593,#613,#130,.T.);
#779=EDGE_CURVE('',#614,#613,#31,.T.);
#780=EDGE_CURVE('',#615,#614,#131,.T.);
#781=EDGE_CURVE('',#616,#615,#32,.T.);
#782=EDGE_CURVE('',#616,#617,#132,.T.);
#783=EDGE_CURVE('',#618,#617,#133,.T.);
#784=EDGE_CURVE('',#619,#618,#134,.T.);
#785=EDGE_CURVE('',#619,#620,#135,.T.);
#786=EDGE_CURVE('',#621,#620,#493,.T.);
#787=EDGE_CURVE('',#621,#622,#136,.T.);
#788=EDGE_CURVE('',#623,#622,#494,.T.);
#789=EDGE_CURVE('',#623,#608,#137,.T.);
#790=EDGE_CURVE('',#567,#624,#495,.T.);
#791=EDGE_CURVE('',#624,#625,#496,.T.);
#792=EDGE_CURVE('',#625,#624,#497,.T.);
#793=EDGE_CURVE('',#625,#626,#138,.T.);
#794=EDGE_CURVE('',#626,#627,#498,.T.);
#795=EDGE_CURVE('',#628,#627,#139,.T.);
#796=EDGE_CURVE('',#628,#629,#499,.T.);
#797=EDGE_CURVE('',#629,#630,#140,.T.);
#798=EDGE_CURVE('',#630,#626,#500,.T.);
#799=EDGE_CURVE('',#631,#632,#60,.T.);
#800=EDGE_CURVE('',#632,#633,#501,.T.);
#801=EDGE_CURVE('',#633,#634,#502,.T.);
#802=EDGE_CURVE('',#634,#635,#503,.T.);
#803=EDGE_CURVE('',#635,#634,#504,.T.);
#804=EDGE_CURVE('',#633,#631,#505,.T.);
#805=EDGE_CURVE('',#631,#636,#506,.T.);
#806=EDGE_CURVE('',#637,#636,#61,.T.);
#807=EDGE_CURVE('',#602,#637,#507,.T.);
#808=EDGE_CURVE('',#602,#618,#508,.T.);
#809=EDGE_CURVE('',#618,#638,#509,.T.);
#810=EDGE_CURVE('',#639,#638,#62,.T.);
#811=EDGE_CURVE('',#639,#632,#510,.T.);
#812=EDGE_CURVE('',#635,#640,#141,.T.);
#813=EDGE_CURVE('',#641,#640,#511,.T.);
#814=EDGE_CURVE('',#642,#641,#142,.T.);
#815=EDGE_CURVE('',#643,#642,#512,.T.);
#816=EDGE_CURVE('',#644,#643,#143,.T.);
#817=EDGE_CURVE('',#640,#644,#513,.T.);
#818=EDGE_CURVE('',#636,#645,#514,.T.);
#819=EDGE_CURVE('',#645,#646,#515,.T.);
#820=EDGE_CURVE('',#646,#647,#516,.T.);
#821=EDGE_CURVE('',#647,#646,#517,.T.);
#822=EDGE_CURVE('',#645,#648,#518,.T.);
#823=EDGE_CURVE('',#648,#637,#63,.T.);
#824=EDGE_CURVE('',#648,#649,#144,.T.);
#825=EDGE_CURVE('',#649,#650,#33,.T.);
#826=EDGE_CURVE('',#650,#603,#34,.T.);
#827=EDGE_CURVE('',#647,#651,#145,.T.);
#828=EDGE_CURVE('',#652,#651,#519,.T.);
#829=EDGE_CURVE('',#653,#652,#146,.T.);
#830=EDGE_CURVE('',#654,#653,#520,.T.);
#831=EDGE_CURVE('',#655,#654,#147,.T.);
#832=EDGE_CURVE('',#651,#655,#521,.T.);
#833=EDGE_CURVE('',#638,#656,#64,.T.);
#834=EDGE_CURVE('',#656,#657,#522,.T.);
#835=EDGE_CURVE('',#657,#658,#523,.T.);
#836=EDGE_CURVE('',#658,#659,#524,.T.);
#837=EDGE_CURVE('',#659,#658,#525,.T.);
#838=EDGE_CURVE('',#657,#639,#526,.T.);
#839=EDGE_CURVE('',#659,#660,#148,.T.);
#840=EDGE_CURVE('',#660,#660,#527,.T.);
#841=EDGE_CURVE('',#661,#661,#528,.T.);
#842=EDGE_CURVE('',#661,#662,#529,.T.);
#843=EDGE_CURVE('',#662,#663,#530,.T.);
#844=EDGE_CURVE('',#663,#662,#531,.T.);
#845=EDGE_CURVE('',#664,#656,#149,.T.);
#846=EDGE_CURVE('',#649,#664,#150,.T.);
#847=EDGE_CURVE('',#665,#665,#532,.T.);
#848=EDGE_CURVE('',#663,#666,#151,.T.);
#849=EDGE_CURVE('',#666,#666,#533,.T.);
#850=EDGE_CURVE('',#667,#650,#152,.T.);
#851=EDGE_CURVE('',#664,#667,#35,.T.);
#852=EDGE_CURVE('',#617,#667,#36,.T.);
#853=EDGE_CURVE('',#601,#668,#534,.T.);
#854=EDGE_CURVE('',#668,#669,#153,.T.);
#855=EDGE_CURVE('',#669,#670,#535,.T.);
#856=EDGE_CURVE('',#670,#671,#154,.T.);
#857=EDGE_CURVE('',#671,#619,#536,.T.);
#858=EDGE_CURVE('',#665,#672,#537,.T.);
#859=EDGE_CURVE('',#672,#673,#538,.T.);
#860=EDGE_CURVE('',#673,#672,#539,.T.);
#861=EDGE_CURVE('',#673,#674,#155,.T.);
#862=EDGE_CURVE('',#674,#675,#540,.T.);
#863=EDGE_CURVE('',#676,#675,#156,.T.);
#864=EDGE_CURVE('',#676,#677,#541,.T.);
#865=EDGE_CURVE('',#677,#678,#157,.T.);
#866=EDGE_CURVE('',#678,#674,#542,.T.);
#867=EDGE_CURVE('',#597,#623,#158,.T.);
#868=EDGE_CURVE('',#622,#598,#159,.T.);
#869=EDGE_CURVE('',#578,#612,#160,.T.);
#870=EDGE_CURVE('',#627,#581,#161,.T.);
#871=EDGE_CURVE('',#588,#630,#162,.T.);
#872=EDGE_CURVE('',#609,#591,#163,.T.);
#873=EDGE_CURVE('',#620,#600,#164,.T.);
#874=EDGE_CURVE('',#599,#621,#165,.T.);
#875=EDGE_CURVE('',#641,#671,#166,.T.);
#876=EDGE_CURVE('',#675,#644,#167,.T.);
#877=EDGE_CURVE('',#652,#678,#168,.T.);
#878=EDGE_CURVE('',#668,#655,#169,.T.);
#879=EDGE_CURVE('',#580,#628,#170,.T.);
#880=EDGE_CURVE('',#611,#579,#171,.T.);
#881=EDGE_CURVE('',#590,#610,#172,.T.);
#882=EDGE_CURVE('',#629,#589,#173,.T.);
#883=EDGE_CURVE('',#643,#676,#174,.T.);
#884=EDGE_CURVE('',#670,#642,#175,.T.);
#885=EDGE_CURVE('',#654,#669,#176,.T.);
#886=EDGE_CURVE('',#677,#653,#177,.T.);
#887=EDGE_CURVE('',#679,#607,#543,.T.);
#888=EDGE_CURVE('',#606,#680,#544,.T.);
#889=EDGE_CURVE('',#680,#679,#37,.T.);
#890=EDGE_CURVE('',#605,#681,#545,.T.);
#891=EDGE_CURVE('',#681,#680,#178,.T.);
#892=EDGE_CURVE('',#604,#682,#546,.T.);
#893=EDGE_CURVE('',#682,#681,#38,.T.);
#894=EDGE_CURVE('',#679,#683,#65,.T.);
#895=EDGE_CURVE('',#683,#607,#179,.T.);
#896=EDGE_CURVE('',#604,#684,#180,.T.);
#897=EDGE_CURVE('',#684,#682,#66,.T.);
#898=EDGE_CURVE('',#684,#685,#181,.T.);
#899=EDGE_CURVE('',#685,#686,#547,.T.);
#900=EDGE_CURVE('',#686,#681,#182,.T.);
#901=EDGE_CURVE('',#687,#688,#183,.T.);
#902=EDGE_CURVE('',#688,#615,#39,.T.);
#903=EDGE_CURVE('',#614,#687,#40,.T.);
#904=EDGE_CURVE('',#689,#690,#548,.T.);
#905=EDGE_CURVE('',#690,#686,#41,.T.);
#906=EDGE_CURVE('',#685,#689,#42,.T.);
#907=EDGE_CURVE('',#691,#692,#549,.T.);
#908=EDGE_CURVE('',#692,#690,#43,.T.);
#909=EDGE_CURVE('',#689,#691,#44,.T.);
#910=EDGE_CURVE('',#693,#694,#550,.T.);
#911=EDGE_CURVE('',#694,#692,#45,.T.);
#912=EDGE_CURVE('',#691,#693,#46,.T.);
#913=EDGE_CURVE('',#688,#694,#184,.T.);
#914=EDGE_CURVE('',#693,#616,#185,.T.);
#915=EDGE_CURVE('',#613,#695,#186,.T.);
#916=EDGE_CURVE('',#695,#696,#551,.T.);
#917=EDGE_CURVE('',#696,#687,#187,.T.);
#918=EDGE_CURVE('',#697,#698,#552,.T.);
#919=EDGE_CURVE('',#698,#696,#47,.T.);
#920=EDGE_CURVE('',#695,#697,#48,.T.);
#921=EDGE_CURVE('',#699,#700,#553,.T.);
#922=EDGE_CURVE('',#700,#698,#49,.T.);
#923=EDGE_CURVE('',#697,#699,#50,.T.);
#924=EDGE_CURVE('',#701,#702,#554,.T.);
#925=EDGE_CURVE('',#702,#700,#51,.T.);
#926=EDGE_CURVE('',#699,#701,#52,.T.);
#927=EDGE_CURVE('',#680,#702,#188,.T.);
#928=EDGE_CURVE('',#701,#683,#189,.T.);
#929=EDGE_CURVE('',#698,#692,#190,.T.);
#930=EDGE_CURVE('',#694,#696,#191,.T.);
#931=EDGE_CURVE('',#690,#700,#192,.T.);
#932=EDGE_CURVE('',#702,#686,#193,.T.);
#933=ORIENTED_EDGE('',*,*,#703,.T.);
#934=ORIENTED_EDGE('',*,*,#704,.T.);
#935=ORIENTED_EDGE('',*,*,#705,.T.);
#936=ORIENTED_EDGE('',*,*,#706,.T.);
#937=ORIENTED_EDGE('',*,*,#704,.F.);
#938=ORIENTED_EDGE('',*,*,#707,.F.);
#939=ORIENTED_EDGE('',*,*,#708,.F.);
#940=ORIENTED_EDGE('',*,*,#709,.F.);
#941=ORIENTED_EDGE('',*,*,#710,.F.);
#942=ORIENTED_EDGE('',*,*,#711,.F.);
#943=ORIENTED_EDGE('',*,*,#712,.F.);
#944=ORIENTED_EDGE('',*,*,#713,.F.);
#945=ORIENTED_EDGE('',*,*,#714,.F.);
#946=ORIENTED_EDGE('',*,*,#715,.F.);
#947=ORIENTED_EDGE('',*,*,#716,.F.);
#948=ORIENTED_EDGE('',*,*,#703,.F.);
#949=ORIENTED_EDGE('',*,*,#706,.F.);
#950=ORIENTED_EDGE('',*,*,#717,.T.);
#951=ORIENTED_EDGE('',*,*,#718,.F.);
#952=ORIENTED_EDGE('',*,*,#717,.F.);
#953=ORIENTED_EDGE('',*,*,#705,.F.);
#954=ORIENTED_EDGE('',*,*,#719,.T.);
#955=ORIENTED_EDGE('',*,*,#707,.T.);
#956=ORIENTED_EDGE('',*,*,#720,.T.);
#957=ORIENTED_EDGE('',*,*,#721,.T.);
#958=ORIENTED_EDGE('',*,*,#722,.T.);
#959=ORIENTED_EDGE('',*,*,#720,.F.);
#960=ORIENTED_EDGE('',*,*,#715,.T.);
#961=ORIENTED_EDGE('',*,*,#723,.T.);
#962=ORIENTED_EDGE('',*,*,#723,.F.);
#963=ORIENTED_EDGE('',*,*,#714,.T.);
#964=ORIENTED_EDGE('',*,*,#724,.F.);
#965=ORIENTED_EDGE('',*,*,#725,.F.);
#966=ORIENTED_EDGE('',*,*,#712,.T.);
#967=ORIENTED_EDGE('',*,*,#726,.F.);
#968=ORIENTED_EDGE('',*,*,#727,.F.);
#969=ORIENTED_EDGE('',*,*,#728,.F.);
#970=ORIENTED_EDGE('',*,*,#729,.T.);
#971=ORIENTED_EDGE('',*,*,#730,.T.);
#972=ORIENTED_EDGE('',*,*,#722,.F.);
#973=ORIENTED_EDGE('',*,*,#731,.T.);
#974=ORIENTED_EDGE('',*,*,#732,.F.);
#975=ORIENTED_EDGE('',*,*,#733,.F.);
#976=ORIENTED_EDGE('',*,*,#734,.F.);
#977=ORIENTED_EDGE('',*,*,#735,.F.);
#978=ORIENTED_EDGE('',*,*,#736,.F.);
#979=ORIENTED_EDGE('',*,*,#731,.F.);
#980=ORIENTED_EDGE('',*,*,#721,.F.);
#981=ORIENTED_EDGE('',*,*,#727,.T.);
#982=ORIENTED_EDGE('',*,*,#737,.T.);
#983=ORIENTED_EDGE('',*,*,#738,.T.);
#984=ORIENTED_EDGE('',*,*,#739,.T.);
#985=ORIENTED_EDGE('',*,*,#737,.F.);
#986=ORIENTED_EDGE('',*,*,#726,.T.);
#987=ORIENTED_EDGE('',*,*,#711,.T.);
#988=ORIENTED_EDGE('',*,*,#740,.T.);
#989=ORIENTED_EDGE('',*,*,#739,.F.);
#990=ORIENTED_EDGE('',*,*,#741,.T.);
#991=ORIENTED_EDGE('',*,*,#742,.F.);
#992=ORIENTED_EDGE('',*,*,#741,.F.);
#993=ORIENTED_EDGE('',*,*,#738,.F.);
#994=ORIENTED_EDGE('',*,*,#725,.T.);
#995=ORIENTED_EDGE('',*,*,#743,.T.);
#996=ORIENTED_EDGE('',*,*,#744,.T.);
#997=ORIENTED_EDGE('',*,*,#745,.T.);
#998=ORIENTED_EDGE('',*,*,#743,.F.);
#999=ORIENTED_EDGE('',*,*,#724,.T.);
#1000=ORIENTED_EDGE('',*,*,#713,.T.);
#1001=ORIENTED_EDGE('',*,*,#745,.F.);
#1002=ORIENTED_EDGE('',*,*,#746,.T.);
#1003=ORIENTED_EDGE('',*,*,#747,.F.);
#1004=ORIENTED_EDGE('',*,*,#748,.F.);
#1005=ORIENTED_EDGE('',*,*,#749,.F.);
#1006=ORIENTED_EDGE('',*,*,#750,.F.);
#1007=ORIENTED_EDGE('',*,*,#751,.F.);
#1008=ORIENTED_EDGE('',*,*,#746,.F.);
#1009=ORIENTED_EDGE('',*,*,#744,.F.);
#1010=ORIENTED_EDGE('',*,*,#740,.F.);
#1011=ORIENTED_EDGE('',*,*,#710,.T.);
#1012=ORIENTED_EDGE('',*,*,#752,.T.);
#1013=ORIENTED_EDGE('',*,*,#753,.T.);
#1014=ORIENTED_EDGE('',*,*,#754,.T.);
#1015=ORIENTED_EDGE('',*,*,#728,.T.);
#1016=ORIENTED_EDGE('',*,*,#755,.T.);
#1017=ORIENTED_EDGE('',*,*,#752,.F.);
#1018=ORIENTED_EDGE('',*,*,#709,.T.);
#1019=ORIENTED_EDGE('',*,*,#756,.T.);
#1020=ORIENTED_EDGE('',*,*,#719,.F.);
#1021=ORIENTED_EDGE('',*,*,#730,.F.);
#1022=ORIENTED_EDGE('',*,*,#757,.T.);
#1023=ORIENTED_EDGE('',*,*,#758,.T.);
#1024=ORIENTED_EDGE('',*,*,#756,.F.);
#1025=ORIENTED_EDGE('',*,*,#708,.T.);
#1026=ORIENTED_EDGE('',*,*,#757,.F.);
#1027=ORIENTED_EDGE('',*,*,#759,.F.);
#1028=ORIENTED_EDGE('',*,*,#760,.T.);
#1029=ORIENTED_EDGE('',*,*,#761,.F.);
#1030=ORIENTED_EDGE('',*,*,#762,.T.);
#1031=ORIENTED_EDGE('',*,*,#763,.F.);
#1032=ORIENTED_EDGE('',*,*,#764,.T.);
#1033=ORIENTED_EDGE('',*,*,#765,.T.);
#1034=ORIENTED_EDGE('',*,*,#766,.F.);
#1035=ORIENTED_EDGE('',*,*,#767,.T.);
#1036=ORIENTED_EDGE('',*,*,#768,.F.);
#1037=ORIENTED_EDGE('',*,*,#769,.F.);
#1038=ORIENTED_EDGE('',*,*,#770,.F.);
#1039=ORIENTED_EDGE('',*,*,#771,.T.);
#1040=ORIENTED_EDGE('',*,*,#729,.F.);
#1041=ORIENTED_EDGE('',*,*,#772,.F.);
#1042=ORIENTED_EDGE('',*,*,#773,.T.);
#1043=ORIENTED_EDGE('',*,*,#774,.T.);
#1044=ORIENTED_EDGE('',*,*,#775,.T.);
#1045=ORIENTED_EDGE('',*,*,#776,.T.);
#1046=ORIENTED_EDGE('',*,*,#777,.T.);
#1047=ORIENTED_EDGE('',*,*,#759,.T.);
#1048=ORIENTED_EDGE('',*,*,#754,.F.);
#1049=ORIENTED_EDGE('',*,*,#778,.T.);
#1050=ORIENTED_EDGE('',*,*,#779,.F.);
#1051=ORIENTED_EDGE('',*,*,#780,.F.);
#1052=ORIENTED_EDGE('',*,*,#781,.F.);
#1053=ORIENTED_EDGE('',*,*,#782,.T.);
#1054=ORIENTED_EDGE('',*,*,#783,.F.);
#1055=ORIENTED_EDGE('',*,*,#784,.F.);
#1056=ORIENTED_EDGE('',*,*,#785,.T.);
#1057=ORIENTED_EDGE('',*,*,#786,.F.);
#1058=ORIENTED_EDGE('',*,*,#787,.T.);
#1059=ORIENTED_EDGE('',*,*,#788,.F.);
#1060=ORIENTED_EDGE('',*,*,#789,.T.);
#1061=ORIENTED_EDGE('',*,*,#772,.T.);
#1062=ORIENTED_EDGE('',*,*,#716,.T.);
#1063=ORIENTED_EDGE('',*,*,#790,.T.);
#1064=ORIENTED_EDGE('',*,*,#791,.T.);
#1065=ORIENTED_EDGE('',*,*,#792,.T.);
#1066=ORIENTED_EDGE('',*,*,#790,.F.);
#1067=ORIENTED_EDGE('',*,*,#792,.F.);
#1068=ORIENTED_EDGE('',*,*,#793,.T.);
#1069=ORIENTED_EDGE('',*,*,#794,.T.);
#1070=ORIENTED_EDGE('',*,*,#795,.F.);
#1071=ORIENTED_EDGE('',*,*,#796,.T.);
#1072=ORIENTED_EDGE('',*,*,#797,.T.);
#1073=ORIENTED_EDGE('',*,*,#798,.T.);
#1074=ORIENTED_EDGE('',*,*,#793,.F.);
#1075=ORIENTED_EDGE('',*,*,#791,.F.);
#1076=ORIENTED_EDGE('',*,*,#799,.T.);
#1077=ORIENTED_EDGE('',*,*,#800,.T.);
#1078=ORIENTED_EDGE('',*,*,#801,.T.);
#1079=ORIENTED_EDGE('',*,*,#802,.T.);
#1080=ORIENTED_EDGE('',*,*,#803,.T.);
#1081=ORIENTED_EDGE('',*,*,#801,.F.);
#1082=ORIENTED_EDGE('',*,*,#804,.T.);
#1083=ORIENTED_EDGE('',*,*,#799,.F.);
#1084=ORIENTED_EDGE('',*,*,#805,.T.);
#1085=ORIENTED_EDGE('',*,*,#806,.F.);
#1086=ORIENTED_EDGE('',*,*,#807,.F.);
#1087=ORIENTED_EDGE('',*,*,#808,.T.);
#1088=ORIENTED_EDGE('',*,*,#809,.T.);
#1089=ORIENTED_EDGE('',*,*,#810,.F.);
#1090=ORIENTED_EDGE('',*,*,#811,.T.);
#1091=ORIENTED_EDGE('',*,*,#803,.F.);
#1092=ORIENTED_EDGE('',*,*,#812,.T.);
#1093=ORIENTED_EDGE('',*,*,#813,.F.);
#1094=ORIENTED_EDGE('',*,*,#814,.F.);
#1095=ORIENTED_EDGE('',*,*,#815,.F.);
#1096=ORIENTED_EDGE('',*,*,#816,.F.);
#1097=ORIENTED_EDGE('',*,*,#817,.F.);
#1098=ORIENTED_EDGE('',*,*,#812,.F.);
#1099=ORIENTED_EDGE('',*,*,#802,.F.);
#1100=ORIENTED_EDGE('',*,*,#806,.T.);
#1101=ORIENTED_EDGE('',*,*,#818,.T.);
#1102=ORIENTED_EDGE('',*,*,#819,.T.);
#1103=ORIENTED_EDGE('',*,*,#820,.T.);
#1104=ORIENTED_EDGE('',*,*,#821,.T.);
#1105=ORIENTED_EDGE('',*,*,#819,.F.);
#1106=ORIENTED_EDGE('',*,*,#822,.T.);
#1107=ORIENTED_EDGE('',*,*,#823,.T.);
#1108=ORIENTED_EDGE('',*,*,#823,.F.);
#1109=ORIENTED_EDGE('',*,*,#824,.T.);
#1110=ORIENTED_EDGE('',*,*,#825,.T.);
#1111=ORIENTED_EDGE('',*,*,#826,.T.);
#1112=ORIENTED_EDGE('',*,*,#766,.T.);
#1113=ORIENTED_EDGE('',*,*,#807,.T.);
#1114=ORIENTED_EDGE('',*,*,#821,.F.);
#1115=ORIENTED_EDGE('',*,*,#827,.T.);
#1116=ORIENTED_EDGE('',*,*,#828,.F.);
#1117=ORIENTED_EDGE('',*,*,#829,.F.);
#1118=ORIENTED_EDGE('',*,*,#830,.F.);
#1119=ORIENTED_EDGE('',*,*,#831,.F.);
#1120=ORIENTED_EDGE('',*,*,#832,.F.);
#1121=ORIENTED_EDGE('',*,*,#827,.F.);
#1122=ORIENTED_EDGE('',*,*,#820,.F.);
#1123=ORIENTED_EDGE('',*,*,#833,.T.);
#1124=ORIENTED_EDGE('',*,*,#834,.T.);
#1125=ORIENTED_EDGE('',*,*,#835,.T.);
#1126=ORIENTED_EDGE('',*,*,#836,.T.);
#1127=ORIENTED_EDGE('',*,*,#837,.T.);
#1128=ORIENTED_EDGE('',*,*,#835,.F.);
#1129=ORIENTED_EDGE('',*,*,#838,.T.);
#1130=ORIENTED_EDGE('',*,*,#810,.T.);
#1131=ORIENTED_EDGE('',*,*,#837,.F.);
#1132=ORIENTED_EDGE('',*,*,#839,.T.);
#1133=ORIENTED_EDGE('',*,*,#840,.F.);
#1134=ORIENTED_EDGE('',*,*,#839,.F.);
#1135=ORIENTED_EDGE('',*,*,#836,.F.);
#1136=ORIENTED_EDGE('',*,*,#841,.T.);
#1137=ORIENTED_EDGE('',*,*,#842,.T.);
#1138=ORIENTED_EDGE('',*,*,#843,.T.);
#1139=ORIENTED_EDGE('',*,*,#844,.T.);
#1140=ORIENTED_EDGE('',*,*,#842,.F.);
#1141=ORIENTED_EDGE('',*,*,#800,.F.);
#1142=ORIENTED_EDGE('',*,*,#811,.F.);
#1143=ORIENTED_EDGE('',*,*,#838,.F.);
#1144=ORIENTED_EDGE('',*,*,#834,.F.);
#1145=ORIENTED_EDGE('',*,*,#845,.F.);
#1146=ORIENTED_EDGE('',*,*,#846,.F.);
#1147=ORIENTED_EDGE('',*,*,#824,.F.);
#1148=ORIENTED_EDGE('',*,*,#822,.F.);
#1149=ORIENTED_EDGE('',*,*,#818,.F.);
#1150=ORIENTED_EDGE('',*,*,#805,.F.);
#1151=ORIENTED_EDGE('',*,*,#804,.F.);
#1152=ORIENTED_EDGE('',*,*,#847,.F.);
#1153=ORIENTED_EDGE('',*,*,#841,.F.);
#1154=ORIENTED_EDGE('',*,*,#844,.F.);
#1155=ORIENTED_EDGE('',*,*,#848,.T.);
#1156=ORIENTED_EDGE('',*,*,#849,.F.);
#1157=ORIENTED_EDGE('',*,*,#848,.F.);
#1158=ORIENTED_EDGE('',*,*,#843,.F.);
#1159=ORIENTED_EDGE('',*,*,#850,.T.);
#1160=ORIENTED_EDGE('',*,*,#825,.F.);
#1161=ORIENTED_EDGE('',*,*,#846,.T.);
#1162=ORIENTED_EDGE('',*,*,#851,.T.);
#1163=ORIENTED_EDGE('',*,*,#833,.F.);
#1164=ORIENTED_EDGE('',*,*,#809,.F.);
#1165=ORIENTED_EDGE('',*,*,#783,.T.);
#1166=ORIENTED_EDGE('',*,*,#852,.T.);
#1167=ORIENTED_EDGE('',*,*,#851,.F.);
#1168=ORIENTED_EDGE('',*,*,#845,.T.);
#1169=ORIENTED_EDGE('',*,*,#808,.F.);
#1170=ORIENTED_EDGE('',*,*,#765,.F.);
#1171=ORIENTED_EDGE('',*,*,#853,.T.);
#1172=ORIENTED_EDGE('',*,*,#854,.T.);
#1173=ORIENTED_EDGE('',*,*,#855,.T.);
#1174=ORIENTED_EDGE('',*,*,#856,.T.);
#1175=ORIENTED_EDGE('',*,*,#857,.T.);
#1176=ORIENTED_EDGE('',*,*,#784,.T.);
#1177=ORIENTED_EDGE('',*,*,#847,.T.);
#1178=ORIENTED_EDGE('',*,*,#858,.T.);
#1179=ORIENTED_EDGE('',*,*,#859,.T.);
#1180=ORIENTED_EDGE('',*,*,#860,.T.);
#1181=ORIENTED_EDGE('',*,*,#858,.F.);
#1182=ORIENTED_EDGE('',*,*,#860,.F.);
#1183=ORIENTED_EDGE('',*,*,#861,.T.);
#1184=ORIENTED_EDGE('',*,*,#862,.T.);
#1185=ORIENTED_EDGE('',*,*,#863,.F.);
#1186=ORIENTED_EDGE('',*,*,#864,.T.);
#1187=ORIENTED_EDGE('',*,*,#865,.T.);
#1188=ORIENTED_EDGE('',*,*,#866,.T.);
#1189=ORIENTED_EDGE('',*,*,#861,.F.);
#1190=ORIENTED_EDGE('',*,*,#859,.F.);
#1191=ORIENTED_EDGE('',*,*,#761,.T.);
#1192=ORIENTED_EDGE('',*,*,#867,.T.);
#1193=ORIENTED_EDGE('',*,*,#788,.T.);
#1194=ORIENTED_EDGE('',*,*,#868,.T.);
#1195=ORIENTED_EDGE('',*,*,#867,.F.);
#1196=ORIENTED_EDGE('',*,*,#760,.F.);
#1197=ORIENTED_EDGE('',*,*,#777,.F.);
#1198=ORIENTED_EDGE('',*,*,#869,.F.);
#1199=ORIENTED_EDGE('',*,*,#732,.T.);
#1200=ORIENTED_EDGE('',*,*,#736,.T.);
#1201=ORIENTED_EDGE('',*,*,#870,.F.);
#1202=ORIENTED_EDGE('',*,*,#794,.F.);
#1203=ORIENTED_EDGE('',*,*,#798,.F.);
#1204=ORIENTED_EDGE('',*,*,#871,.F.);
#1205=ORIENTED_EDGE('',*,*,#747,.T.);
#1206=ORIENTED_EDGE('',*,*,#751,.T.);
#1207=ORIENTED_EDGE('',*,*,#872,.F.);
#1208=ORIENTED_EDGE('',*,*,#773,.F.);
#1209=ORIENTED_EDGE('',*,*,#789,.F.);
#1210=ORIENTED_EDGE('',*,*,#718,.T.);
#1211=ORIENTED_EDGE('',*,*,#742,.T.);
#1212=ORIENTED_EDGE('',*,*,#786,.T.);
#1213=ORIENTED_EDGE('',*,*,#873,.T.);
#1214=ORIENTED_EDGE('',*,*,#763,.T.);
#1215=ORIENTED_EDGE('',*,*,#874,.T.);
#1216=ORIENTED_EDGE('',*,*,#873,.F.);
#1217=ORIENTED_EDGE('',*,*,#785,.F.);
#1218=ORIENTED_EDGE('',*,*,#857,.F.);
#1219=ORIENTED_EDGE('',*,*,#875,.F.);
#1220=ORIENTED_EDGE('',*,*,#813,.T.);
#1221=ORIENTED_EDGE('',*,*,#817,.T.);
#1222=ORIENTED_EDGE('',*,*,#876,.F.);
#1223=ORIENTED_EDGE('',*,*,#862,.F.);
#1224=ORIENTED_EDGE('',*,*,#866,.F.);
#1225=ORIENTED_EDGE('',*,*,#877,.F.);
#1226=ORIENTED_EDGE('',*,*,#828,.T.);
#1227=ORIENTED_EDGE('',*,*,#832,.T.);
#1228=ORIENTED_EDGE('',*,*,#878,.F.);
#1229=ORIENTED_EDGE('',*,*,#853,.F.);
#1230=ORIENTED_EDGE('',*,*,#764,.F.);
#1231=ORIENTED_EDGE('',*,*,#840,.T.);
#1232=ORIENTED_EDGE('',*,*,#849,.T.);
#1233=ORIENTED_EDGE('',*,*,#735,.T.);
#1234=ORIENTED_EDGE('',*,*,#879,.T.);
#1235=ORIENTED_EDGE('',*,*,#795,.T.);
#1236=ORIENTED_EDGE('',*,*,#870,.T.);
#1237=ORIENTED_EDGE('',*,*,#733,.T.);
#1238=ORIENTED_EDGE('',*,*,#869,.T.);
#1239=ORIENTED_EDGE('',*,*,#776,.F.);
#1240=ORIENTED_EDGE('',*,*,#880,.T.);
#1241=ORIENTED_EDGE('',*,*,#750,.T.);
#1242=ORIENTED_EDGE('',*,*,#881,.T.);
#1243=ORIENTED_EDGE('',*,*,#774,.F.);
#1244=ORIENTED_EDGE('',*,*,#872,.T.);
#1245=ORIENTED_EDGE('',*,*,#748,.T.);
#1246=ORIENTED_EDGE('',*,*,#871,.T.);
#1247=ORIENTED_EDGE('',*,*,#797,.F.);
#1248=ORIENTED_EDGE('',*,*,#882,.T.);
#1249=ORIENTED_EDGE('',*,*,#816,.T.);
#1250=ORIENTED_EDGE('',*,*,#883,.T.);
#1251=ORIENTED_EDGE('',*,*,#863,.T.);
#1252=ORIENTED_EDGE('',*,*,#876,.T.);
#1253=ORIENTED_EDGE('',*,*,#814,.T.);
#1254=ORIENTED_EDGE('',*,*,#875,.T.);
#1255=ORIENTED_EDGE('',*,*,#856,.F.);
#1256=ORIENTED_EDGE('',*,*,#884,.T.);
#1257=ORIENTED_EDGE('',*,*,#831,.T.);
#1258=ORIENTED_EDGE('',*,*,#885,.T.);
#1259=ORIENTED_EDGE('',*,*,#854,.F.);
#1260=ORIENTED_EDGE('',*,*,#878,.T.);
#1261=ORIENTED_EDGE('',*,*,#829,.T.);
#1262=ORIENTED_EDGE('',*,*,#877,.T.);
#1263=ORIENTED_EDGE('',*,*,#865,.F.);
#1264=ORIENTED_EDGE('',*,*,#886,.T.);
#1265=ORIENTED_EDGE('',*,*,#887,.T.);
#1266=ORIENTED_EDGE('',*,*,#770,.T.);
#1267=ORIENTED_EDGE('',*,*,#888,.T.);
#1268=ORIENTED_EDGE('',*,*,#889,.T.);
#1269=ORIENTED_EDGE('',*,*,#890,.T.);
#1270=ORIENTED_EDGE('',*,*,#891,.T.);
#1271=ORIENTED_EDGE('',*,*,#888,.F.);
#1272=ORIENTED_EDGE('',*,*,#769,.T.);
#1273=ORIENTED_EDGE('',*,*,#892,.T.);
#1274=ORIENTED_EDGE('',*,*,#893,.T.);
#1275=ORIENTED_EDGE('',*,*,#890,.F.);
#1276=ORIENTED_EDGE('',*,*,#768,.T.);
#1277=ORIENTED_EDGE('',*,*,#887,.F.);
#1278=ORIENTED_EDGE('',*,*,#894,.T.);
#1279=ORIENTED_EDGE('',*,*,#895,.T.);
#1280=ORIENTED_EDGE('',*,*,#896,.T.);
#1281=ORIENTED_EDGE('',*,*,#897,.T.);
#1282=ORIENTED_EDGE('',*,*,#892,.F.);
#1283=ORIENTED_EDGE('',*,*,#893,.F.);
#1284=ORIENTED_EDGE('',*,*,#897,.F.);
#1285=ORIENTED_EDGE('',*,*,#898,.T.);
#1286=ORIENTED_EDGE('',*,*,#899,.T.);
#1287=ORIENTED_EDGE('',*,*,#900,.T.);
#1288=ORIENTED_EDGE('',*,*,#901,.T.);
#1289=ORIENTED_EDGE('',*,*,#902,.T.);
#1290=ORIENTED_EDGE('',*,*,#780,.T.);
#1291=ORIENTED_EDGE('',*,*,#903,.T.);
#1292=ORIENTED_EDGE('',*,*,#904,.T.);
#1293=ORIENTED_EDGE('',*,*,#905,.T.);
#1294=ORIENTED_EDGE('',*,*,#899,.F.);
#1295=ORIENTED_EDGE('',*,*,#906,.T.);
#1296=ORIENTED_EDGE('',*,*,#907,.T.);
#1297=ORIENTED_EDGE('',*,*,#908,.T.);
#1298=ORIENTED_EDGE('',*,*,#904,.F.);
#1299=ORIENTED_EDGE('',*,*,#909,.T.);
#1300=ORIENTED_EDGE('',*,*,#910,.T.);
#1301=ORIENTED_EDGE('',*,*,#911,.T.);
#1302=ORIENTED_EDGE('',*,*,#907,.F.);
#1303=ORIENTED_EDGE('',*,*,#912,.T.);
#1304=ORIENTED_EDGE('',*,*,#913,.T.);
#1305=ORIENTED_EDGE('',*,*,#910,.F.);
#1306=ORIENTED_EDGE('',*,*,#914,.T.);
#1307=ORIENTED_EDGE('',*,*,#781,.T.);
#1308=ORIENTED_EDGE('',*,*,#902,.F.);
#1309=ORIENTED_EDGE('',*,*,#915,.T.);
#1310=ORIENTED_EDGE('',*,*,#916,.T.);
#1311=ORIENTED_EDGE('',*,*,#917,.T.);
#1312=ORIENTED_EDGE('',*,*,#903,.F.);
#1313=ORIENTED_EDGE('',*,*,#779,.T.);
#1314=ORIENTED_EDGE('',*,*,#918,.T.);
#1315=ORIENTED_EDGE('',*,*,#919,.T.);
#1316=ORIENTED_EDGE('',*,*,#916,.F.);
#1317=ORIENTED_EDGE('',*,*,#920,.T.);
#1318=ORIENTED_EDGE('',*,*,#921,.T.);
#1319=ORIENTED_EDGE('',*,*,#922,.T.);
#1320=ORIENTED_EDGE('',*,*,#918,.F.);
#1321=ORIENTED_EDGE('',*,*,#923,.T.);
#1322=ORIENTED_EDGE('',*,*,#924,.T.);
#1323=ORIENTED_EDGE('',*,*,#925,.T.);
#1324=ORIENTED_EDGE('',*,*,#921,.F.);
#1325=ORIENTED_EDGE('',*,*,#926,.T.);
#1326=ORIENTED_EDGE('',*,*,#889,.F.);
#1327=ORIENTED_EDGE('',*,*,#927,.T.);
#1328=ORIENTED_EDGE('',*,*,#924,.F.);
#1329=ORIENTED_EDGE('',*,*,#928,.T.);
#1330=ORIENTED_EDGE('',*,*,#894,.F.);
#1331=ORIENTED_EDGE('',*,*,#758,.F.);
#1332=ORIENTED_EDGE('',*,*,#771,.F.);
#1333=ORIENTED_EDGE('',*,*,#895,.F.);
#1334=ORIENTED_EDGE('',*,*,#928,.F.);
#1335=ORIENTED_EDGE('',*,*,#926,.F.);
#1336=ORIENTED_EDGE('',*,*,#923,.F.);
#1337=ORIENTED_EDGE('',*,*,#920,.F.);
#1338=ORIENTED_EDGE('',*,*,#915,.F.);
#1339=ORIENTED_EDGE('',*,*,#778,.F.);
#1340=ORIENTED_EDGE('',*,*,#753,.F.);
#1341=ORIENTED_EDGE('',*,*,#755,.F.);
#1342=ORIENTED_EDGE('',*,*,#852,.F.);
#1343=ORIENTED_EDGE('',*,*,#782,.F.);
#1344=ORIENTED_EDGE('',*,*,#914,.F.);
#1345=ORIENTED_EDGE('',*,*,#912,.F.);
#1346=ORIENTED_EDGE('',*,*,#909,.F.);
#1347=ORIENTED_EDGE('',*,*,#906,.F.);
#1348=ORIENTED_EDGE('',*,*,#898,.F.);
#1349=ORIENTED_EDGE('',*,*,#896,.F.);
#1350=ORIENTED_EDGE('',*,*,#767,.F.);
#1351=ORIENTED_EDGE('',*,*,#826,.F.);
#1352=ORIENTED_EDGE('',*,*,#850,.F.);
#1353=ORIENTED_EDGE('',*,*,#919,.F.);
#1354=ORIENTED_EDGE('',*,*,#929,.T.);
#1355=ORIENTED_EDGE('',*,*,#911,.F.);
#1356=ORIENTED_EDGE('',*,*,#930,.T.);
#1357=ORIENTED_EDGE('',*,*,#922,.F.);
#1358=ORIENTED_EDGE('',*,*,#931,.F.);
#1359=ORIENTED_EDGE('',*,*,#908,.F.);
#1360=ORIENTED_EDGE('',*,*,#929,.F.);
#1361=ORIENTED_EDGE('',*,*,#925,.F.);
#1362=ORIENTED_EDGE('',*,*,#932,.T.);
#1363=ORIENTED_EDGE('',*,*,#905,.F.);
#1364=ORIENTED_EDGE('',*,*,#931,.T.);
#1365=ORIENTED_EDGE('',*,*,#917,.F.);
#1366=ORIENTED_EDGE('',*,*,#930,.F.);
#1367=ORIENTED_EDGE('',*,*,#913,.F.);
#1368=ORIENTED_EDGE('',*,*,#901,.F.);
#1369=ORIENTED_EDGE('',*,*,#868,.F.);
#1370=ORIENTED_EDGE('',*,*,#787,.F.);
#1371=ORIENTED_EDGE('',*,*,#874,.F.);
#1372=ORIENTED_EDGE('',*,*,#762,.F.);
#1373=ORIENTED_EDGE('',*,*,#734,.T.);
#1374=ORIENTED_EDGE('',*,*,#880,.F.);
#1375=ORIENTED_EDGE('',*,*,#775,.F.);
#1376=ORIENTED_EDGE('',*,*,#881,.F.);
#1377=ORIENTED_EDGE('',*,*,#749,.T.);
#1378=ORIENTED_EDGE('',*,*,#882,.F.);
#1379=ORIENTED_EDGE('',*,*,#796,.F.);
#1380=ORIENTED_EDGE('',*,*,#879,.F.);
#1381=ORIENTED_EDGE('',*,*,#891,.F.);
#1382=ORIENTED_EDGE('',*,*,#900,.F.);
#1383=ORIENTED_EDGE('',*,*,#932,.F.);
#1384=ORIENTED_EDGE('',*,*,#927,.F.);
#1385=ORIENTED_EDGE('',*,*,#815,.T.);
#1386=ORIENTED_EDGE('',*,*,#884,.F.);
#1387=ORIENTED_EDGE('',*,*,#855,.F.);
#1388=ORIENTED_EDGE('',*,*,#885,.F.);
#1389=ORIENTED_EDGE('',*,*,#830,.T.);
#1390=ORIENTED_EDGE('',*,*,#886,.F.);
#1391=ORIENTED_EDGE('',*,*,#864,.F.);
#1392=ORIENTED_EDGE('',*,*,#883,.F.);
#1393=TOROIDAL_SURFACE('',#1491,2.35,0.6);
#1394=TOROIDAL_SURFACE('',#1506,2.35,0.6);
#1395=TOROIDAL_SURFACE('',#1510,8.79999999999701,0.6);
#1396=TOROIDAL_SURFACE('',#1518,2.35,0.6);
#1397=TOROIDAL_SURFACE('',#1524,2.35,0.6);
#1398=TOROIDAL_SURFACE('',#1553,3.925000000003,0.6);
#1399=TOROIDAL_SURFACE('',#1561,2.35,0.6);
#1400=TOROIDAL_SURFACE('',#1567,8.79999999999701,0.6);
#1401=TOROIDAL_SURFACE('',#1577,2.35,0.6);
#1402=TOROIDAL_SURFACE('',#1590,2.35,0.6);
#1403=TOROIDAL_SURFACE('',#1598,2.35,0.6);
#1404=TOROIDAL_SURFACE('',#1615,3.925000000003,0.6);
#1405=ADVANCED_FACE('',(#305),#1393,.T.);
#1406=ADVANCED_FACE('',(#306,#96,#97),#284,.T.);
#1407=ADVANCED_FACE('',(#307),#67,.F.);
#1408=ADVANCED_FACE('',(#308),#1394,.T.);
#1409=ADVANCED_FACE('',(#309),#1395,.T.);
#1410=ADVANCED_FACE('',(#310),#68,.F.);
#1411=ADVANCED_FACE('',(#311),#1396,.T.);
#1412=ADVANCED_FACE('',(#312),#69,.F.);
#1413=ADVANCED_FACE('',(#313),#1397,.T.);
#1414=ADVANCED_FACE('',(#314),#70,.F.);
#1415=ADVANCED_FACE('',(#315),#71,.T.);
#1416=ADVANCED_FACE('',(#316),#72,.T.);
#1417=ADVANCED_FACE('',(#317),#73,.T.);
#1418=ADVANCED_FACE('',(#318),#285,.T.);
#1419=ADVANCED_FACE('',(#319),#74,.T.);
#1420=ADVANCED_FACE('',(#320),#286,.T.);
#1421=ADVANCED_FACE('',(#321),#1398,.T.);
#1422=ADVANCED_FACE('',(#322),#75,.F.);
#1423=ADVANCED_FACE('',(#323),#1399,.T.);
#1424=ADVANCED_FACE('',(#324),#1400,.T.);
#1425=ADVANCED_FACE('',(#325),#76,.F.);
#1426=ADVANCED_FACE('',(#326),#1401,.T.);
#1427=ADVANCED_FACE('',(#327),#77,.T.);
#1428=ADVANCED_FACE('',(#328),#78,.F.);
#1429=ADVANCED_FACE('',(#329),#1402,.T.);
#1430=ADVANCED_FACE('',(#330),#79,.F.);
#1431=ADVANCED_FACE('',(#331),#1403,.T.);
#1432=ADVANCED_FACE('',(#332,#98,#99),#287,.T.);
#1433=ADVANCED_FACE('',(#333),#80,.F.);
#1434=ADVANCED_FACE('',(#334),#81,.T.);
#1435=ADVANCED_FACE('',(#335),#82,.T.);
#1436=ADVANCED_FACE('',(#336),#83,.T.);
#1437=ADVANCED_FACE('',(#337),#1404,.T.);
#1438=ADVANCED_FACE('',(#338),#84,.F.);
#1439=ADVANCED_FACE('',(#339),#85,.F.);
#1440=ADVANCED_FACE('',(#340,#100,#101),#288,.F.);
#1441=ADVANCED_FACE('',(#341),#86,.F.);
#1442=ADVANCED_FACE('',(#342,#102,#103),#289,.F.);
#1443=ADVANCED_FACE('',(#343),#290,.F.);
#1444=ADVANCED_FACE('',(#344),#291,.F.);
#1445=ADVANCED_FACE('',(#345),#292,.F.);
#1446=ADVANCED_FACE('',(#346),#293,.F.);
#1447=ADVANCED_FACE('',(#347),#294,.F.);
#1448=ADVANCED_FACE('',(#348),#295,.F.);
#1449=ADVANCED_FACE('',(#349),#296,.F.);
#1450=ADVANCED_FACE('',(#350),#297,.F.);
#1451=ADVANCED_FACE('',(#351),#15,.T.);
#1452=ADVANCED_FACE('',(#352),#87,.F.);
#1453=ADVANCED_FACE('',(#353),#16,.T.);
#1454=ADVANCED_FACE('',(#354),#17,.T.);
#1455=ADVANCED_FACE('',(#355),#18,.T.);
#1456=ADVANCED_FACE('',(#356),#88,.T.);
#1457=ADVANCED_FACE('',(#357),#89,.T.);
#1458=ADVANCED_FACE('',(#358),#19,.F.);
#1459=ADVANCED_FACE('',(#359),#20,.F.);
#1460=ADVANCED_FACE('',(#360),#21,.F.);
#1461=ADVANCED_FACE('',(#361),#90,.T.);
#1462=ADVANCED_FACE('',(#362),#91,.T.);
#1463=ADVANCED_FACE('',(#363),#22,.F.);
#1464=ADVANCED_FACE('',(#364),#23,.F.);
#1465=ADVANCED_FACE('',(#365),#24,.F.);
#1466=ADVANCED_FACE('',(#366),#92,.T.);
#1467=ADVANCED_FACE('',(#367),#298,.F.);
#1468=ADVANCED_FACE('',(#368),#299,.F.);
#1469=ADVANCED_FACE('',(#369),#93,.T.);
#1470=ADVANCED_FACE('',(#370),#94,.T.);
#1471=ADVANCED_FACE('',(#371),#95,.F.);
#1472=ADVANCED_FACE('',(#372),#300,.T.);
#1473=ADVANCED_FACE('',(#373),#301,.T.);
#1474=ADVANCED_FACE('',(#374),#302,.T.);
#1475=ADVANCED_FACE('',(#375),#303,.T.);
#1476=ADVANCED_FACE('',(#376),#304,.T.);
#1477=CLOSED_SHELL('',(#1405,#1406,#1407,#1408,#1409,#1410,#1411,#1412,
#1413,#1414,#1415,#1416,#1417,#1418,#1419,#1420,#1421,#1422,#1423,#1424,
#1425,#1426,#1427,#1428,#1429,#1430,#1431,#1432,#1433,#1434,#1435,#1436,
#1437,#1438,#1439,#1440,#1441,#1442,#1443,#1444,#1445,#1446,#1447,#1448,
#1449,#1450,#1451,#1452,#1453,#1454,#1455,#1456,#1457,#1458,#1459,#1460,
#1461,#1462,#1463,#1464,#1465,#1466,#1467,#1468,#1469,#1470,#1471,#1472,
#1473,#1474,#1475,#1476));
#1478=DERIVED_UNIT_ELEMENT(#1480,1.);
#1479=DERIVED_UNIT_ELEMENT(#3099,-3.);
#1480=(
MASS_UNIT()
NAMED_UNIT(*)
SI_UNIT(.KILO.,.GRAM.)
);
#1481=DERIVED_UNIT((#1478,#1479));
#1482=MEASURE_REPRESENTATION_ITEM('density measure',
POSITIVE_RATIO_MEASURE(7850.),#1481);
#1483=PROPERTY_DEFINITION_REPRESENTATION(#1488,#1485);
#1484=PROPERTY_DEFINITION_REPRESENTATION(#1489,#1486);
#1485=REPRESENTATION('material name',(#1487),#3096);
#1486=REPRESENTATION('density',(#1482),#3096);
#1487=DESCRIPTIVE_REPRESENTATION_ITEM('Steel','Steel');
#1488=PROPERTY_DEFINITION('material property','material name',#3106);
#1489=PROPERTY_DEFINITION('material property','density of part',#3106);
#1490=AXIS2_PLACEMENT_3D('',#2147,#1679,#1680);
#1491=AXIS2_PLACEMENT_3D('',#2148,#1681,#1682);
#1492=AXIS2_PLACEMENT_3D('',#2150,#1683,#1684);
#1493=AXIS2_PLACEMENT_3D('',#2152,#1685,#1686);
#1494=AXIS2_PLACEMENT_3D('',#2154,#1687,#1688);
#1495=AXIS2_PLACEMENT_3D('',#2155,#1689,#1690);
#1496=AXIS2_PLACEMENT_3D('',#2156,#1691,#1692);
#1497=AXIS2_PLACEMENT_3D('',#2159,#1693,#1694);
#1498=AXIS2_PLACEMENT_3D('',#2167,#1698,#1699);
#1499=AXIS2_PLACEMENT_3D('',#2169,#1700,#1701);
#1500=AXIS2_PLACEMENT_3D('',#2171,#1702,#1703);
#1501=AXIS2_PLACEMENT_3D('',#2173,#1704,#1705);
#1502=AXIS2_PLACEMENT_3D('',#2174,#1706,#1707);
#1503=AXIS2_PLACEMENT_3D('',#2176,#1708,#1709);
#1504=AXIS2_PLACEMENT_3D('',#2177,#1710,#1711);
#1505=AXIS2_PLACEMENT_3D('',#2180,#1713,#1714);
#1506=AXIS2_PLACEMENT_3D('',#2181,#1715,#1716);
#1507=AXIS2_PLACEMENT_3D('',#2194,#1717,#1718);
#1508=AXIS2_PLACEMENT_3D('',#2196,#1719,#1720);
#1509=AXIS2_PLACEMENT_3D('',#2197,#1721,#1722);
#1510=AXIS2_PLACEMENT_3D('',#2210,#1723,#1724);
#1511=AXIS2_PLACEMENT_3D('',#2257,#1725,#1726);
#1512=AXIS2_PLACEMENT_3D('',#2259,#1727,#1728);
#1513=AXIS2_PLACEMENT_3D('',#2260,#1729,#1730);
#1514=AXIS2_PLACEMENT_3D('',#2261,#1731,#1732);
#1515=AXIS2_PLACEMENT_3D('',#2265,#1734,#1735);
#1516=AXIS2_PLACEMENT_3D('',#2269,#1737,#1738);
#1517=AXIS2_PLACEMENT_3D('',#2272,#1740,#1741);
#1518=AXIS2_PLACEMENT_3D('',#2273,#1742,#1743);
#1519=AXIS2_PLACEMENT_3D('',#2275,#1744,#1745);
#1520=AXIS2_PLACEMENT_3D('',#2277,#1746,#1747);
#1521=AXIS2_PLACEMENT_3D('',#2278,#1748,#1749);
#1522=AXIS2_PLACEMENT_3D('',#2289,#1750,#1751);
#1523=AXIS2_PLACEMENT_3D('',#2292,#1753,#1754);
#1524=AXIS2_PLACEMENT_3D('',#2293,#1755,#1756);
#1525=AXIS2_PLACEMENT_3D('',#2295,#1757,#1758);
#1526=AXIS2_PLACEMENT_3D('',#2297,#1759,#1760);
#1527=AXIS2_PLACEMENT_3D('',#2298,#1761,#1762);
#1528=AXIS2_PLACEMENT_3D('',#2299,#1763,#1764);
#1529=AXIS2_PLACEMENT_3D('',#2303,#1766,#1767);
#1530=AXIS2_PLACEMENT_3D('',#2307,#1769,#1770);
#1531=AXIS2_PLACEMENT_3D('',#2310,#1772,#1773);
#1532=AXIS2_PLACEMENT_3D('',#2311,#1774,#1775);
#1533=AXIS2_PLACEMENT_3D('',#2313,#1776,#1777);
#1534=AXIS2_PLACEMENT_3D('',#2315,#1778,#1779);
#1535=AXIS2_PLACEMENT_3D('',#2317,#1781,#1782);
#1536=AXIS2_PLACEMENT_3D('',#2320,#1784,#1785);
#1537=AXIS2_PLACEMENT_3D('',#2321,#1786,#1787);
#1538=AXIS2_PLACEMENT_3D('',#2324,#1789,#1790);
#1539=AXIS2_PLACEMENT_3D('',#2325,#1791,#1792);
#1540=AXIS2_PLACEMENT_3D('',#2331,#1795,#1796);
#1541=AXIS2_PLACEMENT_3D('',#2335,#1798,#1799);
#1542=AXIS2_PLACEMENT_3D('',#2345,#1804,#1805);
#1543=AXIS2_PLACEMENT_3D('',#2349,#1807,#1808);
#1544=AXIS2_PLACEMENT_3D('',#2351,#1810,#1811);
#1545=AXIS2_PLACEMENT_3D('',#2355,#1813,#1814);
#1546=AXIS2_PLACEMENT_3D('',#2359,#1816,#1817);
#1547=AXIS2_PLACEMENT_3D('',#2362,#1819,#1820);
#1548=AXIS2_PLACEMENT_3D('',#2363,#1821,#1822);
#1549=AXIS2_PLACEMENT_3D('',#2367,#1824,#1825);
#1550=AXIS2_PLACEMENT_3D('',#2371,#1827,#1828);
#1551=AXIS2_PLACEMENT_3D('',#2381,#1833,#1834);
#1552=AXIS2_PLACEMENT_3D('',#2385,#1836,#1837);
#1553=AXIS2_PLACEMENT_3D('',#2387,#1839,#1840);
#1554=AXIS2_PLACEMENT_3D('',#2389,#1841,#1842);
#1555=AXIS2_PLACEMENT_3D('',#2391,#1843,#1844);
#1556=AXIS2_PLACEMENT_3D('',#2392,#1845,#1846);
#1557=AXIS2_PLACEMENT_3D('',#2393,#1847,#1848);
#1558=AXIS2_PLACEMENT_3D('',#2397,#1850,#1851);
#1559=AXIS2_PLACEMENT_3D('',#2401,#1853,#1854);
#1560=AXIS2_PLACEMENT_3D('',#2404,#1856,#1857);
#1561=AXIS2_PLACEMENT_3D('',#2405,#1858,#1859);
#1562=AXIS2_PLACEMENT_3D('',#2431,#1860,#1861);
#1563=AXIS2_PLACEMENT_3D('',#2433,#1862,#1863);
#1564=AXIS2_PLACEMENT_3D('',#2435,#1864,#1865);
#1565=AXIS2_PLACEMENT_3D('',#2436,#1866,#1867);
#1566=AXIS2_PLACEMENT_3D('',#2437,#1868,#1869);
#1567=AXIS2_PLACEMENT_3D('',#2438,#1870,#1871);
#1568=AXIS2_PLACEMENT_3D('',#2440,#1872,#1873);
#1569=AXIS2_PLACEMENT_3D('',#2454,#1874,#1875);
#1570=AXIS2_PLACEMENT_3D('',#2455,#1876,#1877);
#1571=AXIS2_PLACEMENT_3D('',#2457,#1878,#1879);
#1572=AXIS2_PLACEMENT_3D('',#2471,#1880,#1881);
#1573=AXIS2_PLACEMENT_3D('',#2472,#1882,#1883);
#1574=AXIS2_PLACEMENT_3D('',#2476,#1885,#1886);
#1575=AXIS2_PLACEMENT_3D('',#2480,#1888,#1889);
#1576=AXIS2_PLACEMENT_3D('',#2483,#1891,#1892);
#1577=AXIS2_PLACEMENT_3D('',#2484,#1893,#1894);
#1578=AXIS2_PLACEMENT_3D('',#2486,#1895,#1896);
#1579=AXIS2_PLACEMENT_3D('',#2488,#1897,#1898);
#1580=AXIS2_PLACEMENT_3D('',#2490,#1899,#1900);
#1581=AXIS2_PLACEMENT_3D('',#2491,#1901,#1902);
#1582=AXIS2_PLACEMENT_3D('',#2493,#1903,#1904);
#1583=AXIS2_PLACEMENT_3D('',#2504,#1905,#1906);
#1584=AXIS2_PLACEMENT_3D('',#2508,#1908,#1909);
#1585=AXIS2_PLACEMENT_3D('',#2509,#1910,#1911);
#1586=AXIS2_PLACEMENT_3D('',#2510,#1912,#1913);
#1587=AXIS2_PLACEMENT_3D('',#2514,#1915,#1916);
#1588=AXIS2_PLACEMENT_3D('',#2518,#1918,#1919);
#1589=AXIS2_PLACEMENT_3D('',#2521,#1921,#1922);
#1590=AXIS2_PLACEMENT_3D('',#2522,#1923,#1924);
#1591=AXIS2_PLACEMENT_3D('',#2535,#1925,#1926);
#1592=AXIS2_PLACEMENT_3D('',#2537,#1927,#1928);
#1593=AXIS2_PLACEMENT_3D('',#2539,#1929,#1930);
#1594=AXIS2_PLACEMENT_3D('',#2540,#1931,#1932);
#1595=AXIS2_PLACEMENT_3D('',#2541,#1933,#1934);
#1596=AXIS2_PLACEMENT_3D('',#2542,#1935,#1936);
#1597=AXIS2_PLACEMENT_3D('',#2545,#1938,#1939);
#1598=AXIS2_PLACEMENT_3D('',#2546,#1940,#1941);
#1599=AXIS2_PLACEMENT_3D('',#2548,#1942,#1943);
#1600=AXIS2_PLACEMENT_3D('',#2550,#1944,#1945);
#1601=AXIS2_PLACEMENT_3D('',#2552,#1946,#1947);
#1602=AXIS2_PLACEMENT_3D('',#2553,#1948,#1949);
#1603=AXIS2_PLACEMENT_3D('',#2554,#1950,#1951);
#1604=AXIS2_PLACEMENT_3D('',#2559,#1954,#1955);
#1605=AXIS2_PLACEMENT_3D('',#2560,#1956,#1957);
#1606=AXIS2_PLACEMENT_3D('',#2563,#1959,#1960);
#1607=AXIS2_PLACEMENT_3D('',#2564,#1961,#1962);
#1608=AXIS2_PLACEMENT_3D('',#2567,#1964,#1965);
#1609=AXIS2_PLACEMENT_3D('',#2568,#1966,#1967);
#1610=AXIS2_PLACEMENT_3D('',#2569,#1968,#1969);
#1611=AXIS2_PLACEMENT_3D('',#2570,#1970,#1971);
#1612=AXIS2_PLACEMENT_3D('',#2572,#1972,#1973);
#1613=AXIS2_PLACEMENT_3D('',#2576,#1975,#1976);
#1614=AXIS2_PLACEMENT_3D('',#2579,#1978,#1979);
#1615=AXIS2_PLACEMENT_3D('',#2580,#1980,#1981);
#1616=AXIS2_PLACEMENT_3D('',#2582,#1982,#1983);
#1617=AXIS2_PLACEMENT_3D('',#2584,#1984,#1985);
#1618=AXIS2_PLACEMENT_3D('',#2585,#1986,#1987);
#1619=AXIS2_PLACEMENT_3D('',#2586,#1988,#1989);
#1620=AXIS2_PLACEMENT_3D('',#2590,#1991,#1992);
#1621=AXIS2_PLACEMENT_3D('',#2594,#1994,#1995);
#1622=AXIS2_PLACEMENT_3D('',#2597,#1997,#1998);
#1623=AXIS2_PLACEMENT_3D('',#2598,#1999,#2000);
#1624=AXIS2_PLACEMENT_3D('',#2601,#2003,#2004);
#1625=AXIS2_PLACEMENT_3D('',#2606,#2009,#2010);
#1626=AXIS2_PLACEMENT_3D('',#2609,#2013,#2014);
#1627=AXIS2_PLACEMENT_3D('',#2614,#2019,#2020);
#1628=AXIS2_PLACEMENT_3D('',#2616,#2022,#2023);
#1629=AXIS2_PLACEMENT_3D('',#2618,#2025,#2026);
#1630=AXIS2_PLACEMENT_3D('',#2620,#2028,#2029);
#1631=AXIS2_PLACEMENT_3D('',#2622,#2031,#2032);
#1632=AXIS2_PLACEMENT_3D('',#2624,#2034,#2035);
#1633=AXIS2_PLACEMENT_3D('',#2626,#2037,#2038);
#1634=AXIS2_PLACEMENT_3D('',#2628,#2040,#2041);
#1635=AXIS2_PLACEMENT_3D('',#2647,#2043,#2044);
#1636=AXIS2_PLACEMENT_3D('',#2649,#2045,#2046);
#1637=AXIS2_PLACEMENT_3D('',#2650,#2047,#2048);
#1638=AXIS2_PLACEMENT_3D('',#2651,#2049,#2050);
#1639=AXIS2_PLACEMENT_3D('',#2653,#2051,#2052);
#1640=AXIS2_PLACEMENT_3D('',#2672,#2054,#2055);
#1641=AXIS2_PLACEMENT_3D('',#2673,#2056,#2057);
#1642=AXIS2_PLACEMENT_3D('',#2798,#2060,#2061);
#1643=AXIS2_PLACEMENT_3D('',#2802,#2063,#2064);
#1644=AXIS2_PLACEMENT_3D('',#2804,#2066,#2067);
#1645=AXIS2_PLACEMENT_3D('',#2808,#2069,#2070);
#1646=AXIS2_PLACEMENT_3D('',#2809,#2071,#2072);
#1647=AXIS2_PLACEMENT_3D('',#2836,#2073,#2074);
#1648=AXIS2_PLACEMENT_3D('',#2837,#2075,#2076);
#1649=AXIS2_PLACEMENT_3D('',#2838,#2077,#2078);
#1650=AXIS2_PLACEMENT_3D('',#2901,#2079,#2080);
#1651=AXIS2_PLACEMENT_3D('',#2902,#2081,#2082);
#1652=AXIS2_PLACEMENT_3D('',#2903,#2083,#2084);
#1653=AXIS2_PLACEMENT_3D('',#2936,#2085,#2086);
#1654=AXIS2_PLACEMENT_3D('',#2937,#2087,#2088);
#1655=AXIS2_PLACEMENT_3D('',#2938,#2089,#2090);
#1656=AXIS2_PLACEMENT_3D('',#2939,#2091,#2092);
#1657=AXIS2_PLACEMENT_3D('',#2942,#2095,#2096);
#1658=AXIS2_PLACEMENT_3D('',#2946,#2098,#2099);
#1659=AXIS2_PLACEMENT_3D('',#2980,#2101,#2102);
#1660=AXIS2_PLACEMENT_3D('',#2981,#2103,#2104);
#1661=AXIS2_PLACEMENT_3D('',#2982,#2105,#2106);
#1662=AXIS2_PLACEMENT_3D('',#3045,#2107,#2108);
#1663=AXIS2_PLACEMENT_3D('',#3046,#2109,#2110);
#1664=AXIS2_PLACEMENT_3D('',#3047,#2111,#2112);
#1665=AXIS2_PLACEMENT_3D('',#3074,#2113,#2114);
#1666=AXIS2_PLACEMENT_3D('',#3075,#2115,#2116);
#1667=AXIS2_PLACEMENT_3D('',#3076,#2117,#2118);
#1668=AXIS2_PLACEMENT_3D('',#3077,#2119,#2120);
#1669=AXIS2_PLACEMENT_3D('',#3080,#2123,#2124);
#1670=AXIS2_PLACEMENT_3D('',#3081,#2125,#2126);
#1671=AXIS2_PLACEMENT_3D('',#3082,#2127,#2128);
#1672=AXIS2_PLACEMENT_3D('',#3085,#2131,#2132);
#1673=AXIS2_PLACEMENT_3D('',#3087,#2134,#2135);
#1674=AXIS2_PLACEMENT_3D('',#3089,#2137,#2138);
#1675=AXIS2_PLACEMENT_3D('',#3090,#2139,#2140);
#1676=AXIS2_PLACEMENT_3D('',#3091,#2141,#2142);
#1677=AXIS2_PLACEMENT_3D('',#3092,#2143,#2144);
#1678=AXIS2_PLACEMENT_3D('',#3093,#2145,#2146);
#1679=DIRECTION('axis',(0.,0.,1.));
#1680=DIRECTION('refdir',(1.,0.,0.));
#1681=DIRECTION('center_axis',(0.,-1.,0.));
#1682=DIRECTION('ref_axis',(0.,0.,-1.));
#1683=DIRECTION('center_axis',(0.,1.,0.));
#1684=DIRECTION('ref_axis',(-1.,0.,0.));
#1685=DIRECTION('center_axis',(-1.,0.,0.));
#1686=DIRECTION('ref_axis',(0.,0.,1.));
#1687=DIRECTION('center_axis',(0.,-1.,0.));
#1688=DIRECTION('ref_axis',(-1.,0.,0.));
#1689=DIRECTION('center_axis',(0.,-1.,0.));
#1690=DIRECTION('ref_axis',(-1.,0.,0.));
#1691=DIRECTION('center_axis',(0.,1.,0.));
#1692=DIRECTION('ref_axis',(0.,0.,1.));
#1693=DIRECTION('center_axis',(0.,1.,0.));
#1694=DIRECTION('ref_axis',(-1.,0.,0.));
#1695=DIRECTION('',(0.70710678118493,0.,0.707106781188165));
#1696=DIRECTION('',(0.707106781188142,0.,-0.707106781184953));
#1697=DIRECTION('',(-0.707106781184931,0.,-0.707106781188164));
#1698=DIRECTION('center_axis',(0.,1.,0.));
#1699=DIRECTION('ref_axis',(-1.,0.,0.));
#1700=DIRECTION('center_axis',(0.,-1.,0.));
#1701=DIRECTION('ref_axis',(0.707106781184931,0.,0.707106781188165));
#1702=DIRECTION('center_axis',(0.,1.,0.));
#1703=DIRECTION('ref_axis',(-1.,0.,0.));
#1704=DIRECTION('center_axis',(0.,-1.,0.));
#1705=DIRECTION('ref_axis',(0.707106781184931,0.,0.707106781188165));
#1706=DIRECTION('center_axis',(0.,1.,0.));
#1707=DIRECTION('ref_axis',(-1.,0.,0.));
#1708=DIRECTION('center_axis',(0.,1.,0.));
#1709=DIRECTION('ref_axis',(1.,0.,0.));
#1710=DIRECTION('center_axis',(0.,-1.,0.));
#1711=DIRECTION('ref_axis',(-1.,0.,0.));
#1712=DIRECTION('',(0.,-1.,0.));
#1713=DIRECTION('center_axis',(0.,1.,0.));
#1714=DIRECTION('ref_axis',(-1.,0.,0.));
#1715=DIRECTION('center_axis',(0.,-1.,0.));
#1716=DIRECTION('ref_axis',(0.,0.,-1.));
#1717=DIRECTION('center_axis',(-1.,0.,0.));
#1718=DIRECTION('ref_axis',(0.,0.,1.));
#1719=DIRECTION('center_axis',(0.,-1.,0.));
#1720=DIRECTION('ref_axis',(-1.,0.,0.));
#1721=DIRECTION('center_axis',(0.,-1.,0.));
#1722=DIRECTION('ref_axis',(-1.,0.,0.));
#1723=DIRECTION('center_axis',(0.,1.,0.));
#1724=DIRECTION('ref_axis',(0.,0.,1.));
#1725=DIRECTION('center_axis',(-0.70710678118493,0.,-0.707106781188165));
#1726=DIRECTION('ref_axis',(-0.707106781188165,7.40148683083469E-15,0.70710678118493));
#1727=DIRECTION('center_axis',(0.,1.,0.));
#1728=DIRECTION('ref_axis',(0.707106781184931,0.,0.707106781188165));
#1729=DIRECTION('center_axis',(0.70710678118493,0.,0.707106781188165));
#1730=DIRECTION('ref_axis',(0.707106781188165,0.,-0.70710678118493));
#1731=DIRECTION('center_axis',(0.,-1.,0.));
#1732=DIRECTION('ref_axis',(-1.,0.,0.));
#1733=DIRECTION('',(0.,-1.,0.));
#1734=DIRECTION('center_axis',(0.,1.,0.));
#1735=DIRECTION('ref_axis',(-1.,0.,0.));
#1736=DIRECTION('',(0.,-1.,0.));
#1737=DIRECTION('center_axis',(0.,1.,0.));
#1738=DIRECTION('ref_axis',(-1.,0.,0.));
#1739=DIRECTION('',(0.,1.,0.));
#1740=DIRECTION('center_axis',(0.,1.,0.));
#1741=DIRECTION('ref_axis',(-1.,0.,0.));
#1742=DIRECTION('center_axis',(0.,-1.,0.));
#1743=DIRECTION('ref_axis',(0.,0.,-1.));
#1744=DIRECTION('center_axis',(-1.,0.,0.));
#1745=DIRECTION('ref_axis',(0.,0.,1.));
#1746=DIRECTION('center_axis',(0.,-1.,0.));
#1747=DIRECTION('ref_axis',(-1.,0.,0.));
#1748=DIRECTION('center_axis',(0.,-1.,0.));
#1749=DIRECTION('ref_axis',(-1.,0.,0.));
#1750=DIRECTION('center_axis',(0.,-1.,0.));
#1751=DIRECTION('ref_axis',(-1.,0.,0.));
#1752=DIRECTION('',(0.,-1.,0.));
#1753=DIRECTION('center_axis',(0.,1.,0.));
#1754=DIRECTION('ref_axis',(-1.,0.,0.));
#1755=DIRECTION('center_axis',(0.,-1.,0.));
#1756=DIRECTION('ref_axis',(0.,0.,-1.));
#1757=DIRECTION('center_axis',(-1.,0.,0.));
#1758=DIRECTION('ref_axis',(0.,0.,1.));
#1759=DIRECTION('center_axis',(0.,-1.,0.));
#1760=DIRECTION('ref_axis',(-1.,0.,0.));
#1761=DIRECTION('center_axis',(0.,-1.,0.));
#1762=DIRECTION('ref_axis',(-1.,0.,0.));
#1763=DIRECTION('center_axis',(0.,-1.,0.));
#1764=DIRECTION('ref_axis',(-1.,0.,0.));
#1765=DIRECTION('',(0.,-1.,0.));
#1766=DIRECTION('center_axis',(0.,1.,0.));
#1767=DIRECTION('ref_axis',(-1.,0.,0.));
#1768=DIRECTION('',(0.,-1.,0.));
#1769=DIRECTION('center_axis',(0.,1.,0.));
#1770=DIRECTION('ref_axis',(-1.,0.,0.));
#1771=DIRECTION('',(0.,1.,0.));
#1772=DIRECTION('center_axis',(0.,1.,0.));
#1773=DIRECTION('ref_axis',(-1.,0.,0.));
#1774=DIRECTION('center_axis',(0.707106781184931,0.,0.707106781188164));
#1775=DIRECTION('ref_axis',(-0.500000000001141,0.707106781186551,0.499999999998854));
#1776=DIRECTION('center_axis',(-2.28187348108277E-12,4.22231412996608E-27,
1.));
#1777=DIRECTION('ref_axis',(-1.,4.22231412996612E-27,-2.28187348108277E-12));
#1778=DIRECTION('center_axis',(0.0616284167160812,-0.996194698091745,0.0616284167163592));
#1779=DIRECTION('ref_axis',(0.704416026401148,0.0871557427476593,0.704416026404369));
#1780=DIRECTION('',(0.707106781184931,0.,0.707106781188164));
#1781=DIRECTION('center_axis',(-0.707106781188142,0.,0.707106781184953));
#1782=DIRECTION('ref_axis',(-0.0308435645971617,0.999048221581858,-0.0308435645972987));
#1783=DIRECTION('',(-0.707106781188142,0.,0.707106781184953));
#1784=DIRECTION('center_axis',(-1.,-3.7007434154523E-15,-2.37183318142158E-12));
#1785=DIRECTION('ref_axis',(2.37183318142158E-12,-3.70074341545143E-15,
-1.));
#1786=DIRECTION('center_axis',(-0.70710678118493,0.,-0.707106781188165));
#1787=DIRECTION('ref_axis',(0.500000000001142,0.707106781186537,-0.499999999998873));
#1788=DIRECTION('',(-0.70710678118493,0.,-0.707106781188165));
#1789=DIRECTION('center_axis',(0.0616284167160812,-0.996194698091745,0.0616284167163592));
#1790=DIRECTION('ref_axis',(0.704416026401147,0.0871557427476593,0.70441602640437));
#1791=DIRECTION('center_axis',(0.707106781188165,-6.59356413095549E-15,
-0.70710678118493));
#1792=DIRECTION('ref_axis',(0.70710678118493,-8.80071361466163E-17,0.707106781188165));
#1793=DIRECTION('',(4.66235390918701E-15,1.,-4.66235390918701E-15));
#1794=DIRECTION('',(-0.70710678118493,0.,-0.707106781188165));
#1795=DIRECTION('center_axis',(0.707106781188165,-6.59356413095549E-15,
-0.70710678118493));
#1796=DIRECTION('ref_axis',(-0.499999999998857,0.707106781186547,-0.500000000001144));
#1797=DIRECTION('',(-9.03331069904049E-15,-1.,2.91397119313542E-16));
#1798=DIRECTION('center_axis',(0.707106781188165,-6.59356413095549E-15,
-0.70710678118493));
#1799=DIRECTION('ref_axis',(-0.49999999999886,-0.707106781186548,-0.500000000001139));
#1800=DIRECTION('',(0.70710678118493,1.63286318771697E-26,0.707106781188165));
#1801=DIRECTION('',(-4.66235390918701E-15,-1.,4.66235390918701E-15));
#1802=DIRECTION('',(0.70710678118493,1.63286318771697E-26,0.707106781188165));
#1803=DIRECTION('',(-0.704416026401147,0.0871557427476589,-0.70441602640437));
#1804=DIRECTION('center_axis',(0.707106781188165,-6.59356413095549E-15,
-0.70710678118493));
#1805=DIRECTION('ref_axis',(0.704416026401147,-0.0871557427476641,0.70441602640437));
#1806=DIRECTION('',(-4.66235390918701E-15,-1.,4.66235390918701E-15));
#1807=DIRECTION('center_axis',(0.707106781188165,-6.59356413095549E-15,
-0.70710678118493));
#1808=DIRECTION('ref_axis',(0.704416026401148,0.0871557427476539,0.70441602640437));
#1809=DIRECTION('',(0.704416026401148,0.0871557427476593,0.704416026404369));
#1810=DIRECTION('center_axis',(4.66235390918701E-15,1.,-4.66235390918701E-15));
#1811=DIRECTION('ref_axis',(0.707106781188164,-6.59356413095549E-15,-0.707106781184931));
#1812=DIRECTION('',(4.66235390918701E-15,1.,-4.66235390918701E-15));
#1813=DIRECTION('center_axis',(0.,1.,0.));
#1814=DIRECTION('ref_axis',(0.707106781188164,-6.59356413095549E-15,-0.707106781184931));
#1815=DIRECTION('',(4.66235390918701E-15,1.,-4.66235390918701E-15));
#1816=DIRECTION('center_axis',(0.,1.,0.));
#1817=DIRECTION('ref_axis',(0.707106781188164,-6.59356413095549E-15,-0.707106781184931));
#1818=DIRECTION('',(-4.66235390918701E-15,-1.,4.66235390918701E-15));
#1819=DIRECTION('center_axis',(0.,1.,0.));
#1820=DIRECTION('ref_axis',(0.707106781188164,-6.59356413095549E-15,-0.707106781184931));
#1821=DIRECTION('center_axis',(-0.707106781188164,6.59356413095549E-15,
0.707106781184931));
#1822=DIRECTION('ref_axis',(-0.707106781184931,-1.6322320989928E-26,-0.707106781188164));
#1823=DIRECTION('',(-0.704416026401148,-0.0871557427476593,-0.704416026404369));
#1824=DIRECTION('center_axis',(0.707106781188164,-6.59356413095549E-15,
-0.707106781184931));
#1825=DIRECTION('ref_axis',(-0.704416026401149,-0.0871557427476539,-0.704416026404369));
#1826=DIRECTION('',(4.66235390918701E-15,1.,-4.66235390918701E-15));
#1827=DIRECTION('center_axis',(0.707106781188164,-6.59356413095549E-15,
-0.707106781184931));
#1828=DIRECTION('ref_axis',(-0.704416026401147,0.0871557427476643,-0.70441602640437));
#1829=DIRECTION('',(0.704416026401148,-0.0871557427476589,0.70441602640437));
#1830=DIRECTION('',(-0.707106781184931,-1.6322320989928E-26,-0.707106781188164));
#1831=DIRECTION('',(-4.66235390918701E-15,-1.,4.66235390918701E-15));
#1832=DIRECTION('',(-0.707106781184931,-1.6322320989928E-26,-0.707106781188164));
#1833=DIRECTION('center_axis',(-0.707106781188164,6.59356413095549E-15,
0.707106781184931));
#1834=DIRECTION('ref_axis',(-0.49999999999886,-0.707106781186548,-0.500000000001139));
#1835=DIRECTION('',(4.66235390919767E-15,1.,-4.66235390917635E-15));
#1836=DIRECTION('center_axis',(-0.707106781188164,6.59356413095549E-15,
0.707106781184931));
#1837=DIRECTION('ref_axis',(-0.499999999998857,0.707106781186547,-0.500000000001144));
#1838=DIRECTION('',(0.707106781184931,0.,0.707106781188164));
#1839=DIRECTION('center_axis',(0.,-1.,0.));
#1840=DIRECTION('ref_axis',(0.,0.,-1.));
#1841=DIRECTION('center_axis',(-1.,0.,0.));
#1842=DIRECTION('ref_axis',(0.,0.,1.));
#1843=DIRECTION('center_axis',(0.,-1.,0.));
#1844=DIRECTION('ref_axis',(1.,0.,0.));
#1845=DIRECTION('center_axis',(0.,-1.,0.));
#1846=DIRECTION('ref_axis',(1.,0.,0.));
#1847=DIRECTION('center_axis',(4.66235390918701E-15,1.,-4.66235390918701E-15));
#1848=DIRECTION('ref_axis',(1.,-4.66235390918701E-15,-1.84242649040104E-30));
#1849=DIRECTION('',(-4.66235390918701E-15,-1.,4.66235390918701E-15));
#1850=DIRECTION('center_axis',(0.,-1.,0.));
#1851=DIRECTION('ref_axis',(1.,-4.66235390918701E-15,-1.84242649040104E-30));
#1852=DIRECTION('',(-4.66235390918701E-15,-1.,4.66235390918701E-15));
#1853=DIRECTION('center_axis',(0.,-1.,0.));
#1854=DIRECTION('ref_axis',(1.,-4.66235390918701E-15,-1.84242649040104E-30));
#1855=DIRECTION('',(-4.66235390918701E-15,-1.,4.66235390918701E-15));
#1856=DIRECTION('center_axis',(0.,-1.,0.));
#1857=DIRECTION('ref_axis',(1.,-4.66235390918701E-15,-1.84242649040104E-30));
#1858=DIRECTION('center_axis',(5.05373510138841E-15,1.,-5.05373510138839E-15));
#1859=DIRECTION('ref_axis',(0.,4.81723888650915E-15,1.));
#1860=DIRECTION('center_axis',(-5.05373510138841E-15,-1.,5.05373510138839E-15));
#1861=DIRECTION('ref_axis',(1.,-5.05373510138842E-15,-1.73270917761885E-15));
#1862=DIRECTION('center_axis',(-1.,5.05373510138841E-15,-2.28234836742418E-29));
#1863=DIRECTION('ref_axis',(0.,-4.51616145610233E-15,-1.));
#1864=DIRECTION('center_axis',(5.05373510138841E-15,1.,-5.05373510138839E-15));
#1865=DIRECTION('ref_axis',(1.,-5.03565443312124E-15,-1.73270917761885E-15));
#1866=DIRECTION('center_axis',(5.05373510138841E-15,1.,-5.05373510138839E-15));
#1867=DIRECTION('ref_axis',(1.,-5.03565443312124E-15,-1.73270917761885E-15));
#1868=DIRECTION('center_axis',(-5.05373510138841E-15,-1.,5.05373510138839E-15));
#1869=DIRECTION('ref_axis',(1.,-5.05373510138842E-15,-1.73270917761885E-15));
#1870=DIRECTION('center_axis',(-5.05373510138841E-15,-1.,5.05373510138839E-15));
#1871=DIRECTION('ref_axis',(0.707106781185739,0.,0.707106781187356));
#1872=DIRECTION('center_axis',(5.05373510138841E-15,1.,-5.05373510138839E-15));
#1873=DIRECTION('ref_axis',(0.707106786453287,-5.32334315663529E-23,0.707106775919808));
#1874=DIRECTION('center_axis',(-0.707106781184923,5.23364152893393E-15,
-0.707106781188172));
#1875=DIRECTION('ref_axis',(0.707106781188172,-7.40148683083446E-15,-0.707106781184923));
#1876=DIRECTION('center_axis',(-5.05373510138841E-15,-1.,5.05373510138839E-15));
#1877=DIRECTION('ref_axis',(0.707106786453287,0.,0.707106775919808));
#1878=DIRECTION('center_axis',(0.70710678118493,-5.23364152893394E-15,0.707106781188165));
#1879=DIRECTION('ref_axis',(-0.707106781188165,7.40148683083438E-15,0.70710678118493));
#1880=DIRECTION('center_axis',(5.05373510138841E-15,1.,-5.05373510138839E-15));
#1881=DIRECTION('ref_axis',(0.707106786453287,-5.32334315663529E-23,0.707106775919808));
#1882=DIRECTION('center_axis',(0.,1.,0.));
#1883=DIRECTION('ref_axis',(1.,0.,0.));
#1884=DIRECTION('',(0.,1.,0.));
#1885=DIRECTION('center_axis',(-5.05373510138841E-15,-1.,5.05373510138839E-15));
#1886=DIRECTION('ref_axis',(1.,0.,0.));
#1887=DIRECTION('',(0.,1.,0.));
#1888=DIRECTION('center_axis',(-7.88860905221012E-31,-1.,0.));
#1889=DIRECTION('ref_axis',(1.,0.,0.));
#1890=DIRECTION('',(0.,-1.,0.));
#1891=DIRECTION('center_axis',(-5.05373510138841E-15,-1.,5.05373510138839E-15));
#1892=DIRECTION('ref_axis',(1.,0.,0.));
#1893=DIRECTION('center_axis',(5.05373510138841E-15,1.,-5.05373510138839E-15));
#1894=DIRECTION('ref_axis',(0.,4.81723888650915E-15,1.));
#1895=DIRECTION('center_axis',(-5.05373510138841E-15,-1.,5.05373510138839E-15));
#1896=DIRECTION('ref_axis',(1.,-5.05373510138842E-15,-1.73270917761885E-15));
#1897=DIRECTION('center_axis',(-1.,5.05373510138841E-15,-2.28234836742418E-29));
#1898=DIRECTION('ref_axis',(0.,-4.51616145610233E-15,-1.));
#1899=DIRECTION('center_axis',(5.05373510138841E-15,1.,-5.05373510138839E-15));
#1900=DIRECTION('ref_axis',(1.,-5.03565443312124E-15,-1.73270917761885E-15));
#1901=DIRECTION('center_axis',(5.05373510138841E-15,1.,-5.05373510138839E-15));
#1902=DIRECTION('ref_axis',(1.,-5.03565443312124E-15,-1.73270917761885E-15));
#1903=DIRECTION('center_axis',(-5.05373510138841E-15,-1.,5.05373510138839E-15));
#1904=DIRECTION('ref_axis',(1.,-5.05373510138842E-15,-1.73270917761885E-15));
#1905=DIRECTION('center_axis',(0.70710678118493,1.63286318771697E-26,0.707106781188165));
#1906=DIRECTION('ref_axis',(0.500000000001149,-0.707106781186554,-0.499999999998843));
#1907=DIRECTION('',(-0.70710678118493,-1.63286318771697E-26,-0.707106781188165));
#1908=DIRECTION('center_axis',(1.,-3.70074341541721E-15,3.33262201555857E-12));
#1909=DIRECTION('ref_axis',(3.33262201555857E-12,-3.70074341544804E-15,
-1.));
#1910=DIRECTION('center_axis',(0.061628416716077,0.996194698091746,0.0616284167163628));
#1911=DIRECTION('ref_axis',(0.704416026401148,-0.0871557427476589,0.70441602640437));
#1912=DIRECTION('center_axis',(0.,1.,0.));
#1913=DIRECTION('ref_axis',(1.,0.,0.));
#1914=DIRECTION('',(0.,1.,0.));
#1915=DIRECTION('center_axis',(-5.05373510138841E-15,-1.,5.05373510138839E-15));
#1916=DIRECTION('ref_axis',(1.,0.,0.));
#1917=DIRECTION('',(0.,1.,0.));
#1918=DIRECTION('center_axis',(-7.88860905221012E-31,-1.,0.));
#1919=DIRECTION('ref_axis',(1.,0.,0.));
#1920=DIRECTION('',(0.,-1.,0.));
#1921=DIRECTION('center_axis',(-5.05373510138841E-15,-1.,5.05373510138839E-15));
#1922=DIRECTION('ref_axis',(1.,0.,0.));
#1923=DIRECTION('center_axis',(5.05373510138841E-15,1.,-5.05373510138839E-15));
#1924=DIRECTION('ref_axis',(0.,4.81723888650915E-15,1.));
#1925=DIRECTION('center_axis',(-5.05373510138841E-15,-1.,5.05373510138839E-15));
#1926=DIRECTION('ref_axis',(1.,-5.05373510138842E-15,-1.73270917761885E-15));
#1927=DIRECTION('center_axis',(-1.,5.05373510138841E-15,-2.28234836742418E-29));
#1928=DIRECTION('ref_axis',(0.,-4.51616145610233E-15,-1.));
#1929=DIRECTION('center_axis',(5.05373510138841E-15,1.,-5.05373510138839E-15));
#1930=DIRECTION('ref_axis',(1.,-5.03565443312124E-15,-1.73270917761885E-15));
#1931=DIRECTION('center_axis',(5.05373510138841E-15,1.,-5.05373510138839E-15));
#1932=DIRECTION('ref_axis',(1.,-5.03565443312124E-15,-1.73270917761885E-15));
#1933=DIRECTION('center_axis',(-5.05373510138841E-15,-1.,5.05373510138839E-15));
#1934=DIRECTION('ref_axis',(1.,-5.05373510138842E-15,-1.73270917761885E-15));
#1935=DIRECTION('center_axis',(0.,1.,0.));
#1936=DIRECTION('ref_axis',(1.,0.,0.));
#1937=DIRECTION('',(0.,1.,0.));
#1938=DIRECTION('center_axis',(-5.05373510138841E-15,-1.,5.05373510138839E-15));
#1939=DIRECTION('ref_axis',(1.,0.,0.));
#1940=DIRECTION('center_axis',(5.05373510138841E-15,1.,-5.05373510138839E-15));
#1941=DIRECTION('ref_axis',(0.,4.81723888650915E-15,1.));
#1942=DIRECTION('center_axis',(-5.05373510138841E-15,-1.,5.05373510138839E-15));
#1943=DIRECTION('ref_axis',(1.,-5.05373510138842E-15,-1.73270917761885E-15));
#1944=DIRECTION('center_axis',(-1.,5.05373510138841E-15,-2.28234836742418E-29));
#1945=DIRECTION('ref_axis',(0.,-4.51616145610233E-15,-1.));
#1946=DIRECTION('center_axis',(5.05373510138841E-15,1.,-5.05373510138839E-15));
#1947=DIRECTION('ref_axis',(1.,-5.03565443312124E-15,-1.73270917761885E-15));
#1948=DIRECTION('center_axis',(5.05373510138841E-15,1.,-5.05373510138839E-15));
#1949=DIRECTION('ref_axis',(1.,-5.03565443312124E-15,-1.73270917761885E-15));
#1950=DIRECTION('center_axis',(-5.05373510138841E-15,-1.,5.05373510138839E-15));
#1951=DIRECTION('ref_axis',(1.,-5.05373510138841E-15,0.));
#1952=DIRECTION('',(0.707106781184931,1.6322320989928E-26,0.707106781188164));
#1953=DIRECTION('',(-0.707106781188244,7.14706072102445E-15,0.707106781184851));
#1954=DIRECTION('center_axis',(-5.05373510138841E-15,-1.,5.05373510138839E-15));
#1955=DIRECTION('ref_axis',(1.,-5.05373510138842E-15,-9.11952198745956E-16));
#1956=DIRECTION('center_axis',(0.,1.,0.));
#1957=DIRECTION('ref_axis',(1.,0.,0.));
#1958=DIRECTION('',(0.,1.,0.));
#1959=DIRECTION('center_axis',(-5.05373510138841E-15,-1.,5.05373510138839E-15));
#1960=DIRECTION('ref_axis',(1.,0.,0.));
#1961=DIRECTION('center_axis',(0.707106781188244,-7.14706072102445E-15,
-0.707106781184851));
#1962=DIRECTION('ref_axis',(-0.0308435645971654,-0.999048221581858,-0.0308435645972987));
#1963=DIRECTION('',(0.707106781188244,-7.16088569965983E-15,-0.707106781184851));
#1964=DIRECTION('center_axis',(1.68138045974385E-12,-4.66676824890609E-27,
-1.));
#1965=DIRECTION('ref_axis',(-1.,1.01074702027649E-14,-1.68138045974385E-12));
#1966=DIRECTION('center_axis',(-0.707106781184931,-1.6322320989928E-26,
-0.707106781188164));
#1967=DIRECTION('ref_axis',(-0.500000000001147,-0.707106781186545,0.499999999998857));
#1968=DIRECTION('center_axis',(0.061628416716077,0.996194698091746,0.0616284167163628));
#1969=DIRECTION('ref_axis',(0.704416026401148,-0.0871557427476589,0.704416026404369));
#1970=DIRECTION('center_axis',(-4.66235390918701E-15,-1.,4.66235390918701E-15));
#1971=DIRECTION('ref_axis',(0.707106781188164,-6.59356413095549E-15,-0.707106781184931));
#1972=DIRECTION('center_axis',(-5.05373510138841E-15,-1.,5.05373510138839E-15));
#1973=DIRECTION('ref_axis',(0.707106781188164,-6.59356413095549E-15,-0.707106781184931));
#1974=DIRECTION('',(-4.66235390918701E-15,-1.,4.66235390918701E-15));
#1975=DIRECTION('center_axis',(-7.88860905221012E-31,-1.,0.));
#1976=DIRECTION('ref_axis',(0.707106781188164,-6.59356413095549E-15,-0.707106781184931));
#1977=DIRECTION('',(4.66235390918701E-15,1.,-4.66235390918701E-15));
#1978=DIRECTION('center_axis',(-5.05373510138841E-15,-1.,5.05373510138839E-15));
#1979=DIRECTION('ref_axis',(0.707106781188164,-6.59356413095549E-15,-0.707106781184931));
#1980=DIRECTION('center_axis',(5.05373510138841E-15,1.,-5.05373510138839E-15));
#1981=DIRECTION('ref_axis',(0.,5.49591066333414E-15,1.));
#1982=DIRECTION('center_axis',(-1.,5.05373510138841E-15,-2.47989969940952E-29));
#1983=DIRECTION('ref_axis',(0.,-4.90706309226263E-15,-1.));
#1984=DIRECTION('center_axis',(5.05373510138841E-15,1.,-5.05373510138839E-15));
#1985=DIRECTION('ref_axis',(1.,-5.05026263080912E-15,-9.11952198745956E-16));
#1986=DIRECTION('center_axis',(5.05373510138841E-15,1.,-5.05373510138839E-15));
#1987=DIRECTION('ref_axis',(1.,-5.05026263080912E-15,-9.11952198745956E-16));
#1988=DIRECTION('center_axis',(-4.66235390918701E-15,-1.,4.66235390918701E-15));
#1989=DIRECTION('ref_axis',(1.,-4.66235390918701E-15,-1.82475763144249E-30));
#1990=DIRECTION('',(4.66235390918701E-15,1.,-4.66235390918701E-15));
#1991=DIRECTION('center_axis',(5.05373510138841E-15,1.,-5.05373510138839E-15));
#1992=DIRECTION('ref_axis',(1.,-4.66235390918701E-15,-1.82475763144249E-30));
#1993=DIRECTION('',(4.66235390918701E-15,1.,-4.66235390918701E-15));
#1994=DIRECTION('center_axis',(7.88860905221012E-31,1.,0.));
#1995=DIRECTION('ref_axis',(1.,-4.66235390918701E-15,-1.82475763144249E-30));
#1996=DIRECTION('',(4.66235390918701E-15,1.,-4.66235390918701E-15));
#1997=DIRECTION('center_axis',(5.05373510138841E-15,1.,-5.05373510138839E-15));
#1998=DIRECTION('ref_axis',(1.,-4.66235390918701E-15,-1.82475763144249E-30));
#1999=DIRECTION('center_axis',(-0.707106781188165,0.,0.70710678118493));
#2000=DIRECTION('ref_axis',(-0.499999999998857,0.707106781186547,-0.500000000001144));
#2001=DIRECTION('',(-0.707106781188165,0.,0.70710678118493));
#2002=DIRECTION('',(0.707106781188165,0.,-0.70710678118493));
#2003=DIRECTION('center_axis',(0.,1.,0.));
#2004=DIRECTION('ref_axis',(0.,0.,1.));
#2005=DIRECTION('',(1.,0.,0.));
#2006=DIRECTION('',(1.,0.,0.));
#2007=DIRECTION('',(-1.,0.,0.));
#2008=DIRECTION('',(-1.,0.,0.));
#2009=DIRECTION('center_axis',(0.707106781188165,-7.14706072102445E-15,
-0.70710678118493));
#2010=DIRECTION('ref_axis',(-0.49999999999886,-0.707106781186548,-0.500000000001139));
#2011=DIRECTION('',(0.707106781188165,-7.14706072102444E-15,-0.70710678118493));
#2012=DIRECTION('',(-0.707106781188165,7.14706072102444E-15,0.70710678118493));
#2013=DIRECTION('center_axis',(-5.05373510138841E-15,-1.,5.05373510138839E-15));
#2014=DIRECTION('ref_axis',(1.,-5.05373510138841E-15,0.));
#2015=DIRECTION('',(1.,-5.05373510138841E-15,0.));
#2016=DIRECTION('',(1.,-5.05373510138841E-15,0.));
#2017=DIRECTION('',(-1.,5.05373510138841E-15,0.));
#2018=DIRECTION('',(-1.,5.05373510138841E-15,0.));
#2019=DIRECTION('center_axis',(0.,0.,-1.));
#2020=DIRECTION('ref_axis',(-1.,0.,0.));
#2021=DIRECTION('',(-1.,0.,0.));
#2022=DIRECTION('center_axis',(0.,0.,-1.));
#2023=DIRECTION('ref_axis',(-1.,0.,0.));
#2024=DIRECTION('',(-1.,0.,0.));
#2025=DIRECTION('center_axis',(0.,0.,1.));
#2026=DIRECTION('ref_axis',(1.,0.,0.));
#2027=DIRECTION('',(1.,0.,0.));
#2028=DIRECTION('center_axis',(0.,0.,1.));
#2029=DIRECTION('ref_axis',(1.,0.,0.));
#2030=DIRECTION('',(1.,0.,0.));
#2031=DIRECTION('center_axis',(0.,0.,1.));
#2032=DIRECTION('ref_axis',(-1.,3.36457074718168E-31,0.));
#2033=DIRECTION('',(-1.,3.36457074718168E-31,0.));
#2034=DIRECTION('center_axis',(0.,0.,1.));
#2035=DIRECTION('ref_axis',(-1.,3.36457074718168E-31,0.));
#2036=DIRECTION('',(-1.,3.36457074718168E-31,0.));
#2037=DIRECTION('center_axis',(0.,0.,-1.));
#2038=DIRECTION('ref_axis',(1.,-7.85066507675724E-31,0.));
#2039=DIRECTION('',(1.,-7.85066507675724E-31,0.));
#2040=DIRECTION('center_axis',(0.,0.,-1.));
#2041=DIRECTION('ref_axis',(1.,-7.85066507675724E-31,0.));
#2042=DIRECTION('',(1.,-7.85066507675724E-31,0.));
#2043=DIRECTION('center_axis',(-0.573420220777324,0.585131182560248,-0.573420220779953));
#2044=DIRECTION('ref_axis',(-0.804169473712873,-0.535729031184185,0.257499247950002));
#2045=DIRECTION('center_axis',(-4.53902125745662E-15,-1.,4.73317830169999E-15));
#2046=DIRECTION('ref_axis',(-0.707106781188166,6.55643518479425E-15,0.707106781184929));
#2047=DIRECTION('center_axis',(-0.855275187499345,-0.0208804027469504,0.517753186787958));
#2048=DIRECTION('ref_axis',(0.514496153436574,0.0846175648138161,0.853307433357959));
#2049=DIRECTION('center_axis',(-4.66235390918701E-15,-1.,4.66235390918701E-15));
#2050=DIRECTION('ref_axis',(-0.866025403785582,6.63688292688182E-15,0.499999999998019));
#2051=DIRECTION('center_axis',(-4.92351370026292E-15,-1.,4.14263697979908E-15));
#2052=DIRECTION('ref_axis',(-0.707106781188165,6.41073662513214E-15,0.70710678118493));
#2053=DIRECTION('',(4.66235390918701E-15,1.,-4.66235390918701E-15));
#2054=DIRECTION('center_axis',(-0.573420220777329,-0.58513118256025,-0.573420220779947));
#2055=DIRECTION('ref_axis',(-0.707106781188165,5.82794238648376E-15,0.70710678118493));
#2056=DIRECTION('center_axis',(-0.855275187499344,0.0208804027469656,0.517753186787958));
#2057=DIRECTION('ref_axis',(0.514496153436573,-0.0846175648138228,0.85330743335796));
#2058=DIRECTION('',(0.704416026401148,0.0871557427476593,0.704416026404369));
#2059=DIRECTION('',(-0.704416026401147,0.0871557427476589,-0.70441602640437));
#2060=DIRECTION('center_axis',(-0.258079327249346,0.0755508581011326,-0.963165161686565));
#2061=DIRECTION('ref_axis',(0.653839992685617,-0.72028508233912,-0.231695196593715));
#2062=DIRECTION('',(-0.258079327249346,0.0755508581011326,-0.963165161686565));
#2063=DIRECTION('center_axis',(0.258079327249346,-0.0755508581011324,0.963165161686565));
#2064=DIRECTION('ref_axis',(-0.061628416716077,-0.996194698091746,-0.0616284167163626));
#2065=DIRECTION('',(0.258079327249346,-0.0755508581011326,0.963165161686565));
#2066=DIRECTION('center_axis',(-4.66235390918701E-15,-1.,4.66235390918701E-15));
#2067=DIRECTION('ref_axis',(-0.866025403785582,6.63688292688183E-15,0.499999999998019));
#2068=DIRECTION('',(-4.66235390918701E-15,-1.,4.66235390918701E-15));
#2069=DIRECTION('center_axis',(0.189800218599022,0.679870995814231,0.708344059105693));
#2070=DIRECTION('ref_axis',(-0.175963561928033,0.733331731926668,-0.656704953402236));
#2071=DIRECTION('center_axis',(0.189800218599014,-0.67987099581423,0.708344059105696));
#2072=DIRECTION('ref_axis',(0.175963561928041,0.733331731926669,0.656704953402233));
#2073=DIRECTION('center_axis',(0.0689316907177614,-0.0658464752570955,0.995445962225478));
#2074=DIRECTION('ref_axis',(-0.0616284167160773,-0.996194698091746,-0.0616284167163602));
#2075=DIRECTION('center_axis',(0.0980263733096342,0.990344213024659,0.098026373310094));
#2076=DIRECTION('ref_axis',(-0.700279108736908,0.138630226605058,-0.700279108740273));
#2077=DIRECTION('center_axis',(-0.061628416716077,-0.996194698091746,-0.0616284167163628));
#2078=DIRECTION('ref_axis',(-0.704416026401066,0.0871557427476589,-0.704416026404451));
#2079=DIRECTION('center_axis',(0.395249740252659,0.0323395943667199,-0.918004244797595));
#2080=DIRECTION('ref_axis',(-0.0616284167160764,-0.996194698091746,-0.0616284167163625));
#2081=DIRECTION('center_axis',(-0.0305950537843404,-0.999063504171711,-0.0305950537844774));
#2082=DIRECTION('ref_axis',(-0.706444578634129,0.0432679400034453,-0.706444578637494));
#2083=DIRECTION('center_axis',(0.061628416716077,0.996194698091746,0.0616284167163628));
#2084=DIRECTION('ref_axis',(-0.704416026401081,0.0871557427476589,-0.704416026404436));
#2085=DIRECTION('center_axis',(-0.258079327249346,0.0755508581011323,-0.963165161686566));
#2086=DIRECTION('ref_axis',(-0.061628416716077,-0.996194698091746,-0.0616284167163625));
#2087=DIRECTION('center_axis',(-0.0247303920956008,-0.99938822056976,-0.0247303920957099));
#2088=DIRECTION('ref_axis',(-0.706674187801151,0.0349740559044802,-0.706674187804517));
#2089=DIRECTION('center_axis',(0.061628416716077,0.996194698091746,0.0616284167163628));
#2090=DIRECTION('ref_axis',(-0.704416026401081,0.0871557427476589,-0.704416026404436));
#2091=DIRECTION('center_axis',(0.258079327249346,-0.0755508581011326,0.963165161686565));
#2092=DIRECTION('ref_axis',(-0.711258268712145,-0.689551642735996,0.136492516969583));
#2093=DIRECTION('',(-0.258079327249346,0.0755508581011326,-0.963165161686565));
#2094=DIRECTION('',(0.258079327249346,-0.0755508581011326,0.963165161686565));
#2095=DIRECTION('center_axis',(-0.258079327249347,-0.0755508581011302,-0.963165161686565));
#2096=DIRECTION('ref_axis',(-0.711258268712142,0.689551642735998,0.136492516969585));
#2097=DIRECTION('',(-0.258079327249347,-0.0755508581011302,-0.963165161686565));
#2098=DIRECTION('center_axis',(0.258079327249347,0.0755508581011312,0.963165161686565));
#2099=DIRECTION('ref_axis',(-0.0616284167160811,0.996194698091745,-0.0616284167163602));
#2100=DIRECTION('',(0.258079327249347,0.0755508581011302,0.963165161686565));
#2101=DIRECTION('center_axis',(-0.395249740252659,0.0323395943667161,0.918004244797595));
#2102=DIRECTION('ref_axis',(-0.0616284167160805,0.996194698091745,-0.0616284167163602));
#2103=DIRECTION('center_axis',(-0.024730392095597,0.99938822056976,-0.024730392095714));
#2104=DIRECTION('ref_axis',(-0.706674187801282,-0.0349740559044804,-0.706674187804386));
#2105=DIRECTION('center_axis',(0.0616284167160812,-0.996194698091745,0.0616284167163592));
#2106=DIRECTION('ref_axis',(-0.704416026401212,-0.0871557427476593,-0.704416026404305));
#2107=DIRECTION('center_axis',(-0.0689316907177667,-0.0658464752570961,
-0.995445962225478));
#2108=DIRECTION('ref_axis',(-0.061628416716081,0.996194698091745,-0.0616284167163602));
#2109=DIRECTION('center_axis',(-0.030595053784338,0.999063504171711,-0.0305950537844802));
#2110=DIRECTION('ref_axis',(-0.706444578634267,-0.0432679400034456,-0.706444578637355));
#2111=DIRECTION('center_axis',(0.0616284167160812,-0.996194698091745,0.0616284167163592));
#2112=DIRECTION('ref_axis',(-0.704416026401219,-0.0871557427476593,-0.704416026404298));
#2113=DIRECTION('center_axis',(-0.258079327249348,-0.0755508581011314,-0.963165161686565));
#2114=DIRECTION('ref_axis',(-0.0616284167160817,0.996194698091745,-0.0616284167163602));
#2115=DIRECTION('center_axis',(0.0980263733096461,-0.990344213024659,0.0980263733100829));
#2116=DIRECTION('ref_axis',(-0.700279108737066,-0.138630226605058,-0.700279108740116));
#2117=DIRECTION('center_axis',(-0.0616284167160812,0.996194698091745,-0.0616284167163592));
#2118=DIRECTION('ref_axis',(-0.704416026401225,-0.0871557427476593,-0.704416026404293));
#2119=DIRECTION('center_axis',(0.258079327249347,0.0755508581011302,0.963165161686565));
#2120=DIRECTION('ref_axis',(0.653839992685619,0.720285082339117,-0.231695196593717));
#2121=DIRECTION('',(-0.258079327249347,-0.0755508581011302,-0.963165161686565));
#2122=DIRECTION('',(0.258079327249347,0.0755508581011302,0.963165161686565));
#2123=DIRECTION('center_axis',(0.0616284167160812,-0.996194698091745,0.0616284167163592));
#2124=DIRECTION('ref_axis',(0.704416026401148,0.0871557427476593,0.70441602640437));
#2125=DIRECTION('center_axis',(0.061628416716077,0.996194698091746,0.0616284167163628));
#2126=DIRECTION('ref_axis',(-0.704416026401148,0.0871557427476589,-0.70441602640437));
#2127=DIRECTION('center_axis',(4.66235390918701E-15,1.,-4.66235390918701E-15));
#2128=DIRECTION('ref_axis',(-0.997381511551972,4.4418464463301E-15,-0.0723195714471731));
#2129=DIRECTION('',(-4.66235390918701E-15,-1.,4.66235390918701E-15));
#2130=DIRECTION('',(4.66235390918701E-15,1.,-4.66235390918701E-15));
#2131=DIRECTION('center_axis',(-4.66235390918701E-15,-1.,4.66235390918701E-15));
#2132=DIRECTION('ref_axis',(-1.,4.662353909187E-15,-2.35440293711385E-15));
#2133=DIRECTION('',(4.66235390918701E-15,1.,-4.66235390918701E-15));
#2134=DIRECTION('center_axis',(4.66235390918701E-15,1.,-4.66235390918701E-15));
#2135=DIRECTION('ref_axis',(-0.986341371786869,5.26957938281753E-15,0.164713989392516));
#2136=DIRECTION('',(-4.66235390918701E-15,-1.,4.66235390918701E-15));
#2137=DIRECTION('center_axis',(-0.96592582628966,5.71019403888178E-15,0.258819045100312));
#2138=DIRECTION('ref_axis',(-0.258819045100312,-3.22385381733733E-15,-0.96592582628966));
#2139=DIRECTION('center_axis',(0.70710678118493,0.,0.707106781188165));
#2140=DIRECTION('ref_axis',(-0.707106781188165,0.,0.70710678118493));
#2141=DIRECTION('center_axis',(0.,-1.,0.));
#2142=DIRECTION('ref_axis',(1.,0.,0.));
#2143=DIRECTION('center_axis',(0.96592582628966,-5.71019403888178E-15,-0.258819045100313));
#2144=DIRECTION('ref_axis',(0.258819045100313,3.57353036052636E-15,0.96592582628966));
#2145=DIRECTION('center_axis',(7.88860905221012E-31,1.,0.));
#2146=DIRECTION('ref_axis',(-1.,7.88860905221012E-31,0.));
#2147=CARTESIAN_POINT('',(0.,0.,0.));
#2148=CARTESIAN_POINT('Origin',(23.4317905830189,12.8100000000004,-58.8312828698113));
#2149=CARTESIAN_POINT('',(23.4317905830189,13.4100000000004,-56.4812828698113));
#2150=CARTESIAN_POINT('Origin',(23.4317905830189,13.4100000000004,-58.8312828698113));
#2151=CARTESIAN_POINT('',(23.4317905830189,12.8100000000004,-57.0812828698113));
#2152=CARTESIAN_POINT('Origin',(23.4317905830189,12.8100000000004,-56.4812828698113));
#2153=CARTESIAN_POINT('',(25.1817905830189,12.8100000000004,-58.8312828698113));
#2154=CARTESIAN_POINT('Origin',(23.4317905830189,12.8100000000004,-58.8312828698113));
#2155=CARTESIAN_POINT('Origin',(23.4317905830189,12.8100000000004,-58.8312828698113));
#2156=CARTESIAN_POINT('Origin',(1.17386555572536,13.4100000000004,-86.47736156987));
#2157=CARTESIAN_POINT('',(33.5357849483483,13.4100000000004,-61.1723678533657));
#2158=CARTESIAN_POINT('',(33.3312828706671,13.4100000000004,-56.4812828698113));
#2159=CARTESIAN_POINT('Origin',(33.3312828706671,13.4100000000004,-58.8312828698113));
#2160=CARTESIAN_POINT('',(16.7820871493026,13.4100000000004,-77.926065652488));
#2161=CARTESIAN_POINT('',(1.81268937630222,13.4100000000004,-92.8954634255569));
#2162=CARTESIAN_POINT('',(4.33700780039551,13.4100000000004,-65.4809863036371));
#2163=CARTESIAN_POINT('',(8.58318402142697,13.4100000000004,-69.7271625246494));
#2164=CARTESIAN_POINT('',(21.0907055994635,13.4100000000004,-48.7272885044925));
#2165=CARTESIAN_POINT('',(7.20812304867023,13.4100000000004,-62.6098710553492));
#2166=CARTESIAN_POINT('',(23.4665136761467,13.4100000000004,-46.5820471266335));
#2167=CARTESIAN_POINT('Origin',(23.4317905830189,13.4100000000004,-48.931790582163));
#2168=CARTESIAN_POINT('',(33.2965597775393,13.4100000000004,-46.5820471266335));
#2169=CARTESIAN_POINT('Origin',(28.381536726843,13.4100000000004,-53.8815367259871));
#2170=CARTESIAN_POINT('',(35.6810263261966,13.4100000000004,-48.9665136752908));
#2171=CARTESIAN_POINT('Origin',(33.3312828706671,13.4100000000004,-48.931790582163));
#2172=CARTESIAN_POINT('',(35.6810263261966,13.4100000000004,-58.7965597766834));
#2173=CARTESIAN_POINT('Origin',(28.381536726843,13.4100000000004,-53.8815367259871));
#2174=CARTESIAN_POINT('Origin',(33.3312828706671,13.4100000000004,-58.8312828698113));
#2175=CARTESIAN_POINT('',(28.381536726843,13.4100000000004,-49.9565367259841));
#2176=CARTESIAN_POINT('Origin',(28.381536726843,13.4100000000004,-53.8815367259871));
#2177=CARTESIAN_POINT('Origin',(23.4317905830189,13.4100000000004,-58.8312828698113));
#2178=CARTESIAN_POINT('',(25.1817905830189,10.1080000000004,-58.8312828698113));
#2179=CARTESIAN_POINT('',(25.1817905830189,13.4100000000004,-58.8312828698113));
#2180=CARTESIAN_POINT('Origin',(23.4317905830189,10.1080000000004,-58.8312828698113));
#2181=CARTESIAN_POINT('Origin',(33.3312828706671,12.8100000000004,-58.8312828698113));
#2182=CARTESIAN_POINT('',(34.7985301038837,13.3432687081587,-60.2985301029985));
#2183=CARTESIAN_POINT('Ctrl Pts',(34.7985301038837,13.3432687081587,-60.2985301029985));
#2184=CARTESIAN_POINT('Ctrl Pts',(34.7362439521787,13.3432687081585,-60.3608162547042));
#2185=CARTESIAN_POINT('Ctrl Pts',(34.671948663526,13.3447378226026,-60.421159580493));
#2186=CARTESIAN_POINT('Ctrl Pts',(34.4317854997069,13.3548418671347,-60.6325056113388));
#2187=CARTESIAN_POINT('Ctrl Pts',(34.247392724678,13.3714488254077,-60.7691374911369));
#2188=CARTESIAN_POINT('Ctrl Pts',(33.8896974475848,13.3987153783792,-60.994186844056));
#2189=CARTESIAN_POINT('Ctrl Pts',(33.7186702381212,13.4096941847287,-61.0867535142552));
#2190=CARTESIAN_POINT('Ctrl Pts',(33.5406017049613,13.4099979335102,-61.1701198187331));
#2191=CARTESIAN_POINT('Ctrl Pts',(33.5381937721934,13.4100000000004,-61.1712447969722));
#2192=CARTESIAN_POINT('Ctrl Pts',(33.5357849483483,13.4100000000004,-61.1723678533657));
#2193=CARTESIAN_POINT('',(33.3312828706671,12.8100000000004,-57.0812828698113));
#2194=CARTESIAN_POINT('Origin',(33.3312828706671,12.8100000000004,-56.4812828698113));
#2195=CARTESIAN_POINT('',(35.0812828706671,12.8100000000004,-58.8312828698113));
#2196=CARTESIAN_POINT('Origin',(33.3312828706671,12.8100000000004,-58.8312828698113));
#2197=CARTESIAN_POINT('Origin',(33.3312828706671,12.8100000000004,-58.8312828698113));
#2198=CARTESIAN_POINT('Ctrl Pts',(35.6810263261966,13.4100000000004,-58.7965597766834));
#2199=CARTESIAN_POINT('Ctrl Pts',(35.6799890621904,13.4100000000004,-58.8000495234011));
#2200=CARTESIAN_POINT('Ctrl Pts',(35.6789468956577,13.4099970367753,-58.803537813144));
#2201=CARTESIAN_POINT('Ctrl Pts',(35.6652256650105,13.4099199765695,-58.849230370911));
#2202=CARTESIAN_POINT('Ctrl Pts',(35.651832422695,13.4094217908588,-58.8912206476343));
#2203=CARTESIAN_POINT('Ctrl Pts',(35.5429751960427,13.4028923803152,-59.2131206093336));
#2204=CARTESIAN_POINT('Ctrl Pts',(35.4161131389322,13.3819779452946,-59.4809158231356));
#2205=CARTESIAN_POINT('Ctrl Pts',(35.1770116914756,13.3579849901159,-59.8530568751673));
#2206=CARTESIAN_POINT('Ctrl Pts',(35.0907717567183,13.3512694269763,-59.9703572797412));
#2207=CARTESIAN_POINT('Ctrl Pts',(34.9339636664756,13.3446725493648,-60.1570721608585));
#2208=CARTESIAN_POINT('Ctrl Pts',(34.8678364167896,13.3432687081587,-60.2292237900926));
#2209=CARTESIAN_POINT('Ctrl Pts',(34.798530103869,13.3432687081587,-60.2985301030131));
#2210=CARTESIAN_POINT('Origin',(28.381536726843,12.8100000000004,-53.8815367259871));
#2211=CARTESIAN_POINT('',(33.3312828724959,13.4099036144046,-46.5925448103888));
#2212=CARTESIAN_POINT('Ctrl Pts',(33.3312828743248,13.4099036144046,-46.5925448103888));
#2213=CARTESIAN_POINT('Ctrl Pts',(33.365326698085,13.4097159853887,-46.6030113285859));
#2214=CARTESIAN_POINT('Ctrl Pts',(33.3992253435523,13.40925942383,-46.6139479857373));
#2215=CARTESIAN_POINT('Ctrl Pts',(33.7131206101891,13.4028923803152,-46.7200982567874));
#2216=CARTESIAN_POINT('Ctrl Pts',(33.9809158239912,13.3819779452947,-46.8469603138978));
#2217=CARTESIAN_POINT('Ctrl Pts',(34.3530568760233,13.3579849901159,-47.0860617613546));
#2218=CARTESIAN_POINT('Ctrl Pts',(34.4703572805971,13.3512694269763,-47.1723016961119));
#2219=CARTESIAN_POINT('Ctrl Pts',(34.6570721617143,13.3446725493648,-47.3291097863544));
#2220=CARTESIAN_POINT('Ctrl Pts',(34.7292237909484,13.3432687081587,-47.3952370360404));
#2221=CARTESIAN_POINT('Ctrl Pts',(34.8678364167896,13.3432687081587,-47.5338496618817));
#2222=CARTESIAN_POINT('Ctrl Pts',(34.9339636664757,13.3446725493648,-47.6060012911157));
#2223=CARTESIAN_POINT('Ctrl Pts',(35.0907717567183,13.3512694269763,-47.792716172233));
#2224=CARTESIAN_POINT('Ctrl Pts',(35.1770116914756,13.3579849901159,-47.9100165768069));
#2225=CARTESIAN_POINT('Ctrl Pts',(35.4161131389322,13.3819779452947,-48.2821576288387));
#2226=CARTESIAN_POINT('Ctrl Pts',(35.5429751960427,13.4028923803152,-48.5499528426407));
#2227=CARTESIAN_POINT('Ctrl Pts',(35.6518324226937,13.4094217908587,-48.8718528043362));
#2228=CARTESIAN_POINT('Ctrl Pts',(35.6652256650092,13.4099199765695,-48.9138430810592));
#2229=CARTESIAN_POINT('Ctrl Pts',(35.6789468956578,13.4099970367753,-48.9595356388308));
#2230=CARTESIAN_POINT('Ctrl Pts',(35.6799890621902,13.4100000000004,-48.9630239285725));
#2231=CARTESIAN_POINT('Ctrl Pts',(35.6810263261966,13.4100000000004,-48.9665136752908));
#2232=CARTESIAN_POINT('Ctrl Pts',(33.2965597775393,13.4100000000004,-46.5820471266335));
#2233=CARTESIAN_POINT('Ctrl Pts',(33.3000495242564,13.4100000000004,-46.5830843906396));
#2234=CARTESIAN_POINT('Ctrl Pts',(33.3035378140004,13.4099970367753,-46.5841265571727));
#2235=CARTESIAN_POINT('Ctrl Pts',(33.315118714796,13.4099775056603,-46.587604239725));
#2236=CARTESIAN_POINT('Ctrl Pts',(33.323204880959,13.4099481354301,-46.5900612919346));
#2237=CARTESIAN_POINT('Ctrl Pts',(33.3312828743248,13.4099036144046,-46.5925448103888));
#2238=CARTESIAN_POINT('',(23.4317905811901,13.4099036144046,-46.5925448103888));
#2239=CARTESIAN_POINT('Ctrl Pts',(23.4317905793612,13.4099036144046,-46.5925448103888));
#2240=CARTESIAN_POINT('Ctrl Pts',(23.4398685727268,13.4099481354301,-46.5900612919347));
#2241=CARTESIAN_POINT('Ctrl Pts',(23.4479547388898,13.4099775056603,-46.5876042397251));
#2242=CARTESIAN_POINT('Ctrl Pts',(23.4595356396868,13.4099970367753,-46.5841265571723));
#2243=CARTESIAN_POINT('Ctrl Pts',(23.4630239294282,13.4100000000004,-46.58308439064));
#2244=CARTESIAN_POINT('Ctrl Pts',(23.4665136761467,13.4100000000004,-46.5820471266336));
#2245=CARTESIAN_POINT('',(21.9645433498023,13.3432687081587,-47.4645433489758));
#2246=CARTESIAN_POINT('Ctrl Pts',(21.964543349817,13.3432687081587,-47.4645433489611));
#2247=CARTESIAN_POINT('Ctrl Pts',(22.0338496627376,13.3432687081587,-47.3952370360405));
#2248=CARTESIAN_POINT('Ctrl Pts',(22.1060012919716,13.3446725493648,-47.3291097863545));
#2249=CARTESIAN_POINT('Ctrl Pts',(22.2927161730889,13.3512694269763,-47.1723016961119));
#2250=CARTESIAN_POINT('Ctrl Pts',(22.4100165776627,13.3579849901159,-47.0860617613546));
#2251=CARTESIAN_POINT('Ctrl Pts',(22.7821576296944,13.3819779452946,-46.8469603138981));
#2252=CARTESIAN_POINT('Ctrl Pts',(23.0499528434963,13.4028923803151,-46.7200982567876));
#2253=CARTESIAN_POINT('Ctrl Pts',(23.3638481101331,13.40925942383,-46.6139479857375));
#2254=CARTESIAN_POINT('Ctrl Pts',(23.3977467555997,13.4097159853887,-46.6030113285863));
#2255=CARTESIAN_POINT('Ctrl Pts',(23.4317905793612,13.4099036144046,-46.5925448103888));
#2256=CARTESIAN_POINT('',(21.7347329836764,12.8100000000004,-47.2347329828509));
#2257=CARTESIAN_POINT('Origin',(22.1589970523893,12.8100000000004,-47.6589970515618));
#2258=CARTESIAN_POINT('',(35.0283404700096,12.8100000000004,-60.5283404691234));
#2259=CARTESIAN_POINT('Origin',(28.381536726843,12.8100000000004,-53.8815367259871));
#2260=CARTESIAN_POINT('Origin',(34.6040764012967,12.8100000000004,-60.1040764004124));
#2261=CARTESIAN_POINT('Origin',(33.3312828706671,13.4100000000004,-58.8312828698113));
#2262=CARTESIAN_POINT('',(35.0812828706671,10.1080000000004,-58.8312828698113));
#2263=CARTESIAN_POINT('',(35.0812828706671,13.4100000000004,-58.8312828698113));
#2264=CARTESIAN_POINT('',(33.9814366741155,10.1080000000004,-57.2065367259901));
#2265=CARTESIAN_POINT('Origin',(33.3312828706671,10.1080000000004,-58.8312828698113));
#2266=CARTESIAN_POINT('',(33.9814366741155,11.8860000000004,-57.2065367259901));
#2267=CARTESIAN_POINT('',(33.9814366741155,13.4100000000004,-57.2065367259901));
#2268=CARTESIAN_POINT('',(32.6811290672188,11.8860000000004,-57.2065367259901));
#2269=CARTESIAN_POINT('Origin',(33.3312828706671,11.8860000000004,-58.8312828698113));
#2270=CARTESIAN_POINT('',(32.6811290672188,10.1080000000004,-57.2065367259901));
#2271=CARTESIAN_POINT('',(32.6811290672188,13.4100000000004,-57.2065367259901));
#2272=CARTESIAN_POINT('Origin',(33.3312828706671,10.1080000000004,-58.8312828698113));
#2273=CARTESIAN_POINT('Origin',(23.4317905830189,12.8100000000004,-48.931790582163));
#2274=CARTESIAN_POINT('',(23.4317905830189,12.8100000000004,-47.181790582163));
#2275=CARTESIAN_POINT('Origin',(23.4317905830189,12.8100000000004,-46.581790582163));
#2276=CARTESIAN_POINT('',(25.1817905830189,12.8100000000004,-48.931790582163));
#2277=CARTESIAN_POINT('Origin',(23.4317905830189,12.8100000000004,-48.931790582163));
#2278=CARTESIAN_POINT('Origin',(23.4317905830189,12.8100000000004,-48.931790582163));
#2279=CARTESIAN_POINT('Ctrl Pts',(21.0907055994635,13.4100000000004,-48.7272885044925));
#2280=CARTESIAN_POINT('Ctrl Pts',(21.0918286558724,13.4100000000004,-48.7248796806144));
#2281=CARTESIAN_POINT('Ctrl Pts',(21.0929536340804,13.4099979335102,-48.7224717479128));
#2282=CARTESIAN_POINT('Ctrl Pts',(21.1763199390933,13.4096941847269,-48.5444032136208));
#2283=CARTESIAN_POINT('Ctrl Pts',(21.2688866093836,13.398715378305,-48.3733760042869));
#2284=CARTESIAN_POINT('Ctrl Pts',(21.4939359616605,13.3714488254113,-48.0156807282012));
#2285=CARTESIAN_POINT('Ctrl Pts',(21.6305678414599,13.354841867137,-47.8312879531644));
#2286=CARTESIAN_POINT('Ctrl Pts',(21.841913872308,13.3447378226033,-47.5911247893364));
#2287=CARTESIAN_POINT('Ctrl Pts',(21.9022571980967,13.3432687081589,-47.5268295006822));
#2288=CARTESIAN_POINT('Ctrl Pts',(21.9645433498023,13.3432687081587,-47.4645433489758));
#2289=CARTESIAN_POINT('Origin',(23.4317905830189,13.4100000000004,-48.931790582163));
#2290=CARTESIAN_POINT('',(25.1817905830189,10.1080000000004,-48.931790582163));
#2291=CARTESIAN_POINT('',(25.1817905830189,13.4100000000004,-48.931790582163));
#2292=CARTESIAN_POINT('Origin',(23.4317905830189,10.1080000000004,-48.931790582163));
#2293=CARTESIAN_POINT('Origin',(33.3312828706671,12.8100000000004,-48.931790582163));
#2294=CARTESIAN_POINT('',(33.3312828706671,12.8100000000004,-47.181790582163));
#2295=CARTESIAN_POINT('Origin',(33.3312828706671,12.8100000000004,-46.581790582163));
#2296=CARTESIAN_POINT('',(35.0812828706671,12.8100000000004,-48.931790582163));
#2297=CARTESIAN_POINT('Origin',(33.3312828706671,12.8100000000004,-48.931790582163));
#2298=CARTESIAN_POINT('Origin',(33.3312828706671,12.8100000000004,-48.931790582163));
#2299=CARTESIAN_POINT('Origin',(33.3312828706671,13.4100000000004,-48.931790582163));
#2300=CARTESIAN_POINT('',(35.0812828706671,10.1080000000004,-48.931790582163));
#2301=CARTESIAN_POINT('',(35.0812828706671,13.4100000000004,-48.931790582163));
#2302=CARTESIAN_POINT('',(32.6811290672187,10.1080000000004,-50.5565367259841));
#2303=CARTESIAN_POINT('Origin',(33.3312828706671,10.1080000000004,-48.931790582163));
#2304=CARTESIAN_POINT('',(32.6811290672187,11.8860000000004,-50.5565367259841));
#2305=CARTESIAN_POINT('',(32.6811290672187,13.4100000000004,-50.5565367259841));
#2306=CARTESIAN_POINT('',(33.9814366741155,11.8860000000004,-50.5565367259841));
#2307=CARTESIAN_POINT('Origin',(33.3312828706671,11.8860000000004,-48.931790582163));
#2308=CARTESIAN_POINT('',(33.9814366741155,10.1080000000004,-50.5565367259841));
#2309=CARTESIAN_POINT('',(33.9814366741155,13.4100000000004,-50.5565367259841));
#2310=CARTESIAN_POINT('Origin',(33.3312828706671,10.1080000000004,-48.931790582163));
#2311=CARTESIAN_POINT('Origin',(7.20812304867023,12.8100000000004,-62.6098710553492));
#2312=CARTESIAN_POINT('',(4.26305370033605,13.4077168188554,-65.4809863036373));
#2313=CARTESIAN_POINT('Origin',(4.33700780039551,12.8100000000004,-65.4809863036371));
#2314=CARTESIAN_POINT('',(-0.955140533147989,12.8100000000004,-69.924606499779));
#2315=CARTESIAN_POINT('Origin',(-0.530876464435145,12.8100000000004,-70.34887056849));
#2316=CARTESIAN_POINT('',(6.78385897995733,12.8100000000004,-62.1856069866383));
#2317=CARTESIAN_POINT('Origin',(8.58318402142697,12.8100000000004,-69.7271625246494));
#2318=CARTESIAN_POINT('',(16.7820871493028,13.4077168188554,-78.0000197525475));
#2319=CARTESIAN_POINT('',(8.54620697139732,13.4077168188554,-69.7641395746792));
#2320=CARTESIAN_POINT('Origin',(16.7820871493026,12.8100000000004,-77.926065652488));
#2321=CARTESIAN_POINT('Origin',(1.81268937630222,12.8100000000004,-92.8954634255569));
#2322=CARTESIAN_POINT('',(12.3384669531848,12.8100000000004,-83.218213986052));
#2323=CARTESIAN_POINT('',(2.23695344501512,12.8100000000004,-93.3197274942679));
#2324=CARTESIAN_POINT('Origin',(11.9142028844719,12.8100000000004,-82.793949917341));
#2325=CARTESIAN_POINT('Origin',(-0.652685572541536,-27.6499999999998,-96.2093665118374));
#2326=CARTESIAN_POINT('',(35.0283404700096,10.1080000000004,-60.5283404691233));
#2327=CARTESIAN_POINT('',(35.0283404700096,9.6000000000004,-60.5283404691233));
#2328=CARTESIAN_POINT('',(22.8446816982136,10.1080000000004,-72.7119992409751));
#2329=CARTESIAN_POINT('',(2.23695344501511,10.1080000000004,-93.3197274942679));
#2330=CARTESIAN_POINT('',(17.1878274487342,2.10800000000039,-78.3688534904803));
#2331=CARTESIAN_POINT('Origin',(22.8446816982134,2.10800000000039,-72.7119992409749));
#2332=CARTESIAN_POINT('',(17.187827448734,-20.1579999999998,-78.3688534904803));
#2333=CARTESIAN_POINT('',(17.1878274487339,-27.6499999999998,-78.3688534904803));
#2334=CARTESIAN_POINT('',(22.8446816982134,-28.1579999999998,-72.7119992409749));
#2335=CARTESIAN_POINT('Origin',(22.8446816982134,-20.1579999999998,-72.711999240975));
#2336=CARTESIAN_POINT('',(35.0283404700094,-28.1579999999998,-60.5283404691232));
#2337=CARTESIAN_POINT('',(2.23695344501493,-28.1579999999998,-93.3197274942677));
#2338=CARTESIAN_POINT('',(35.0283404700094,-30.8599999999998,-60.5283404691231));
#2339=CARTESIAN_POINT('',(35.0283404700094,-27.6499999999998,-60.5283404691232));
#2340=CARTESIAN_POINT('',(12.3384669531875,-30.8599999999998,-83.2182139860489));
#2341=CARTESIAN_POINT('',(2.23695344501492,-30.8599999999998,-93.3197274942677));
#2342=CARTESIAN_POINT('',(-2.58377676705473,-29.0137057844297,-98.1404577063594));
#2343=CARTESIAN_POINT('',(8.21837492486804,-30.35023067696,-87.3383060143872));
#2344=CARTESIAN_POINT('',(0.791065852734259,-21.1154963679773,-94.765615086555));
#2345=CARTESIAN_POINT('Origin',(-20.7615488377824,-19.1155055197746,-116.31822977717));
#2346=CARTESIAN_POINT('',(0.791065852734385,3.0654963679782,-94.7656150865551));
#2347=CARTESIAN_POINT('',(0.791065852734228,-27.6499999999998,-94.765615086555));
#2348=CARTESIAN_POINT('',(-2.58377676705461,10.9637057844306,-98.1404577063596));
#2349=CARTESIAN_POINT('Origin',(-20.7615488377823,1.06550551977567,-116.31822977717));
#2350=CARTESIAN_POINT('',(-18.9390094643111,8.94011120379226,-114.495690403691));
#2351=CARTESIAN_POINT('Origin',(28.381536726843,9.60000000000043,-53.8815367259871));
#2352=CARTESIAN_POINT('',(21.7347329836764,10.1080000000004,-47.2347329828509));
#2353=CARTESIAN_POINT('',(21.7347329836764,9.6000000000004,-47.2347329828509));
#2354=CARTESIAN_POINT('',(37.1738273839996,10.1080000000004,-50.5565367259841));
#2355=CARTESIAN_POINT('Origin',(28.381536726843,10.1080000000004,-53.8815367259871));
#2356=CARTESIAN_POINT('',(37.1738273839996,11.8860000000004,-50.5565367259841));
#2357=CARTESIAN_POINT('',(37.1738273839996,9.6000000000004,-50.5565367259841));
#2358=CARTESIAN_POINT('',(37.1738273839996,11.8860000000004,-57.2065367259901));
#2359=CARTESIAN_POINT('Origin',(28.381536726843,11.8860000000004,-53.8815367259871));
#2360=CARTESIAN_POINT('',(37.1738273839996,10.1080000000004,-57.2065367259901));
#2361=CARTESIAN_POINT('',(37.1738273839996,9.60000000000037,-57.2065367259901));
#2362=CARTESIAN_POINT('Origin',(28.381536726843,10.1080000000004,-53.8815367259871));
#2363=CARTESIAN_POINT('Origin',(21.7347329836762,-27.6499999999996,-47.2347329828507));
#2364=CARTESIAN_POINT('',(-21.8401049327336,10.2259523402617,-90.8095708994601));
#2365=CARTESIAN_POINT('',(-14.5276226694729,11.1307086193595,-83.497088636166));
#2366=CARTESIAN_POINT('',(-30.7030523173396,5.58984768253041,-99.6725182841066));
#2367=CARTESIAN_POINT('Origin',(-21.3704963973571,2.63494874080262,-90.3399623640813));
#2368=CARTESIAN_POINT('',(-30.7030523173398,-23.6398476825295,-99.6725182841065));
#2369=CARTESIAN_POINT('',(-30.7030523173398,-27.6499999999996,-99.6725182841064));
#2370=CARTESIAN_POINT('',(-21.8401049327336,-28.2759523402609,-90.8095708994598));
#2371=CARTESIAN_POINT('Origin',(-21.3704963973572,-20.6849487408018,-90.3399623640812));
#2372=CARTESIAN_POINT('',(-0.955140533147392,-30.8599999999996,-69.924606499778));
#2373=CARTESIAN_POINT('',(12.6297617197062,-32.5408280925273,-56.3397042468623));
#2374=CARTESIAN_POINT('',(21.7347329836762,-30.8599999999996,-47.2347329828507));
#2375=CARTESIAN_POINT('',(6.78385897995714,-30.8599999999996,-62.1856069866381));
#2376=CARTESIAN_POINT('',(21.7347329836762,-28.1579999999996,-47.2347329828507));
#2377=CARTESIAN_POINT('',(21.7347329836762,-27.6499999999996,-47.2347329828507));
#2378=CARTESIAN_POINT('',(9.55107421188011,-28.1579999999996,-59.4183917547025));
#2379=CARTESIAN_POINT('',(6.78385897995715,-28.1579999999996,-62.1856069866381));
#2380=CARTESIAN_POINT('',(3.8942199624007,-20.1579999999996,-65.0752460042078));
#2381=CARTESIAN_POINT('Origin',(9.55107421188015,-20.1579999999996,-59.4183917547025));
#2382=CARTESIAN_POINT('',(3.8942199624008,2.10800000000039,-65.0752460042079));
#2383=CARTESIAN_POINT('',(3.89421996240075,-9.02499999999955,-65.0752460042079));
#2384=CARTESIAN_POINT('',(9.55107421188028,10.1080000000004,-59.4183917547026));
#2385=CARTESIAN_POINT('Origin',(9.55107421188012,2.10800000000039,-59.4183917547025));
#2386=CARTESIAN_POINT('',(6.78385897995732,10.1080000000004,-62.1856069866383));
#2387=CARTESIAN_POINT('Origin',(28.381536726843,12.8100000000004,-53.8815367259871));
#2388=CARTESIAN_POINT('',(28.381536726843,12.8100000000004,-50.5565367259841));
#2389=CARTESIAN_POINT('Origin',(28.381536726843,12.8100000000004,-49.9565367259841));
#2390=CARTESIAN_POINT('',(25.05653672684,12.8100000000004,-53.8815367259871));
#2391=CARTESIAN_POINT('Origin',(28.381536726843,12.8100000000004,-53.8815367259871));
#2392=CARTESIAN_POINT('Origin',(28.381536726843,12.8100000000004,-53.8815367259871));
#2393=CARTESIAN_POINT('Origin',(28.381536726843,9.60000000000043,-53.8815367259871));
#2394=CARTESIAN_POINT('',(25.05653672684,10.1080000000004,-53.8815367259871));
#2395=CARTESIAN_POINT('',(25.05653672684,9.60000000000045,-53.8815367259871));
#2396=CARTESIAN_POINT('',(28.381536726843,10.1080000000004,-57.2065367259901));
#2397=CARTESIAN_POINT('Origin',(28.381536726843,10.1080000000004,-53.8815367259871));
#2398=CARTESIAN_POINT('',(28.381536726843,11.8860000000004,-57.2065367259901));
#2399=CARTESIAN_POINT('',(28.381536726843,9.60000000000042,-57.2065367259901));
#2400=CARTESIAN_POINT('',(28.381536726843,11.8860000000004,-50.5565367259841));
#2401=CARTESIAN_POINT('Origin',(28.381536726843,11.8860000000004,-53.8815367259871));
#2402=CARTESIAN_POINT('',(28.381536726843,10.1080000000004,-50.5565367259841));
#2403=CARTESIAN_POINT('',(28.381536726843,9.60000000000045,-50.5565367259841));
#2404=CARTESIAN_POINT('Origin',(28.381536726843,10.1080000000004,-53.8815367259871));
#2405=CARTESIAN_POINT('Origin',(33.3312828706671,-30.8599999999997,-48.9317905821629));
#2406=CARTESIAN_POINT('',(35.6810263261965,-31.4599999999997,-48.9665136752908));
#2407=CARTESIAN_POINT('',(33.2965597775393,-31.4599999999997,-46.5820471266334));
#2408=CARTESIAN_POINT('Ctrl Pts',(35.6810263261965,-31.4599999999997,-48.9665136752908));
#2409=CARTESIAN_POINT('Ctrl Pts',(35.6799890625354,-31.4599999999997,-48.963023929734));
#2410=CARTESIAN_POINT('Ctrl Pts',(35.678946895307,-31.4599970367727,-48.9595356376836));
#2411=CARTESIAN_POINT('Ctrl Pts',(35.6652256658914,-31.4599199765738,-48.9138430839491));
#2412=CARTESIAN_POINT('Ctrl Pts',(35.651832423561,-31.4594217909101,-48.8718528069024));
#2413=CARTESIAN_POINT('Ctrl Pts',(35.5429751960454,-31.4528923803145,-48.5499528426482));
#2414=CARTESIAN_POINT('Ctrl Pts',(35.4161131389354,-31.4319779452943,-48.2821576288439));
#2415=CARTESIAN_POINT('Ctrl Pts',(35.1770116914756,-31.4079849901152,-47.910016576807));
#2416=CARTESIAN_POINT('Ctrl Pts',(35.0907717567183,-31.4012694269756,-47.7927161722331));
#2417=CARTESIAN_POINT('Ctrl Pts',(34.9339636664756,-31.3946725493641,-47.6060012911157));
#2418=CARTESIAN_POINT('Ctrl Pts',(34.8678364167895,-31.393268708158,-47.5338496618817));
#2419=CARTESIAN_POINT('Ctrl Pts',(34.7292237909485,-31.393268708158,-47.3952370360406));
#2420=CARTESIAN_POINT('Ctrl Pts',(34.6570721617145,-31.3946725493641,-47.3291097863546));
#2421=CARTESIAN_POINT('Ctrl Pts',(34.4703572805968,-31.4012694269756,-47.1723016961116));
#2422=CARTESIAN_POINT('Ctrl Pts',(34.3530568760228,-31.4079849901153,-47.0860617613543));
#2423=CARTESIAN_POINT('Ctrl Pts',(33.9809158239874,-31.4319779452942,-46.8469603138954));
#2424=CARTESIAN_POINT('Ctrl Pts',(33.7131206101837,-31.4528923803145,-46.7200982567853));
#2425=CARTESIAN_POINT('Ctrl Pts',(33.3912206459235,-31.4594217909102,-46.6112410292675));
#2426=CARTESIAN_POINT('Ctrl Pts',(33.3492303688794,-31.4599199765738,-46.5978477869381));
#2427=CARTESIAN_POINT('Ctrl Pts',(33.3035378151453,-31.4599970367727,-46.5841265575226));
#2428=CARTESIAN_POINT('Ctrl Pts',(33.3000495230973,-31.4599999999997,-46.583084390295));
#2429=CARTESIAN_POINT('Ctrl Pts',(33.2965597775393,-31.4599999999997,-46.5820471266334));
#2430=CARTESIAN_POINT('',(33.3312828706671,-31.4599999999997,-51.2817905821629));
#2431=CARTESIAN_POINT('Origin',(33.3312828706671,-31.4599999999997,-48.9317905821629));
#2432=CARTESIAN_POINT('',(33.3312828706671,-30.8599999999997,-50.6817905821629));
#2433=CARTESIAN_POINT('Origin',(33.3312828706671,-30.8599999999997,-51.2817905821629));
#2434=CARTESIAN_POINT('',(31.5812828706671,-30.8599999999997,-48.9317905821629));
#2435=CARTESIAN_POINT('Origin',(33.3312828706671,-30.8599999999997,-48.9317905821629));
#2436=CARTESIAN_POINT('Origin',(33.3312828706671,-30.8599999999997,-48.9317905821629));
#2437=CARTESIAN_POINT('Origin',(33.3312828706671,-31.4599999999997,-48.9317905821629));
#2438=CARTESIAN_POINT('Origin',(28.3815367268428,-30.8599999999997,-53.8815367259869));
#2439=CARTESIAN_POINT('',(35.6810263261966,-31.4599999999998,-58.796559776683));
#2440=CARTESIAN_POINT('Origin',(28.3815367268428,-31.4599999999997,-53.8815367259869));
#2441=CARTESIAN_POINT('',(34.7985301038836,-31.393268708158,-60.2985301029983));
#2442=CARTESIAN_POINT('Ctrl Pts',(34.7985301038689,-31.393268708158,-60.298530103013));
#2443=CARTESIAN_POINT('Ctrl Pts',(34.8678364167895,-31.393268708158,-60.2292237900924));
#2444=CARTESIAN_POINT('Ctrl Pts',(34.9339636664755,-31.3946725493641,-60.1570721608584));
#2445=CARTESIAN_POINT('Ctrl Pts',(35.0907717567182,-31.4012694269756,-59.970357279741));
#2446=CARTESIAN_POINT('Ctrl Pts',(35.1770116914755,-31.4079849901152,-59.8530568751671));
#2447=CARTESIAN_POINT('Ctrl Pts',(35.4161131389321,-31.431977945294,-59.4809158231353));
#2448=CARTESIAN_POINT('Ctrl Pts',(35.5429751960426,-31.4528923803145,-59.2131206093332));
#2449=CARTESIAN_POINT('Ctrl Pts',(35.6518324226519,-31.4594217908555,-58.8912206477613));
#2450=CARTESIAN_POINT('Ctrl Pts',(35.6652256649672,-31.4599199765686,-58.8492303710522));
#2451=CARTESIAN_POINT('Ctrl Pts',(35.6789468956745,-31.4599970367747,-58.8035378130882));
#2452=CARTESIAN_POINT('Ctrl Pts',(35.6799890621737,-31.4599999999997,-58.8000495234567));
#2453=CARTESIAN_POINT('Ctrl Pts',(35.6810263261966,-31.4599999999997,-58.796559776683));
#2454=CARTESIAN_POINT('Origin',(34.6040764012965,-30.8599999999998,-60.1040764004122));
#2455=CARTESIAN_POINT('Origin',(28.3815367268428,-30.8599999999997,-53.8815367259869));
#2456=CARTESIAN_POINT('',(21.9645433498022,-31.393268708158,-47.4645433489757));
#2457=CARTESIAN_POINT('Origin',(22.1589970523891,-30.8599999999996,-47.6589970515616));
#2458=CARTESIAN_POINT('',(23.4665136761462,-31.4599999999996,-46.5820471266335));
#2459=CARTESIAN_POINT('Ctrl Pts',(23.4665136761462,-31.4599999999997,-46.5820471266335));
#2460=CARTESIAN_POINT('Ctrl Pts',(23.4630239318035,-31.4599999999997,-46.5830843899338));
#2461=CARTESIAN_POINT('Ctrl Pts',(23.4595356373401,-31.4599970367706,-46.5841265578896));
#2462=CARTESIAN_POINT('Ctrl Pts',(23.4138430878288,-31.4599199765789,-46.5978477860154));
#2463=CARTESIAN_POINT('Ctrl Pts',(23.3718528104452,-31.4594217909646,-46.6112410283607));
#2464=CARTESIAN_POINT('Ctrl Pts',(23.0499528435105,-31.4528923803145,-46.7200982567822));
#2465=CARTESIAN_POINT('Ctrl Pts',(22.7821576297044,-31.4319779452946,-46.8469603138916));
#2466=CARTESIAN_POINT('Ctrl Pts',(22.410016577663,-31.4079849901153,-47.0860617613543));
#2467=CARTESIAN_POINT('Ctrl Pts',(22.2927161730891,-31.4012694269756,-47.1723016961116));
#2468=CARTESIAN_POINT('Ctrl Pts',(22.1060012919716,-31.3946725493641,-47.3291097863544));
#2469=CARTESIAN_POINT('Ctrl Pts',(22.0338496627375,-31.393268708158,-47.3952370360404));
#2470=CARTESIAN_POINT('Ctrl Pts',(21.9645433498169,-31.393268708158,-47.464543348961));
#2471=CARTESIAN_POINT('Origin',(28.3815367268428,-31.4599999999997,-53.8815367259869));
#2472=CARTESIAN_POINT('Origin',(33.3312828706671,-31.4599999999997,-48.9317905821629));
#2473=CARTESIAN_POINT('',(31.5812828706671,-28.1579999999997,-48.9317905821629));
#2474=CARTESIAN_POINT('',(31.5812828706671,-31.4599999999997,-48.9317905821629));
#2475=CARTESIAN_POINT('',(33.9814366741154,-28.1579999999997,-50.5565367259841));
#2476=CARTESIAN_POINT('Origin',(33.3312828706671,-28.1579999999997,-48.9317905821629));
#2477=CARTESIAN_POINT('',(33.9814366741154,-29.9359999999997,-50.5565367259841));
#2478=CARTESIAN_POINT('',(33.9814366741154,-31.4599999999997,-50.5565367259841));
#2479=CARTESIAN_POINT('',(32.6811290672187,-29.9359999999997,-50.5565367259841));
#2480=CARTESIAN_POINT('Origin',(33.3312828706671,-29.9359999999997,-48.9317905821629));
#2481=CARTESIAN_POINT('',(32.6811290672187,-28.1579999999997,-50.5565367259841));
#2482=CARTESIAN_POINT('',(32.6811290672187,-31.4599999999997,-50.5565367259841));
#2483=CARTESIAN_POINT('Origin',(33.3312828706671,-28.1579999999997,-48.9317905821629));
#2484=CARTESIAN_POINT('Origin',(33.3312828706671,-30.8599999999997,-58.8312828698112));
#2485=CARTESIAN_POINT('',(33.3312828706671,-31.4599999999998,-61.1812828698112));
#2486=CARTESIAN_POINT('Origin',(33.3312828706671,-31.4599999999997,-58.8312828698112));
#2487=CARTESIAN_POINT('',(33.3312828706671,-30.8599999999997,-60.5812828698112));
#2488=CARTESIAN_POINT('Origin',(33.3312828706671,-30.8599999999997,-61.1812828698112));
#2489=CARTESIAN_POINT('',(31.5812828706671,-30.8599999999997,-58.8312828698112));
#2490=CARTESIAN_POINT('Origin',(33.3312828706671,-30.8599999999997,-58.8312828698112));
#2491=CARTESIAN_POINT('Origin',(33.3312828706671,-30.8599999999997,-58.8312828698112));
#2492=CARTESIAN_POINT('',(33.535784948348,-31.4599999999998,-61.1723678533656));
#2493=CARTESIAN_POINT('Origin',(33.3312828706671,-31.4599999999997,-58.8312828698112));
#2494=CARTESIAN_POINT('Ctrl Pts',(33.5357849483478,-31.4599999999997,-61.1723678533657));
#2495=CARTESIAN_POINT('Ctrl Pts',(33.5381937731894,-31.4599999999997,-61.1712447965075));
#2496=CARTESIAN_POINT('Ctrl Pts',(33.5406017039702,-31.4599979335112,-61.1701198192017));
#2497=CARTESIAN_POINT('Ctrl Pts',(33.7186702561314,-31.4596941846971,-61.0867535057307));
#2498=CARTESIAN_POINT('Ctrl Pts',(33.8896974637704,-31.4487153771448,-60.9941868338727));
#2499=CARTESIAN_POINT('Ctrl Pts',(34.2473927246786,-31.421448825407,-60.7691374911361));
#2500=CARTESIAN_POINT('Ctrl Pts',(34.4317854997073,-31.404841867134,-60.6325056113383));
#2501=CARTESIAN_POINT('Ctrl Pts',(34.6719486635262,-31.3947378226019,-60.4211595804926));
#2502=CARTESIAN_POINT('Ctrl Pts',(34.7362439521788,-31.3932687081578,-60.3608162547039));
#2503=CARTESIAN_POINT('Ctrl Pts',(34.7985301038836,-31.393268708158,-60.2985301029983));
#2504=CARTESIAN_POINT('Origin',(1.81268937630202,-30.8599999999998,-92.8954634255567));
#2505=CARTESIAN_POINT('',(16.7820871493051,-31.4599999999998,-77.9260656524851));
#2506=CARTESIAN_POINT('',(1.81268937630202,-31.4599999999998,-92.8954634255567));
#2507=CARTESIAN_POINT('',(16.7820871493053,-31.4577168188548,-78.0000197525447));
#2508=CARTESIAN_POINT('Origin',(16.7820871493051,-30.8599999999998,-77.9260656524851));
#2509=CARTESIAN_POINT('Origin',(11.9142028844745,-30.8599999999998,-82.793949917338));
#2510=CARTESIAN_POINT('Origin',(33.3312828706671,-31.4599999999997,-58.8312828698112));
#2511=CARTESIAN_POINT('',(31.5812828706671,-28.1579999999997,-58.8312828698112));
#2512=CARTESIAN_POINT('',(31.5812828706671,-31.4599999999997,-58.8312828698112));
#2513=CARTESIAN_POINT('',(32.6811290672187,-28.1579999999997,-57.2065367259901));
#2514=CARTESIAN_POINT('Origin',(33.3312828706671,-28.1579999999997,-58.8312828698112));
#2515=CARTESIAN_POINT('',(32.6811290672187,-29.9359999999997,-57.2065367259901));
#2516=CARTESIAN_POINT('',(32.6811290672187,-31.4599999999997,-57.2065367259901));
#2517=CARTESIAN_POINT('',(33.9814366741155,-29.9359999999997,-57.2065367259901));
#2518=CARTESIAN_POINT('Origin',(33.3312828706671,-29.9359999999997,-58.8312828698112));
#2519=CARTESIAN_POINT('',(33.9814366741155,-28.1579999999997,-57.2065367259901));
#2520=CARTESIAN_POINT('',(33.9814366741155,-31.4599999999997,-57.2065367259901));
#2521=CARTESIAN_POINT('Origin',(33.3312828706671,-28.1579999999997,-58.8312828698112));
#2522=CARTESIAN_POINT('Origin',(23.4317905830188,-30.8599999999997,-48.931790582163));
#2523=CARTESIAN_POINT('',(21.0907055994635,-31.4599999999996,-48.7272885044921));
#2524=CARTESIAN_POINT('Ctrl Pts',(21.9645433498022,-31.393268708158,-47.4645433489757));
#2525=CARTESIAN_POINT('Ctrl Pts',(21.9022571980965,-31.3932687081582,-47.5268295006822));
#2526=CARTESIAN_POINT('Ctrl Pts',(21.8419138723077,-31.3947378226027,-47.5911247893364));
#2527=CARTESIAN_POINT('Ctrl Pts',(21.6305678414593,-31.4048418671363,-47.8312879531648));
#2528=CARTESIAN_POINT('Ctrl Pts',(21.4939359616597,-31.4214488254107,-48.0156807282021));
#2529=CARTESIAN_POINT('Ctrl Pts',(21.2688865841549,-31.4487153813609,-48.3733760443857));
#2530=CARTESIAN_POINT('Ctrl Pts',(21.1763199179785,-31.4596941848028,-48.5444032582333));
#2531=CARTESIAN_POINT('Ctrl Pts',(21.0929536353095,-31.459997933505,-48.7224717453148));
#2532=CARTESIAN_POINT('Ctrl Pts',(21.091828654653,-31.4599999999997,-48.7248796832294));
#2533=CARTESIAN_POINT('Ctrl Pts',(21.0907055994635,-31.4599999999997,-48.7272885044921));
#2534=CARTESIAN_POINT('',(23.4317905830188,-31.4599999999997,-51.281790582163));
#2535=CARTESIAN_POINT('Origin',(23.4317905830188,-31.4599999999996,-48.931790582163));
#2536=CARTESIAN_POINT('',(23.4317905830188,-30.8599999999997,-50.681790582163));
#2537=CARTESIAN_POINT('Origin',(23.4317905830188,-30.8599999999997,-51.281790582163));
#2538=CARTESIAN_POINT('',(21.6817905830188,-30.8599999999997,-48.931790582163));
#2539=CARTESIAN_POINT('Origin',(23.4317905830188,-30.8599999999997,-48.931790582163));
#2540=CARTESIAN_POINT('Origin',(23.4317905830188,-30.8599999999997,-48.931790582163));
#2541=CARTESIAN_POINT('Origin',(23.4317905830188,-31.4599999999996,-48.931790582163));
#2542=CARTESIAN_POINT('Origin',(23.4317905830188,-31.4599999999997,-48.931790582163));
#2543=CARTESIAN_POINT('',(21.6817905830188,-28.1579999999997,-48.931790582163));
#2544=CARTESIAN_POINT('',(21.6817905830188,-31.4599999999997,-48.931790582163));
#2545=CARTESIAN_POINT('Origin',(23.4317905830188,-28.1579999999997,-48.931790582163));
#2546=CARTESIAN_POINT('Origin',(23.4317905830188,-30.8599999999997,-58.8312828698112));
#2547=CARTESIAN_POINT('',(23.4317905830188,-31.4599999999997,-61.1812828698112));
#2548=CARTESIAN_POINT('Origin',(23.4317905830188,-31.4599999999997,-58.8312828698112));
#2549=CARTESIAN_POINT('',(23.4317905830188,-30.8599999999997,-60.5812828698112));
#2550=CARTESIAN_POINT('Origin',(23.4317905830188,-30.8599999999997,-61.1812828698112));
#2551=CARTESIAN_POINT('',(21.6817905830188,-30.8599999999997,-58.8312828698112));
#2552=CARTESIAN_POINT('Origin',(23.4317905830188,-30.8599999999997,-58.8312828698112));
#2553=CARTESIAN_POINT('Origin',(23.4317905830188,-30.8599999999997,-58.8312828698112));
#2554=CARTESIAN_POINT('Origin',(1.17386555572513,-31.4599999999997,-86.4773615698698));
#2555=CARTESIAN_POINT('',(4.33700780039621,-31.4599999999996,-65.480986303636));
#2556=CARTESIAN_POINT('',(7.20812304867003,-31.4599999999996,-62.609871055349));
#2557=CARTESIAN_POINT('',(8.58318402142666,-31.4599999999997,-69.7271625246461));
#2558=CARTESIAN_POINT('',(28.3815367268428,-31.4599999999997,-57.8065367259899));
#2559=CARTESIAN_POINT('Origin',(28.3815367268428,-31.4599999999997,-53.8815367259869));
#2560=CARTESIAN_POINT('Origin',(23.4317905830188,-31.4599999999997,-58.8312828698112));
#2561=CARTESIAN_POINT('',(21.6817905830188,-28.1579999999997,-58.8312828698112));
#2562=CARTESIAN_POINT('',(21.6817905830188,-31.4599999999997,-58.8312828698112));
#2563=CARTESIAN_POINT('Origin',(23.4317905830188,-28.1579999999997,-58.8312828698112));
#2564=CARTESIAN_POINT('Origin',(8.58318402142666,-30.8599999999997,-69.7271625246461));
#2565=CARTESIAN_POINT('',(4.26305370033669,-31.4577168188547,-65.4809863036361));
#2566=CARTESIAN_POINT('',(8.54620697139702,-31.4577168188547,-69.7641395746759));
#2567=CARTESIAN_POINT('Origin',(4.33700780039621,-30.8599999999996,-65.480986303636));
#2568=CARTESIAN_POINT('Origin',(7.20812304867004,-30.8599999999996,-62.609871055349));
#2569=CARTESIAN_POINT('Origin',(-0.530876464434421,-30.8599999999996,-70.3488705684889));
#2570=CARTESIAN_POINT('Origin',(28.3815367268428,-27.6499999999997,-53.8815367259869));
#2571=CARTESIAN_POINT('',(37.1738273839996,-28.1579999999997,-57.2065367259901));
#2572=CARTESIAN_POINT('Origin',(28.3815367268428,-28.1579999999997,-53.8815367259869));
#2573=CARTESIAN_POINT('',(37.1738273839996,-29.9359999999997,-57.2065367259901));
#2574=CARTESIAN_POINT('',(37.1738273839994,-27.6499999999998,-57.2065367259901));
#2575=CARTESIAN_POINT('',(37.1738273839996,-29.9359999999997,-50.5565367259841));
#2576=CARTESIAN_POINT('Origin',(28.3815367268428,-29.9359999999997,-53.8815367259869));
#2577=CARTESIAN_POINT('',(37.1738273839996,-28.1579999999997,-50.5565367259841));
#2578=CARTESIAN_POINT('',(37.1738273839995,-27.6499999999997,-50.5565367259841));
#2579=CARTESIAN_POINT('Origin',(28.3815367268428,-28.1579999999997,-53.8815367259869));
#2580=CARTESIAN_POINT('Origin',(28.3815367268428,-30.8599999999997,-53.8815367259869));
#2581=CARTESIAN_POINT('',(28.3815367268428,-30.8599999999997,-57.2065367259899));
#2582=CARTESIAN_POINT('Origin',(28.3815367268428,-30.8599999999997,-57.8065367259899));
#2583=CARTESIAN_POINT('',(25.0565367268398,-30.8599999999997,-53.8815367259869));
#2584=CARTESIAN_POINT('Origin',(28.3815367268428,-30.8599999999997,-53.8815367259869));
#2585=CARTESIAN_POINT('Origin',(28.3815367268428,-30.8599999999997,-53.8815367259869));
#2586=CARTESIAN_POINT('Origin',(28.3815367268428,-27.6499999999997,-53.8815367259869));
#2587=CARTESIAN_POINT('',(25.0565367268398,-28.1579999999997,-53.8815367259869));
#2588=CARTESIAN_POINT('',(25.0565367268398,-27.6499999999997,-53.8815367259869));
#2589=CARTESIAN_POINT('',(28.3815367268429,-28.1579999999997,-50.5565367259841));
#2590=CARTESIAN_POINT('Origin',(28.3815367268428,-28.1579999999997,-53.8815367259869));
#2591=CARTESIAN_POINT('',(28.381536726843,-29.9359999999997,-50.5565367259841));
#2592=CARTESIAN_POINT('',(28.3815367268428,-27.6499999999997,-50.5565367259841));
#2593=CARTESIAN_POINT('',(28.3815367268429,-29.9359999999997,-57.2065367259901));
#2594=CARTESIAN_POINT('Origin',(28.3815367268428,-29.9359999999997,-53.8815367259869));
#2595=CARTESIAN_POINT('',(28.3815367268429,-28.1579999999997,-57.2065367259901));
#2596=CARTESIAN_POINT('',(28.3815367268428,-27.6499999999997,-57.2065367259901));
#2597=CARTESIAN_POINT('Origin',(28.3815367268428,-28.1579999999997,-53.8815367259869));
#2598=CARTESIAN_POINT('Origin',(20.8683182447905,2.10800000000039,-70.7356357875611));
#2599=CARTESIAN_POINT('',(20.8683182447905,10.1080000000004,-70.7356357875611));
#2600=CARTESIAN_POINT('',(15.211463995311,2.10800000000039,-76.3924900370664));
#2601=CARTESIAN_POINT('Origin',(1.17386555572534,10.1080000000004,-86.47736156987));
#2602=CARTESIAN_POINT('',(19.1738464698625,10.1080000000004,-57.2065367259901));
#2603=CARTESIAN_POINT('',(19.1738464698625,10.1080000000004,-57.2065367259901));
#2604=CARTESIAN_POINT('',(14.7777011412842,10.1080000000004,-50.5565367259841));
#2605=CARTESIAN_POINT('',(14.7777011412842,10.1080000000004,-50.5565367259841));
#2606=CARTESIAN_POINT('Origin',(20.8683182447903,-20.1579999999997,-70.7356357875609));
#2607=CARTESIAN_POINT('',(20.8683182447903,-28.1579999999997,-70.7356357875609));
#2608=CARTESIAN_POINT('',(15.2114639953109,-20.1579999999997,-76.3924900370662));
#2609=CARTESIAN_POINT('Origin',(1.17386555572514,-28.1579999999997,-86.4773615698698));
#2610=CARTESIAN_POINT('',(19.1738464698624,-28.1579999999996,-50.5565367259841));
#2611=CARTESIAN_POINT('',(19.1738464698624,-28.1579999999996,-50.5565367259841));
#2612=CARTESIAN_POINT('',(14.777701141284,-28.1579999999996,-57.2065367259901));
#2613=CARTESIAN_POINT('',(14.777701141284,-28.1579999999996,-57.2065367259901));
#2614=CARTESIAN_POINT('Origin',(37.1738273839996,9.6000000000004,-57.2065367259901));
#2615=CARTESIAN_POINT('',(28.381536726843,11.8860000000004,-57.2065367259901));
#2616=CARTESIAN_POINT('Origin',(37.1738273839996,9.6000000000004,-57.2065367259901));
#2617=CARTESIAN_POINT('',(28.381536726843,11.8860000000004,-57.2065367259901));
#2618=CARTESIAN_POINT('Origin',(28.381536726843,9.6000000000004,-50.5565367259841));
#2619=CARTESIAN_POINT('',(28.381536726843,11.8860000000004,-50.5565367259841));
#2620=CARTESIAN_POINT('Origin',(28.381536726843,9.6000000000004,-50.5565367259841));
#2621=CARTESIAN_POINT('',(28.381536726843,11.8860000000004,-50.5565367259841));
#2622=CARTESIAN_POINT('Origin',(37.1738273839996,-27.6499999999997,-50.5565367259841));
#2623=CARTESIAN_POINT('',(28.381536726843,-29.9359999999997,-50.5565367259841));
#2624=CARTESIAN_POINT('Origin',(37.1738273839996,-27.6499999999997,-50.5565367259841));
#2625=CARTESIAN_POINT('',(28.381536726843,-29.9359999999997,-50.5565367259841));
#2626=CARTESIAN_POINT('Origin',(28.3815367268429,-27.6499999999997,-57.2065367259901));
#2627=CARTESIAN_POINT('',(28.3815367268429,-29.9359999999997,-57.2065367259901));
#2628=CARTESIAN_POINT('Origin',(28.3815367268429,-27.6499999999997,-57.2065367259901));
#2629=CARTESIAN_POINT('',(28.3815367268429,-29.9359999999997,-57.2065367259901));
#2630=CARTESIAN_POINT('Ctrl Pts',(-3.32339448409288,6.8814505668071,-101.56646710961));
#2631=CARTESIAN_POINT('Ctrl Pts',(-1.90554533715868,5.85909006089006,-99.2655563160627));
#2632=CARTESIAN_POINT('Ctrl Pts',(-1.15296453067022,4.51853618634293,-98.0764330015491));
#2633=CARTESIAN_POINT('Ctrl Pts',(-1.18113527093901,3.06549636797816,-98.1815676355199));
#2634=CARTESIAN_POINT('Ctrl Pts',(-3.61030925072642,7.99735142107957,-100.140861444369));
#2635=CARTESIAN_POINT('Ctrl Pts',(-1.78669970529521,6.73313921109027,-97.9751477699253));
#2636=CARTESIAN_POINT('Ctrl Pts',(-0.799618529893712,4.95260936668877,-96.8318443218824));
#2637=CARTESIAN_POINT('Ctrl Pts',(-0.836921239744256,3.06549636797816,-96.8969433824112));
#2638=CARTESIAN_POINT('Ctrl Pts',(-3.34218288720449,9.47725140353658,-98.898863826513));
#2639=CARTESIAN_POINT('Ctrl Pts',(-1.24637532438514,7.73193947473744,-96.808644142217));
#2640=CARTESIAN_POINT('Ctrl Pts',(-0.123526105189903,5.45349229683047,-95.6804625677334));
#2641=CARTESIAN_POINT('Ctrl Pts',(-0.149344369173648,3.06549636797816,-95.7060253084674));
#2642=CARTESIAN_POINT('Ctrl Pts',(-2.58377676705461,10.9637057844306,-98.1404577063596));
#2643=CARTESIAN_POINT('Ctrl Pts',(-0.394524464710509,8.72974237997163,-95.9512054040055));
#2644=CARTESIAN_POINT('Ctrl Pts',(0.791065852734417,5.95508244341915,-94.7656150865551));
#2645=CARTESIAN_POINT('Ctrl Pts',(0.791065852734391,3.06549636797816,-94.7656150865551));
#2646=CARTESIAN_POINT('',(-3.32339448409289,6.88145056680711,-101.56646710961));
#2647=CARTESIAN_POINT('Origin',(2.8043769055992,10.9637057844306,-103.528611378989));
#2648=CARTESIAN_POINT('',(-1.18113527093901,3.0654963679782,-98.1815676355199));
#2649=CARTESIAN_POINT('Origin',(6.1792195253882,3.06549636797815,-100.153768759184));
#2650=CARTESIAN_POINT('Origin',(-15.3733951651285,1.06550551977562,-121.7063834498));
#2651=CARTESIAN_POINT('Origin',(6.17921952538805,-27.6499999999998,-100.153768759184));
#2652=CARTESIAN_POINT('',(-1.18113527093913,-21.1154963679773,-98.1815676355198));
#2653=CARTESIAN_POINT('Origin',(6.17921952538808,-21.1154963679774,-100.153768759184));
#2654=CARTESIAN_POINT('',(-1.18113527093916,-27.6499999999998,-98.1815676355198));
#2655=CARTESIAN_POINT('Ctrl Pts',(-1.18113527093912,-21.1154963679773,-98.1815676355198));
#2656=CARTESIAN_POINT('Ctrl Pts',(-1.15296453067035,-22.5685361863421,-98.0764330015489));
#2657=CARTESIAN_POINT('Ctrl Pts',(-1.9055453371588,-23.9090900608892,-99.2655563160625));
#2658=CARTESIAN_POINT('Ctrl Pts',(-3.323394484093,-24.9314505668062,-101.56646710961));
#2659=CARTESIAN_POINT('Ctrl Pts',(-0.836921239744362,-21.1154963679773,
-96.8969433824111));
#2660=CARTESIAN_POINT('Ctrl Pts',(-0.79961852989384,-23.0026093666879,-96.8318443218823));
#2661=CARTESIAN_POINT('Ctrl Pts',(-1.78669970529534,-24.7831392110894,-97.9751477699251));
#2662=CARTESIAN_POINT('Ctrl Pts',(-3.61030925072653,-26.0473514210787,-100.140861444368));
#2663=CARTESIAN_POINT('Ctrl Pts',(-0.14934436917376,-21.1154963679773,-95.7060253084673));
#2664=CARTESIAN_POINT('Ctrl Pts',(-0.123526105190044,-23.5034922968296,
-95.6804625677332));
#2665=CARTESIAN_POINT('Ctrl Pts',(-1.24637532438528,-25.7819394747365,-96.8086441422169));
#2666=CARTESIAN_POINT('Ctrl Pts',(-3.34218288720461,-27.5272514035357,-98.8988638265128));
#2667=CARTESIAN_POINT('Ctrl Pts',(0.79106585273427,-21.1154963679773,-94.765615086555));
#2668=CARTESIAN_POINT('Ctrl Pts',(0.791065852734256,-24.0050824434183,-94.765615086555));
#2669=CARTESIAN_POINT('Ctrl Pts',(-0.394524464710666,-26.7797423799707,
-95.9512054040053));
#2670=CARTESIAN_POINT('Ctrl Pts',(-2.58377676705475,-29.0137057844297,-98.1404577063594));
#2671=CARTESIAN_POINT('',(-3.32339448409298,-24.9314505668062,-101.56646710961));
#2672=CARTESIAN_POINT('Origin',(2.80437690559908,-29.0137057844297,-103.528611378989));
#2673=CARTESIAN_POINT('Origin',(-15.3733951651286,-19.1155055197746,-121.7063834498));
#2674=CARTESIAN_POINT('Ctrl Pts',(-2.58377676705463,10.9637057844306,-98.1404577063596));
#2675=CARTESIAN_POINT('Ctrl Pts',(-3.21290942175652,10.8858646766871,-98.7695903610644));
#2676=CARTESIAN_POINT('Ctrl Pts',(-4.47294431864651,10.729963514291,-100.02962525796));
#2677=CARTESIAN_POINT('Ctrl Pts',(-6.02033407682241,10.5385086088951,-101.577015016143));
#2678=CARTESIAN_POINT('Ctrl Pts',(-7.25015332549972,10.3863459577819,-102.806834264826));
#2679=CARTESIAN_POINT('Ctrl Pts',(-8.33725324004959,10.2518416351339,-103.893934179381));
#2680=CARTESIAN_POINT('Ctrl Pts',(-9.26386187483702,10.1371945221005,-104.820542814172));
#2681=CARTESIAN_POINT('Ctrl Pts',(-10.4920627955736,9.98523210290764,-106.048743734914));
#2682=CARTESIAN_POINT('Ctrl Pts',(-11.2658695300646,9.8894908106029,-106.822550469408));
#2683=CARTESIAN_POINT('Ctrl Pts',(-11.8864231460418,9.81271116719897,-107.443104085389));
#2684=CARTESIAN_POINT('Ctrl Pts',(-11.8925125232648,9.81195774283772,-107.449193462612));
#2685=CARTESIAN_POINT('Ctrl Pts',(-11.8986014531763,9.81120437382127,-107.455282392524));
#2686=CARTESIAN_POINT('Ctrl Pts',(-3.34218288720451,9.47725140353658,-98.898863826513));
#2687=CARTESIAN_POINT('Ctrl Pts',(-3.83946688438619,9.4870621219739,-99.5966515653778));
#2688=CARTESIAN_POINT('Ctrl Pts',(-4.86144726567735,9.5499777460639,-100.952826081447));
#2689=CARTESIAN_POINT('Ctrl Pts',(-6.19851822524105,9.69177087871327,-102.49176065381));
#2690=CARTESIAN_POINT('Ctrl Pts',(-7.32090195180326,9.80161011605022,-103.63205718691));
#2691=CARTESIAN_POINT('Ctrl Pts',(-8.34514173587581,9.8837823680733,-104.594692779116));
#2692=CARTESIAN_POINT('Ctrl Pts',(-9.25113501112463,9.92265853000192,-105.369440187502));
#2693=CARTESIAN_POINT('Ctrl Pts',(-10.4738430875179,9.92402006464346,-106.36260891753));
#2694=CARTESIAN_POINT('Ctrl Pts',(-11.2588172347797,9.88056942240373,-106.964957424711));
#2695=CARTESIAN_POINT('Ctrl Pts',(-11.8862905852021,9.81254606791918,-107.445843486467));
#2696=CARTESIAN_POINT('Ctrl Pts',(-11.8924460050036,9.81187710317285,-107.450563483558));
#2697=CARTESIAN_POINT('Ctrl Pts',(-11.8986014531763,9.81120437382127,-107.455282392524));
#2698=CARTESIAN_POINT('Ctrl Pts',(-3.61030925072645,7.99735142107956,-100.140861444369));
#2699=CARTESIAN_POINT('Ctrl Pts',(-4.03603218015875,8.16285526552925,-100.857605208464));
#2700=CARTESIAN_POINT('Ctrl Pts',(-4.94430213557865,8.53759261273284,-102.199843615893));
#2701=CARTESIAN_POINT('Ctrl Pts',(-6.20790718756202,9.02276532599494,-103.596661211807));
#2702=CARTESIAN_POINT('Ctrl Pts',(-7.30186732409931,9.36164726519857,-104.564829255082));
#2703=CARTESIAN_POINT('Ctrl Pts',(-8.31537754465328,9.61692001650615,-105.345774063235));
#2704=CARTESIAN_POINT('Ctrl Pts',(-9.22406298401351,9.76786413998571,-105.940173995991));
#2705=CARTESIAN_POINT('Ctrl Pts',(-10.4568289482788,9.87836895127898,-106.677321397902));
#2706=CARTESIAN_POINT('Ctrl Pts',(-11.2518786112512,9.87180424801702,-107.107289080224));
#2707=CARTESIAN_POINT('Ctrl Pts',(-11.8861574252654,9.81238255812837,-107.448583556912));
#2708=CARTESIAN_POINT('Ctrl Pts',(-11.8923794867424,9.81179646350798,-107.451933504503));
#2709=CARTESIAN_POINT('Ctrl Pts',(-11.8986014531763,9.81120437382127,-107.455282392524));
#2710=CARTESIAN_POINT('Ctrl Pts',(-3.32339448409291,6.8814505668071,-101.56646710961));
#2711=CARTESIAN_POINT('Ctrl Pts',(-3.76162981694235,7.19744645224491,-102.277643196041));
#2712=CARTESIAN_POINT('Ctrl Pts',(-4.71032689626735,7.85519698833851,-103.560111048062));
#2713=CARTESIAN_POINT('Ctrl Pts',(-6.04810151720925,8.60399948638808,-104.767201025783));
#2714=CARTESIAN_POINT('Ctrl Pts',(-7.19471655471832,9.09835035850565,-105.535250505786));
#2715=CARTESIAN_POINT('Ctrl Pts',(-8.24942071885676,9.46140297528287,-106.115171532984));
#2716=CARTESIAN_POINT('Ctrl Pts',(-9.18332036186644,9.67607827090043,-106.51943018874));
#2717=CARTESIAN_POINT('Ctrl Pts',(-10.4410885443808,9.8477105699421,-106.992757264964));
#2718=CARTESIAN_POINT('Ctrl Pts',(-11.2450560405201,9.86317805292521,-107.249584064617));
#2719=CARTESIAN_POINT('Ctrl Pts',(-11.8860236509516,9.81222075077773,-107.451324034867));
#2720=CARTESIAN_POINT('Ctrl Pts',(-11.8923129684812,9.81171582384311,-107.453303525448));
#2721=CARTESIAN_POINT('Ctrl Pts',(-11.8986014531763,9.81120437382127,-107.455282392524));
#2722=CARTESIAN_POINT('',(-11.8986014531763,9.81120437382127,-107.455282392524));
#2723=CARTESIAN_POINT('Ctrl Pts',(-3.32339448409291,6.8814505668071,-101.56646710961));
#2724=CARTESIAN_POINT('Ctrl Pts',(-3.76162981694235,7.19744645224491,-102.277643196041));
#2725=CARTESIAN_POINT('Ctrl Pts',(-4.71032689626735,7.85519698833851,-103.560111048062));
#2726=CARTESIAN_POINT('Ctrl Pts',(-6.04810151720925,8.60399948638808,-104.767201025783));
#2727=CARTESIAN_POINT('Ctrl Pts',(-7.19471655471832,9.09835035850565,-105.535250505786));
#2728=CARTESIAN_POINT('Ctrl Pts',(-8.24942071885676,9.46140297528287,-106.115171532984));
#2729=CARTESIAN_POINT('Ctrl Pts',(-9.18332036186644,9.67607827090043,-106.51943018874));
#2730=CARTESIAN_POINT('Ctrl Pts',(-10.4410885443808,9.8477105699421,-106.992757264964));
#2731=CARTESIAN_POINT('Ctrl Pts',(-11.2450560405201,9.86317805292521,-107.249584064617));
#2732=CARTESIAN_POINT('Ctrl Pts',(-11.8860236509516,9.81222075077773,-107.451324034867));
#2733=CARTESIAN_POINT('Ctrl Pts',(-11.8923129684812,9.81171582384311,-107.453303525448));
#2734=CARTESIAN_POINT('Ctrl Pts',(-11.8986014531763,9.81120437382127,-107.455282392524));
#2735=CARTESIAN_POINT('',(-18.9390094643111,8.94011120379226,-114.495690403691));
#2736=CARTESIAN_POINT('Ctrl Pts',(-11.8986014531763,-27.8612043738203,-107.455282392524));
#2737=CARTESIAN_POINT('Ctrl Pts',(-11.8925125232639,-27.8619577428369,-107.449193462611));
#2738=CARTESIAN_POINT('Ctrl Pts',(-11.8864255487089,-27.8627108699217,-107.443106488056));
#2739=CARTESIAN_POINT('Ctrl Pts',(-10.9577211019605,-27.9776172928534,-106.514402041303));
#2740=CARTESIAN_POINT('Ctrl Pts',(-9.71560221524215,-28.1313017493326,-105.272283154579));
#2741=CARTESIAN_POINT('Ctrl Pts',(-7.8726465106755,-28.3593263360292,-103.429327450004));
#2742=CARTESIAN_POINT('Ctrl Pts',(-6.63289102859224,-28.5127183739964,-102.189571967915));
#2743=CARTESIAN_POINT('Ctrl Pts',(-5.40381037651575,-28.6647896402845,-100.960491315833));
#2744=CARTESIAN_POINT('Ctrl Pts',(-4.46787922379543,-28.7805902065958,-100.024560163109));
#2745=CARTESIAN_POINT('Ctrl Pts',(-3.52784022155131,-28.8968990274938,-99.0845211608603));
#2746=CARTESIAN_POINT('Ctrl Pts',(-2.89847698314621,-28.9747686648181,-98.4551579224523));
#2747=CARTESIAN_POINT('Ctrl Pts',(-2.58377676705473,-29.0137057844297,-98.1404577063594));
#2748=CARTESIAN_POINT('Ctrl Pts',(-11.8986014531763,-27.8612043738203,-107.455282392524));
#2749=CARTESIAN_POINT('Ctrl Pts',(-11.8924333189478,-27.8618955199786,-107.450591426463));
#2750=CARTESIAN_POINT('Ctrl Pts',(-11.8863051073289,-27.8625262617986,-107.445818481163));
#2751=CARTESIAN_POINT('Ctrl Pts',(-10.9468280793347,-27.9658264454513,-106.727024486554));
#2752=CARTESIAN_POINT('Ctrl Pts',(-9.6873440132044,-27.9976935498987,-105.755104500421));
#2753=CARTESIAN_POINT('Ctrl Pts',(-7.90000488102899,-27.9059857349226,-104.194484957799));
#2754=CARTESIAN_POINT('Ctrl Pts',(-6.74904925822075,-27.7971001700026,-103.072707890224));
#2755=CARTESIAN_POINT('Ctrl Pts',(-5.66719063664329,-27.6852727102069,-101.877586740732));
#2756=CARTESIAN_POINT('Ctrl Pts',(-4.87046558272462,-27.6097171102342,-100.928067824074));
#2757=CARTESIAN_POINT('Ctrl Pts',(-4.09600341386599,-27.5528053256518,-99.9349599952218));
#2758=CARTESIAN_POINT('Ctrl Pts',(-3.59150947748662,-27.5322073944498,-99.2476232500509));
#2759=CARTESIAN_POINT('Ctrl Pts',(-3.34218288720458,-27.5272514035356,-98.8988638265127));
#2760=CARTESIAN_POINT('Ctrl Pts',(-11.8986014531763,-27.8612043738203,-107.455282392524));
#2761=CARTESIAN_POINT('Ctrl Pts',(-11.8923713363599,-27.8618030982605,-107.451922364306));
#2762=CARTESIAN_POINT('Ctrl Pts',(-11.8861676618496,-27.862374554086,-107.448595024687));
#2763=CARTESIAN_POINT('Ctrl Pts',(-10.9366214998309,-27.9519184867528,-106.937718351551));
#2764=CARTESIAN_POINT('Ctrl Pts',(-9.6596212312258,-27.9038701385941,-106.242035678095));
#2765=CARTESIAN_POINT('Ctrl Pts',(-7.87182523995362,-27.5737300095803,-105.029468072579));
#2766=CARTESIAN_POINT('Ctrl Pts',(-6.7392354439359,-27.2493828773705,-104.102022569158));
#2767=CARTESIAN_POINT('Ctrl Pts',(-5.70584177278352,-26.8791673547121,-103.039535997086));
#2768=CARTESIAN_POINT('Ctrl Pts',(-4.96366531735862,-26.5900694910467,-102.15649213979));
#2769=CARTESIAN_POINT('Ctrl Pts',(-4.26404478838636,-26.3062601169652,-101.192977815597));
#2770=CARTESIAN_POINT('Ctrl Pts',(-3.82387723084514,-26.1301706514313,-100.49899106153));
#2771=CARTESIAN_POINT('Ctrl Pts',(-3.6103092507265,-26.0473514210787,-100.140861444368));
#2772=CARTESIAN_POINT('Ctrl Pts',(-11.8986014531763,-27.8612043738203,-107.455282392524));
#2773=CARTESIAN_POINT('Ctrl Pts',(-11.8923129684799,-27.8617158238423,-107.453303525447));
#2774=CARTESIAN_POINT('Ctrl Pts',(-11.8860262351259,-27.8622193382589,-107.451324373952));
#2775=CARTESIAN_POINT('Ctrl Pts',(-10.9267484845724,-27.9387454773455,-107.149501712772));
#2776=CARTESIAN_POINT('Ctrl Pts',(-9.63268329705637,-27.8479312093184,-106.732023919564));
#2777=CARTESIAN_POINT('Ctrl Pts',(-7.78957648344247,-27.3800206161163,-105.890588603542));
#2778=CARTESIAN_POINT('Ctrl Pts',(-6.60512208592728,-26.9173396743529,-105.182103406606));
#2779=CARTESIAN_POINT('Ctrl Pts',(-5.5150396751825,-26.3555218365436,-104.286350012328));
#2780=CARTESIAN_POINT('Ctrl Pts',(-4.73221027043478,-25.8937971452815,-103.500232040929));
#2781=CARTESIAN_POINT('Ctrl Pts',(-3.99839009847717,-25.411636155334,-102.59887527207));
#2782=CARTESIAN_POINT('Ctrl Pts',(-3.54260541348273,-25.0895157581265,-101.922206501622));
#2783=CARTESIAN_POINT('Ctrl Pts',(-3.32339448409298,-24.9314505668062,-101.56646710961));
#2784=CARTESIAN_POINT('',(-11.8986014531763,-27.8612043738203,-107.455282392524));
#2785=CARTESIAN_POINT('',(8.21837492486804,-30.35023067696,-87.3383060143872));
#2786=CARTESIAN_POINT('Ctrl Pts',(-11.8986014531763,-27.8612043738203,-107.455282392524));
#2787=CARTESIAN_POINT('Ctrl Pts',(-11.8923129684799,-27.8617158238423,-107.453303525447));
#2788=CARTESIAN_POINT('Ctrl Pts',(-11.8860262351259,-27.8622193382589,-107.451324373952));
#2789=CARTESIAN_POINT('Ctrl Pts',(-10.9267484845724,-27.9387454773455,-107.149501712772));
#2790=CARTESIAN_POINT('Ctrl Pts',(-9.63268329705637,-27.8479312093184,-106.732023919564));
#2791=CARTESIAN_POINT('Ctrl Pts',(-7.78957648344247,-27.3800206161163,-105.890588603542));
#2792=CARTESIAN_POINT('Ctrl Pts',(-6.60512208592728,-26.9173396743529,-105.182103406606));
#2793=CARTESIAN_POINT('Ctrl Pts',(-5.5150396751825,-26.3555218365436,-104.286350012328));
#2794=CARTESIAN_POINT('Ctrl Pts',(-4.73221027043478,-25.8937971452815,-103.500232040929));
#2795=CARTESIAN_POINT('Ctrl Pts',(-3.99839009847717,-25.411636155334,-102.59887527207));
#2796=CARTESIAN_POINT('Ctrl Pts',(-3.54260541348273,-25.0895157581265,-101.922206501622));
#2797=CARTESIAN_POINT('Ctrl Pts',(-3.32339448409298,-24.9314505668062,-101.56646710961));
#2798=CARTESIAN_POINT('Origin',(-6.11829592129181,-21.8248689435542,-87.1658828423923));
#2799=CARTESIAN_POINT('',(-12.718098690321,-27.6213024795552,-110.513687718238));
#2800=CARTESIAN_POINT('',(-6.58790445666832,-29.4158725430133,-87.635491377771));
#2801=CARTESIAN_POINT('',(-4.88813535861725,-20.0302988800962,-112.016280306523));
#2802=CARTESIAN_POINT('Origin',(-12.2484901549445,-20.0302988800961,-110.044079182859));
#2803=CARTESIAN_POINT('',(1.24205887503539,-21.8248689435542,-89.1380839660567));
#2804=CARTESIAN_POINT('Origin',(-25.314898644686,-27.6499999999997,-105.060671956736));
#2805=CARTESIAN_POINT('',(-32.675253441013,1.4802534862161,-103.088470833071));
#2806=CARTESIAN_POINT('',(-32.6752534410131,-19.5302534862151,-103.088470833071));
#2807=CARTESIAN_POINT('',(-32.6752534410132,-27.6499999999996,-103.088470833071));
#2808=CARTESIAN_POINT('Origin',(-25.3148986446859,-19.5302534862152,-105.060671956736));
#2809=CARTESIAN_POINT('Origin',(-25.3148986446858,1.48025348621605,-105.060671956736));
#2810=CARTESIAN_POINT('Ctrl Pts',(-12.718098690321,-27.6213024795552,-110.513687718238));
#2811=CARTESIAN_POINT('Ctrl Pts',(-13.0558494566155,-27.522428383401,-111.774190738356));
#2812=CARTESIAN_POINT('Ctrl Pts',(-13.2717923096764,-27.4290725746823,-113.067301121397));
#2813=CARTESIAN_POINT('Ctrl Pts',(-13.3619416572791,-27.3429580934538,-114.369152318342));
#2814=CARTESIAN_POINT('Ctrl Pts',(-11.5885084010628,-27.6722117172142,-110.820353854285));
#2815=CARTESIAN_POINT('Ctrl Pts',(-11.903454970486,-27.579181466848,-112.009388637314));
#2816=CARTESIAN_POINT('Ctrl Pts',(-12.1036521447874,-27.4913515548547,-113.228563239173));
#2817=CARTESIAN_POINT('Ctrl Pts',(-12.1855030405541,-27.4104212889268,-114.455079751627));
#2818=CARTESIAN_POINT('Ctrl Pts',(-9.30183283950439,-27.2240282523378,-111.397911128296));
#2819=CARTESIAN_POINT('Ctrl Pts',(-9.57112668326619,-27.1392732155462,-112.444134241042));
#2820=CARTESIAN_POINT('Ctrl Pts',(-9.73985199135249,-27.0593288865,-113.515794447946));
#2821=CARTESIAN_POINT('Ctrl Pts',(-9.80501300452416,-26.9857647812029,-114.591831593372));
#2822=CARTESIAN_POINT('Ctrl Pts',(-6.0008482270825,-24.6914729105917,-112.083753167703));
#2823=CARTESIAN_POINT('Ctrl Pts',(-6.21089904402036,-24.6074569396972,-112.929759642546));
#2824=CARTESIAN_POINT('Ctrl Pts',(-6.33954936155593,-24.5282994009696,-113.794111693701));
#2825=CARTESIAN_POINT('Ctrl Pts',(-6.38544782336629,-24.4554180068308,-114.661249719326));
#2826=CARTESIAN_POINT('Ctrl Pts',(-4.92249910338438,-21.7826528634595,-112.144527547934));
#2827=CARTESIAN_POINT('Ctrl Pts',(-5.12393631088651,-21.6894535779019,-112.92969139782));
#2828=CARTESIAN_POINT('Ctrl Pts',(-5.25030304413323,-21.6014172588619,-113.734943498744));
#2829=CARTESIAN_POINT('Ctrl Pts',(-5.29859879079911,-21.5203585344106,-114.542363326644));
#2830=CARTESIAN_POINT('Ctrl Pts',(-4.88813535861728,-20.0302988800962,-112.016280306523));
#2831=CARTESIAN_POINT('Ctrl Pts',(-5.09922958755137,-19.9314247839419,-112.804094694097));
#2832=CARTESIAN_POINT('Ctrl Pts',(-5.23419387071443,-19.8380689752232,-113.612288683498));
#2833=CARTESIAN_POINT('Ctrl Pts',(-5.29053721296609,-19.7519544939948,-114.425945681589));
#2834=CARTESIAN_POINT('',(-13.3619416572791,-27.3429580934538,-114.369152318342));
#2835=CARTESIAN_POINT('',(-5.29053721296609,-19.7519544939948,-114.425945681589));
#2836=CARTESIAN_POINT('Origin',(-12.8923331219026,-19.7519544939947,-113.899543782963));
#2837=CARTESIAN_POINT('Origin',(7.3791226352614,-20.9191837015195,-115.303282179297));
#2838=CARTESIAN_POINT('Origin',(6.90951409988489,-28.5101873009786,-115.772890714676));
#2839=CARTESIAN_POINT('Ctrl Pts',(-13.3619416572791,-27.3429580934538,-114.369152318342));
#2840=CARTESIAN_POINT('Ctrl Pts',(-13.4274484504802,-27.2803832255987,-115.315139165776));
#2841=CARTESIAN_POINT('Ctrl Pts',(-13.9227170425292,-27.1342598804292,-117.181886498871));
#2842=CARTESIAN_POINT('Ctrl Pts',(-15.6541650104457,-26.8834827181389,-119.504134744284));
#2843=CARTESIAN_POINT('Ctrl Pts',(-18.1240121121531,-26.6370316442368,-121.018054648808));
#2844=CARTESIAN_POINT('Ctrl Pts',(-20.9798793229606,-26.4303256590554,-121.503493567122));
#2845=CARTESIAN_POINT('Ctrl Pts',(-23.8119299932464,-26.2927925577712,-120.894601524175));
#2846=CARTESIAN_POINT('Ctrl Pts',(-26.2139464220807,-26.2443943568757,-119.274919506947));
#2847=CARTESIAN_POINT('Ctrl Pts',(-27.2995298624029,-26.2760265047088,-117.678017106326));
#2848=CARTESIAN_POINT('Ctrl Pts',(-27.6745224466301,-26.3067086452123,-116.807061988511));
#2849=CARTESIAN_POINT('Ctrl Pts',(-12.1855030405541,-27.4104212889268,-114.455079751627));
#2850=CARTESIAN_POINT('Ctrl Pts',(-12.2674136076136,-27.3375986426782,-115.549982704439));
#2851=CARTESIAN_POINT('Ctrl Pts',(-12.8543913088856,-27.1680494652552,-117.704569810826));
#2852=CARTESIAN_POINT('Ctrl Pts',(-14.8709572963925,-26.8785907844473,-120.366174910371));
#2853=CARTESIAN_POINT('Ctrl Pts',(-17.7230190733624,-26.5958123350312,-122.084962941553));
#2854=CARTESIAN_POINT('Ctrl Pts',(-21.0019186545887,-26.3597960694677,-122.621000591061));
#2855=CARTESIAN_POINT('Ctrl Pts',(-24.2422937061761,-26.2033013501747,-121.910089906169));
#2856=CARTESIAN_POINT('Ctrl Pts',(-26.9884036597965,-26.1483524679341,-120.052432968697));
#2857=CARTESIAN_POINT('Ctrl Pts',(-28.2332076055022,-26.1843064105997,-118.226804173782));
#2858=CARTESIAN_POINT('Ctrl Pts',(-28.6653726962935,-26.2192095833901,-117.230593384847));
#2859=CARTESIAN_POINT('Ctrl Pts',(-9.80502964636064,-26.9857557261954,-114.591829842006));
#2860=CARTESIAN_POINT('Ctrl Pts',(-9.91993155508561,-26.8983721912915,-115.984189423583));
#2861=CARTESIAN_POINT('Ctrl Pts',(-10.6900871032443,-26.6954938743438,-118.713633198904));
#2862=CARTESIAN_POINT('Ctrl Pts',(-13.2765783973315,-26.3516339175243,-122.053932394373));
#2863=CARTESIAN_POINT('Ctrl Pts',(-16.8922751523516,-26.0181414525231,-124.183177050421));
#2864=CARTESIAN_POINT('Ctrl Pts',(-21.0163820422044,-25.7415195551953,-124.821541259361));
#2865=CARTESIAN_POINT('Ctrl Pts',(-25.0723883317992,-25.5589120234077,-123.907990215739));
#2866=CARTESIAN_POINT('Ctrl Pts',(-28.5055330632087,-25.4949445354053,-121.575595019133));
#2867=CARTESIAN_POINT('Ctrl Pts',(-30.0677460152302,-25.5368078442,-119.29333985846));
#2868=CARTESIAN_POINT('Ctrl Pts',(-30.6138452362907,-25.5775109676188,-118.046908774052));
#2869=CARTESIAN_POINT('Ctrl Pts',(-6.38548236433204,-24.4554052188634,-114.661246481571));
#2870=CARTESIAN_POINT('Ctrl Pts',(-6.53846107855209,-24.3666721503753,-116.466542594949));
#2871=CARTESIAN_POINT('Ctrl Pts',(-7.54804016751034,-24.1606099298406,-120.004192446082));
#2872=CARTESIAN_POINT('Ctrl Pts',(-10.9108186555203,-23.8122445794978,-124.322078685784));
#2873=CARTESIAN_POINT('Ctrl Pts',(-15.597989756444,-23.4749109798637,-127.065523113756));
#2874=CARTESIAN_POINT('Ctrl Pts',(-20.9315021633558,-23.1955230896416,-127.880242948913));
#2875=CARTESIAN_POINT('Ctrl Pts',(-26.1695235421899,-23.0112956456899,-126.693119016547));
#2876=CARTESIAN_POINT('Ctrl Pts',(-30.6008698178156,-22.9467644972882,-123.680208696779));
#2877=CARTESIAN_POINT('Ctrl Pts',(-32.6200757332821,-22.9889454410903,-120.734012544702));
#2878=CARTESIAN_POINT('Ctrl Pts',(-33.3265268308554,-23.0299934985533,-119.125118400704));
#2879=CARTESIAN_POINT('Ctrl Pts',(-5.2985987907991,-21.5203585344106,-114.542363326644));
#2880=CARTESIAN_POINT('Ctrl Pts',(-5.44683872730234,-21.4477898155944,-116.46570601426));
#2881=CARTESIAN_POINT('Ctrl Pts',(-6.48529941452472,-21.2790648294177,-120.245383873414));
#2882=CARTESIAN_POINT('Ctrl Pts',(-10.0366416044919,-20.9911308429176,-124.905503914262));
#2883=CARTESIAN_POINT('Ctrl Pts',(-15.0418902070528,-20.7102039168133,-127.905217925952));
#2884=CARTESIAN_POINT('Ctrl Pts',(-20.7838636776132,-20.4759397440392,-128.831867555681));
#2885=CARTESIAN_POINT('Ctrl Pts',(-26.4498206230145,-20.3206923797272,-127.581584419146));
#2886=CARTESIAN_POINT('Ctrl Pts',(-31.2492666362231,-20.2662234164496,-124.331294174862));
#2887=CARTESIAN_POINT('Ctrl Pts',(-33.4256630066572,-20.3019056159745,-121.141024387635));
#2888=CARTESIAN_POINT('Ctrl Pts',(-34.1830275861768,-20.3365359007466,-119.399002074265));
#2889=CARTESIAN_POINT('Ctrl Pts',(-5.29053721296609,-19.7519544939948,-114.425945681589));
#2890=CARTESIAN_POINT('Ctrl Pts',(-5.42286924993537,-19.6893796261397,-116.336959186444));
#2891=CARTESIAN_POINT('Ctrl Pts',(-6.42337466975499,-19.5432562809702,-120.108025743417));
#2892=CARTESIAN_POINT('Ctrl Pts',(-9.92111933567305,-19.2924791186799,-124.799261959486));
#2893=CARTESIAN_POINT('Ctrl Pts',(-14.9105239760134,-19.0460280447778,-127.857572326762));
#2894=CARTESIAN_POINT('Ctrl Pts',(-20.6797382338304,-18.8393220595963,-128.838220557967));
#2895=CARTESIAN_POINT('Ctrl Pts',(-26.4008400567873,-18.7017889583122,-127.608181345237));
#2896=CARTESIAN_POINT('Ctrl Pts',(-31.2532181282536,-18.6533907574166,-124.336218086036));
#2897=CARTESIAN_POINT('Ctrl Pts',(-33.4462344695791,-18.6850229052496,-121.110272543771));
#2898=CARTESIAN_POINT('Ctrl Pts',(-34.2037670871017,-18.7157050457532,-119.350832656439));
#2899=CARTESIAN_POINT('',(-27.6745224466301,-26.3067086452123,-116.807061988511));
#2900=CARTESIAN_POINT('',(-34.2037670871017,-18.7157050457532,-119.350832656439));
#2901=CARTESIAN_POINT('Origin',(-27.2049139112536,-18.7157050457532,-116.337453453132));
#2902=CARTESIAN_POINT('Origin',(-20.3441469049073,-19.3228795029949,-113.383527703268));
#2903=CARTESIAN_POINT('Origin',(-20.8137554402838,-26.913883102454,-113.853136238646));
#2904=CARTESIAN_POINT('Ctrl Pts',(-27.6745224466301,-26.3067086452123,-116.807061988511));
#2905=CARTESIAN_POINT('Ctrl Pts',(-27.8983041211104,-26.3250186093752,-116.287308257744));
#2906=CARTESIAN_POINT('Ctrl Pts',(-28.1704800482551,-26.3771516445582,-115.172426059503));
#2907=CARTESIAN_POINT('Ctrl Pts',(-28.0619845064975,-26.4545420560284,-114.029941587534));
#2908=CARTESIAN_POINT('Ctrl Pts',(-27.9155235269496,-26.4974174494243,-113.48334177053));
#2909=CARTESIAN_POINT('Ctrl Pts',(-28.6653726962935,-26.21920958339,-117.230593384847));
#2910=CARTESIAN_POINT('Ctrl Pts',(-28.9393222936297,-26.2412234331242,-116.600929887592));
#2911=CARTESIAN_POINT('Ctrl Pts',(-29.2770592822523,-26.3038905855653,-115.249914528391));
#2912=CARTESIAN_POINT('Ctrl Pts',(-29.1564894437587,-26.397312601931,-113.860211663162));
#2913=CARTESIAN_POINT('Ctrl Pts',(-28.9841114628816,-26.4492575124036,-113.193236821457));
#2914=CARTESIAN_POINT('Ctrl Pts',(-30.6138237809324,-25.5774993674447,-118.046899127724));
#2915=CARTESIAN_POINT('Ctrl Pts',(-30.9877486811113,-25.6046025773132,-117.197671486185));
#2916=CARTESIAN_POINT('Ctrl Pts',(-31.455794008064,-25.6818074887344,-115.375096013247));
#2917=CARTESIAN_POINT('Ctrl Pts',(-31.3103061042085,-25.7974336084086,-113.491585025777));
#2918=CARTESIAN_POINT('Ctrl Pts',(-31.0857774179197,-25.8619515633708,-112.584028735931));
#2919=CARTESIAN_POINT('Ctrl Pts',(-33.3264832965657,-23.0299773597311,-119.125099088332));
#2920=CARTESIAN_POINT('Ctrl Pts',(-33.8411142992785,-23.057383243482,-117.957816145311));
#2921=CARTESIAN_POINT('Ctrl Pts',(-34.4868601707801,-23.1355264212661,-115.450866869378));
#2922=CARTESIAN_POINT('Ctrl Pts',(-34.2900028164879,-23.2526596506892,-112.857836286365));
#2923=CARTESIAN_POINT('Ctrl Pts',(-33.9825917503688,-23.318035871387,-111.608284445195));
#2924=CARTESIAN_POINT('Ctrl Pts',(-34.1830275861768,-20.3365359007466,-119.399002074265));
#2925=CARTESIAN_POINT('Ctrl Pts',(-34.742334321827,-20.3583102957869,-118.11490137858));
#2926=CARTESIAN_POINT('Ctrl Pts',(-35.4326923194458,-20.4202521316099,-115.360807862118));
#2927=CARTESIAN_POINT('Ctrl Pts',(-35.1891940129004,-20.5126813894537,-112.525332083482));
#2928=CARTESIAN_POINT('Ctrl Pts',(-34.8387777542318,-20.5641337718795,-111.162853493488));
#2929=CARTESIAN_POINT('Ctrl Pts',(-34.2037670871017,-18.7157050457532,-119.350832656439));
#2930=CARTESIAN_POINT('Ctrl Pts',(-34.7632212733023,-18.7340150099161,-118.051448329522));
#2931=CARTESIAN_POINT('Ctrl Pts',(-35.443661091164,-18.786148045099,-115.26424283392));
#2932=CARTESIAN_POINT('Ctrl Pts',(-35.17242223677,-18.8635384565692,-112.408031653997));
#2933=CARTESIAN_POINT('Ctrl Pts',(-34.8062697879003,-18.9064138499652,-111.041532111487));
#2934=CARTESIAN_POINT('',(-27.9155235269496,-26.4974174494243,-113.48334177053));
#2935=CARTESIAN_POINT('',(-34.8062697879003,-18.9064138499652,-111.041532111487));
#2936=CARTESIAN_POINT('Origin',(-27.4459149915731,-18.9064138499652,-113.013733235151));
#2937=CARTESIAN_POINT('Origin',(-22.5390117940216,-19.128635055321,-114.328533984261));
#2938=CARTESIAN_POINT('Origin',(-23.0086203293981,-26.7196386547801,-114.798142519639));
#2939=CARTESIAN_POINT('Origin',(-18.9143335508576,-21.4039726652166,-81.1734378291981));
#2940=CARTESIAN_POINT('',(-26.2746883471848,-21.4039726652165,-79.2012367055337));
#2941=CARTESIAN_POINT('',(-19.3839420862341,-28.9949762646757,-81.6430463645768));
#2942=CARTESIAN_POINT('Origin',(-27.5392584506703,0.829088226840511,-113.36209576706));
#2943=CARTESIAN_POINT('',(-27.9155235269495,8.44741744942522,-113.48334177053));
#2944=CARTESIAN_POINT('',(-28.0088669860468,8.42009182629961,-113.831704302438));
#2945=CARTESIAN_POINT('',(-34.8062697879002,0.856413849966162,-111.041532111487));
#2946=CARTESIAN_POINT('Origin',(-27.445914991573,0.856413849966118,-113.013733235151));
#2947=CARTESIAN_POINT('',(-34.8996132469975,0.829088226840554,-111.389894643395));
#2948=CARTESIAN_POINT('Ctrl Pts',(-27.9155235269495,8.44741744942522,-113.48334177053));
#2949=CARTESIAN_POINT('Ctrl Pts',(-28.0619845064974,8.40454205602929,-114.029941587534));
#2950=CARTESIAN_POINT('Ctrl Pts',(-28.1704815718619,8.32715154346846,-115.172426169979));
#2951=CARTESIAN_POINT('Ctrl Pts',(-27.8983041211104,8.27501860937611,-116.287308257744));
#2952=CARTESIAN_POINT('Ctrl Pts',(-27.6745224466301,8.25670864521327,-116.807061988511));
#2953=CARTESIAN_POINT('Ctrl Pts',(-28.9841114628815,8.39925751240454,-113.193236821457));
#2954=CARTESIAN_POINT('Ctrl Pts',(-29.1564894437586,8.34731260193187,-113.860211663162));
#2955=CARTESIAN_POINT('Ctrl Pts',(-29.2770604804075,8.25389065906463,-115.249914478912));
#2956=CARTESIAN_POINT('Ctrl Pts',(-28.9393222936297,8.19122343312509,-116.600929887593));
#2957=CARTESIAN_POINT('Ctrl Pts',(-28.6653726962934,8.16920958339098,-117.230593384847));
#2958=CARTESIAN_POINT('Ctrl Pts',(-31.0858082920597,7.81196754313665,-112.584021716686));
#2959=CARTESIAN_POINT('Ctrl Pts',(-31.3103369783485,7.74744958817444,-113.491578006532));
#2960=CARTESIAN_POINT('Ctrl Pts',(-31.4558228841088,7.63182271107656,-115.375097841878));
#2961=CARTESIAN_POINT('Ctrl Pts',(-30.987775066248,7.55461685022611,-117.197683349201));
#2962=CARTESIAN_POINT('Ctrl Pts',(-30.6138501660691,7.52751364035758,-118.04691099074));
#2963=CARTESIAN_POINT('Ctrl Pts',(-33.9826544343859,5.26805819490319,-111.608269400124));
#2964=CARTESIAN_POINT('Ctrl Pts',(-34.2900655005051,5.20268197420542,-112.857821241294));
#2965=CARTESIAN_POINT('Ctrl Pts',(-34.4869217420577,5.08554734937203,-115.450871994451));
#2966=CARTESIAN_POINT('Ctrl Pts',(-33.8411678580493,5.0074030938374,-117.957839904507));
#2967=CARTESIAN_POINT('Ctrl Pts',(-33.3265368553364,4.97999721008651,-119.125122847528));
#2968=CARTESIAN_POINT('Ctrl Pts',(-34.8387777542316,2.51413377188051,-111.162853493488));
#2969=CARTESIAN_POINT('Ctrl Pts',(-35.1891940129003,2.46268138945469,-112.525332083482));
#2970=CARTESIAN_POINT('Ctrl Pts',(-35.4326911884342,2.37025240834132,-115.360806026265));
#2971=CARTESIAN_POINT('Ctrl Pts',(-34.7423343218269,2.30831029578792,-118.11490137858));
#2972=CARTESIAN_POINT('Ctrl Pts',(-34.1830275861767,2.28653590074753,-119.399002074265));
#2973=CARTESIAN_POINT('Ctrl Pts',(-34.8062697879002,0.856413849966174,-111.041532111487));
#2974=CARTESIAN_POINT('Ctrl Pts',(-35.1724222367699,0.813538456570237,-112.408031653997));
#2975=CARTESIAN_POINT('Ctrl Pts',(-35.443664900181,0.736147944009401,-115.264243110109));
#2976=CARTESIAN_POINT('Ctrl Pts',(-34.7632212733023,0.684015009917035,-118.051448329523));
#2977=CARTESIAN_POINT('Ctrl Pts',(-34.2037670871016,0.665705045754194,-119.350832656439));
#2978=CARTESIAN_POINT('',(-27.6745224466301,8.25670864521328,-116.807061988511));
#2979=CARTESIAN_POINT('',(-34.2037670871016,0.665705045754192,-119.350832656439));
#2980=CARTESIAN_POINT('Origin',(-27.2049139112535,0.665705045754174,-116.337453453132));
#2981=CARTESIAN_POINT('Origin',(-22.5390117940215,1.07863505532198,-114.328533984261));
#2982=CARTESIAN_POINT('Origin',(-23.0086203293981,8.66963865478108,-114.798142519639));
#2983=CARTESIAN_POINT('Ctrl Pts',(-27.6745224466301,8.25670864521327,-116.807061988511));
#2984=CARTESIAN_POINT('Ctrl Pts',(-27.2995298624028,8.22602650470969,-117.678017106326));
#2985=CARTESIAN_POINT('Ctrl Pts',(-26.2139492806965,8.194394115407,-119.274920551575));
#2986=CARTESIAN_POINT('Ctrl Pts',(-23.8119279677674,8.24279281800031,-120.894599343187));
#2987=CARTESIAN_POINT('Ctrl Pts',(-20.9798767972947,8.38032564866472,-121.503496260764));
#2988=CARTESIAN_POINT('Ctrl Pts',(-18.1240079061494,8.58703200748358,-121.018052983114));
#2989=CARTESIAN_POINT('Ctrl Pts',(-15.6541566809663,8.83348309929998,-119.504136912488));
#2990=CARTESIAN_POINT('Ctrl Pts',(-13.9227120915256,9.08426026819664,-117.181885181811));
#2991=CARTESIAN_POINT('Ctrl Pts',(-13.4274484504802,9.23038322559973,-115.315139165776));
#2992=CARTESIAN_POINT('Ctrl Pts',(-13.361941657279,9.2929580934548,-114.369152318342));
#2993=CARTESIAN_POINT('Ctrl Pts',(-28.6653726962934,8.16920958339098,-117.230593384847));
#2994=CARTESIAN_POINT('Ctrl Pts',(-28.2332076055022,8.13430641060062,-118.226804173782));
#2995=CARTESIAN_POINT('Ctrl Pts',(-26.9884033449338,8.09835489042182,-120.052426936705));
#2996=CARTESIAN_POINT('Ctrl Pts',(-24.2422890502823,8.15330435525512,-121.910078199728));
#2997=CARTESIAN_POINT('Ctrl Pts',(-21.0019138392121,8.30979958015958,-122.620989588169));
#2998=CARTESIAN_POINT('Ctrl Pts',(-17.7230148604491,8.54581520351784,-122.084947787729));
#2999=CARTESIAN_POINT('Ctrl Pts',(-14.870950984977,8.82859266382275,-120.366165397809));
#3000=CARTESIAN_POINT('Ctrl Pts',(-12.854388895999,9.11805068876542,-117.704559471126));
#3001=CARTESIAN_POINT('Ctrl Pts',(-12.2674136076136,9.28759864267918,-115.549982704439));
#3002=CARTESIAN_POINT('Ctrl Pts',(-12.185503040554,9.36042128892783,-114.455079751627));
#3003=CARTESIAN_POINT('Ctrl Pts',(-30.6138730530979,7.52752608587435,-118.046921283258));
#3004=CARTESIAN_POINT('Ctrl Pts',(-30.0677738320375,7.48682296245563,-119.293352367666));
#3005=CARTESIAN_POINT('Ctrl Pts',(-28.5055400164749,7.44496336054318,-121.575588265097));
#3006=CARTESIAN_POINT('Ctrl Pts',(-25.0723852849594,7.50893221232278,-123.907972316582));
#3007=CARTESIAN_POINT('Ctrl Pts',(-21.0163690016316,7.69154122776623,-124.821515840001));
#3008=CARTESIAN_POINT('Ctrl Pts',(-16.8922604408113,7.96816343852873,-124.183145658872));
#3009=CARTESIAN_POINT('Ctrl Pts',(-13.2765548380926,8.30165612327416,-122.053908312592));
#3010=CARTESIAN_POINT('Ctrl Pts',(-10.690065302053,8.64551590306477,-118.713612466019));
#3011=CARTESIAN_POINT('Ctrl Pts',(-9.91988984221539,8.84839492962745,-115.984193816165));
#3012=CARTESIAN_POINT('Ctrl Pts',(-9.80498793349043,8.93577846453131,-114.591834234588));
#3013=CARTESIAN_POINT('Ctrl Pts',(-33.3265835037769,4.98001445799547,-119.125143539779));
#3014=CARTESIAN_POINT('Ctrl Pts',(-32.6201324062035,4.93896640053243,-120.734037683777));
#3015=CARTESIAN_POINT('Ctrl Pts',(-30.6009097035307,4.89678598535027,-123.680252871435));
#3016=CARTESIAN_POINT('Ctrl Pts',(-26.1695398680125,4.96131865989607,-126.693161615733));
#3017=CARTESIAN_POINT('Ctrl Pts',(-20.9314971401636,5.14554676788584,-127.880303934375));
#3018=CARTESIAN_POINT('Ctrl Pts',(-15.5979605913847,5.42493676918129,-127.065572007408));
#3019=CARTESIAN_POINT('Ctrl Pts',(-10.9107553556698,5.76227246580865,-124.322130115564));
#3020=CARTESIAN_POINT('Ctrl Pts',(-7.54797338952631,6.11063894636057,-120.004226789328));
#3021=CARTESIAN_POINT('Ctrl Pts',(-6.53837436658472,6.31670422733746,-116.466550721315));
#3022=CARTESIAN_POINT('Ctrl Pts',(-6.38539565236468,6.40543729582559,-114.661254607936));
#3023=CARTESIAN_POINT('Ctrl Pts',(-34.1830275861767,2.28653590074752,-119.399002074265));
#3024=CARTESIAN_POINT('Ctrl Pts',(-33.4256630066571,2.25190561597543,-121.141024387635));
#3025=CARTESIAN_POINT('Ctrl Pts',(-31.2492419204683,2.21622859082799,-124.331234205392));
#3026=CARTESIAN_POINT('Ctrl Pts',(-26.4497950162159,2.27069828549482,-127.581499748582));
#3027=CARTESIAN_POINT('Ctrl Pts',(-20.7838387175376,2.42594713779082,-128.831751954934));
#3028=CARTESIAN_POINT('Ctrl Pts',(-15.0418850000468,2.6602096907103,-127.905098700129));
#3029=CARTESIAN_POINT('Ctrl Pts',(-10.0366493533315,2.94113468737011,-124.905401271709));
#3030=CARTESIAN_POINT('Ctrl Pts',(-6.48531707493558,3.22906718872377,-120.245302771418));
#3031=CARTESIAN_POINT('Ctrl Pts',(-5.44683872730221,3.39778981559529,-116.46570601426));
#3032=CARTESIAN_POINT('Ctrl Pts',(-5.29859879079898,3.47035853441155,-114.542363326644));
#3033=CARTESIAN_POINT('Ctrl Pts',(-34.2037670871016,0.665705045754179,-119.350832656439));
#3034=CARTESIAN_POINT('Ctrl Pts',(-33.4462344695791,0.63502290525059,-121.110272543771));
#3035=CARTESIAN_POINT('Ctrl Pts',(-31.2532239030204,0.603390515947891,-124.336220196317));
#3036=CARTESIAN_POINT('Ctrl Pts',(-26.4008359650625,0.651789218541186,-127.608176939366));
#3037=CARTESIAN_POINT('Ctrl Pts',(-20.6797331316647,0.789322049205581,-128.838225999466));
#3038=CARTESIAN_POINT('Ctrl Pts',(-14.9105154793519,0.996028408024431,-127.857568961848));
#3039=CARTESIAN_POINT('Ctrl Pts',(-9.92110250906732,1.24247949984083,-124.799266339534));
#3040=CARTESIAN_POINT('Ctrl Pts',(-6.42336466809926,1.49325666873748,-120.108023082788));
#3041=CARTESIAN_POINT('Ctrl Pts',(-5.42286924993527,1.63937962614058,-116.336959186444));
#3042=CARTESIAN_POINT('Ctrl Pts',(-5.29053721296598,1.70195449399566,-114.425945681589));
#3043=CARTESIAN_POINT('',(-13.361941657279,9.2929580934548,-114.369152318342));
#3044=CARTESIAN_POINT('',(-5.29053721296599,1.70195449399566,-114.425945681589));
#3045=CARTESIAN_POINT('Origin',(-12.8923331219025,1.70195449399569,-113.899543782963));
#3046=CARTESIAN_POINT('Origin',(-20.3441469049072,1.27287950299583,-113.383527703268));
#3047=CARTESIAN_POINT('Origin',(-20.8137554402837,8.86388310245494,-113.853136238646));
#3048=CARTESIAN_POINT('Ctrl Pts',(-13.361941657279,9.2929580934548,-114.369152318342));
#3049=CARTESIAN_POINT('Ctrl Pts',(-13.2717923096764,9.37907257468328,-113.067301121397));
#3050=CARTESIAN_POINT('Ctrl Pts',(-13.0558494566155,9.47242838340198,-111.774190738356));
#3051=CARTESIAN_POINT('Ctrl Pts',(-12.7180986903209,9.57130247955619,-110.513687718238));
#3052=CARTESIAN_POINT('Ctrl Pts',(-12.185503040554,9.36042128892783,-114.455079751627));
#3053=CARTESIAN_POINT('Ctrl Pts',(-12.1036521447873,9.44135155485571,-113.228563239173));
#3054=CARTESIAN_POINT('Ctrl Pts',(-11.9034549704859,9.52918146684897,-112.009388637314));
#3055=CARTESIAN_POINT('Ctrl Pts',(-11.5885084010627,9.62221171721514,-110.820353854285));
#3056=CARTESIAN_POINT('Ctrl Pts',(-9.8049636026381,8.9357917932042,-114.591836801088));
#3057=CARTESIAN_POINT('Ctrl Pts',(-9.73980258946643,9.0093558985012,-113.515799655662));
#3058=CARTESIAN_POINT('Ctrl Pts',(-9.57108065406188,9.08929918614161,-112.444148611669));
#3059=CARTESIAN_POINT('Ctrl Pts',(-9.30178681030007,9.17405422293321,-111.397925498923));
#3060=CARTESIAN_POINT('Ctrl Pts',(-6.38534486292823,6.40545604340546,-114.661259365064));
#3061=CARTESIAN_POINT('Ctrl Pts',(-6.33944640111787,6.47833743754425,-113.794121339439));
#3062=CARTESIAN_POINT('Ctrl Pts',(-6.21080306064884,6.55749344337064,-112.929788224568));
#3063=CARTESIAN_POINT('Ctrl Pts',(-6.00075224371098,6.64150941426517,-112.083781749725));
#3064=CARTESIAN_POINT('Ctrl Pts',(-5.29859879079899,3.47035853441156,-114.542363326644));
#3065=CARTESIAN_POINT('Ctrl Pts',(-5.25030304413311,3.5514172588628,-113.734943498744));
#3066=CARTESIAN_POINT('Ctrl Pts',(-5.12393631088638,3.63945357790275,-112.92969139782));
#3067=CARTESIAN_POINT('Ctrl Pts',(-4.92249910338424,3.73265286346035,-112.144527547934));
#3068=CARTESIAN_POINT('Ctrl Pts',(-5.29053721296599,1.70195449399566,-114.425945681589));
#3069=CARTESIAN_POINT('Ctrl Pts',(-5.23419387071432,1.78806897522414,-113.612288683498));
#3070=CARTESIAN_POINT('Ctrl Pts',(-5.09922958755126,1.88142478394283,-112.804094694097));
#3071=CARTESIAN_POINT('Ctrl Pts',(-4.88813535861717,1.98029888009704,-112.016280306523));
#3072=CARTESIAN_POINT('',(-12.7180986903209,9.57130247955619,-110.513687718238));
#3073=CARTESIAN_POINT('',(-4.88813535861715,1.98029888009705,-112.016280306523));
#3074=CARTESIAN_POINT('Origin',(-12.2484901549444,1.98029888009709,-110.044079182859));
#3075=CARTESIAN_POINT('Origin',(7.37912263526151,2.86918370152053,-115.303282179297));
#3076=CARTESIAN_POINT('Origin',(6.90951409988497,10.4601873009796,-115.772890714676));
#3077=CARTESIAN_POINT('Origin',(-14.7432208211044,1.24998450517819,-119.354540780254));
#3078=CARTESIAN_POINT('',(-7.38286602477723,1.24998450517814,-121.326741903918));
#3079=CARTESIAN_POINT('',(-15.212829356481,8.84098810463728,-119.824149315632));
#3080=CARTESIAN_POINT('Origin',(-48.133625967041,6.97271665381067,-117.103091933888));
#3081=CARTESIAN_POINT('Origin',(3.8942199624007,-31.4599999999996,-65.0752460042079));
#3082=CARTESIAN_POINT('Origin',(-22.5390117940217,-27.6499999999997,-114.328533984261));
#3083=CARTESIAN_POINT('',(-34.2037670871017,-27.6499999999997,-119.350832656439));
#3084=CARTESIAN_POINT('',(-34.8062697879003,-27.6499999999997,-111.041532111487));
#3085=CARTESIAN_POINT('Origin',(-20.3441469049073,-27.6499999999997,-113.383527703267));
#3086=CARTESIAN_POINT('',(-5.29053721296612,-27.6499999999998,-114.425945681588));
#3087=CARTESIAN_POINT('Origin',(7.37912263526137,-27.6499999999999,-115.303282179297));
#3088=CARTESIAN_POINT('',(-4.88813535861729,-27.6499999999998,-112.016280306523));
#3089=CARTESIAN_POINT('Origin',(-32.1468037426156,-27.6499999999996,-101.116269709389));
#3090=CARTESIAN_POINT('Origin',(17.1878274487341,9.6000000000004,-78.3688534904805));
#3091=CARTESIAN_POINT('Origin',(33.0815367268415,11.8860000000004,-53.8815367259871));
#3092=CARTESIAN_POINT('Origin',(-5.25448819442507,-27.6499999999998,-113.383527703267));
#3093=CARTESIAN_POINT('Origin',(33.0815367268414,-29.9359999999997,-53.8815367259871));
#3094=UNCERTAINTY_MEASURE_WITH_UNIT(LENGTH_MEASURE(0.01),#3098,
'DISTANCE_ACCURACY_VALUE',
'Maximum model space distance between geometric entities at asserted c
onnectivities');
#3095=UNCERTAINTY_MEASURE_WITH_UNIT(LENGTH_MEASURE(0.01),#3098,
'DISTANCE_ACCURACY_VALUE',
'Maximum model space distance between geometric entities at asserted c
onnectivities');
#3096=(
GEOMETRIC_REPRESENTATION_CONTEXT(3)
GLOBAL_UNCERTAINTY_ASSIGNED_CONTEXT((#3094))
GLOBAL_UNIT_ASSIGNED_CONTEXT((#3098,#3100,#3101))
REPRESENTATION_CONTEXT('','3D')
);
#3097=(
GEOMETRIC_REPRESENTATION_CONTEXT(3)
GLOBAL_UNCERTAINTY_ASSIGNED_CONTEXT((#3095))
GLOBAL_UNIT_ASSIGNED_CONTEXT((#3098,#3100,#3101))
REPRESENTATION_CONTEXT('','3D')
);
#3098=(
LENGTH_UNIT()
NAMED_UNIT(*)
SI_UNIT(.MILLI.,.METRE.)
);
#3099=(
LENGTH_UNIT()
NAMED_UNIT(*)
SI_UNIT($,.METRE.)
);
#3100=(
NAMED_UNIT(*)
PLANE_ANGLE_UNIT()
SI_UNIT($,.RADIAN.)
);
#3101=(
NAMED_UNIT(*)
SI_UNIT($,.STERADIAN.)
SOLID_ANGLE_UNIT()
);
#3102=SHAPE_DEFINITION_REPRESENTATION(#3103,#3104);
#3103=PRODUCT_DEFINITION_SHAPE('',$,#3106);
#3104=SHAPE_REPRESENTATION('',(#1490),#3096);
#3105=PRODUCT_DEFINITION_CONTEXT('part definition',#3110,'design');
#3106=PRODUCT_DEFINITION('Lower Leg','Lower Leg',#3107,#3105);
#3107=PRODUCT_DEFINITION_FORMATION('',$,#3112);
#3108=PRODUCT_RELATED_PRODUCT_CATEGORY('Lower Leg','Lower Leg',(#3112));
#3109=APPLICATION_PROTOCOL_DEFINITION('international standard',
'automotive_design',2009,#3110);
#3110=APPLICATION_CONTEXT(
'Core Data for Automotive Mechanical Design Process');
#3111=PRODUCT_CONTEXT('part definition',#3110,'mechanical');
#3112=PRODUCT('Lower Leg','Lower Leg',$,(#3111));
#3113=PRESENTATION_STYLE_ASSIGNMENT((#3114));
#3114=SURFACE_STYLE_USAGE(.BOTH.,#3115);
#3115=SURFACE_SIDE_STYLE('',(#3116));
#3116=SURFACE_STYLE_FILL_AREA(#3117);
#3117=FILL_AREA_STYLE('Steel - Satin',(#3118));
#3118=FILL_AREA_STYLE_COLOUR('Steel - Satin',#3119);
#3119=COLOUR_RGB('Steel - Satin',0.627450980392157,0.627450980392157,0.627450980392157);
ENDSEC;
END-ISO-10303-21;
