ISO-10303-21;
HEADER;
/* Generated by software containing ST-Developer
 * from STEP Tools, Inc. (www.steptools.com) 
 */

FILE_DESCRIPTION(
/* description */ (''),
/* implementation_level */ '2;1');

FILE_NAME(
/* name */ 'Upper Leg.step',
/* time_stamp */ '2026-07-02T19:15:35-04:00',
/* author */ (''),
/* organization */ (''),
/* preprocessor_version */ 'ST-DEVELOPER v20.1',
/* originating_system */ 'Autodesk Translation Framework v15.8.0.0',
/* authorisation */ '');

FILE_SCHEMA (('AUTOMOTIVE_DESIGN { 1 0 10303 214 3 1 1 }'));
ENDSEC;

DATA;
#10=MECHANICAL_DESIGN_GEOMETRIC_PRESENTATION_REPRESENTATION('',(#13),#3575);
#11=SHAPE_REPRESENTATION_RELATIONSHIP('SRR','None',#3582,#12);
#12=ADVANCED_BREP_SHAPE_REPRESENTATION('',(#14),#3574);
#13=STYLED_ITEM('',(#3591),#14);
#14=MANIFOLD_SOLID_BREP('Upper Leg',#1947);
#15=B_SPLINE_CURVE_WITH_KNOTS('',3,(#2956,#2957,#2958,#2959,#2960,#2961,
#2962,#2963,#2964,#2965,#2966,#2967,#2968,#2969),.UNSPECIFIED.,.F.,.F.,
(4,2,2,2,2,2,4),(-0.00131122850805013,0.,0.0396641575666844,0.0898843016418997,
0.140104445717137,0.179768603287364,0.181079831797692),.UNSPECIFIED.);
#16=B_SPLINE_CURVE_WITH_KNOTS('',3,(#2997,#2998,#2999,#3000,#3001,#3002,
#3003,#3004,#3005,#3006),.UNSPECIFIED.,.F.,.F.,(4,2,2,2,4),(-0.000795776295239689,
0.,0.00838988583980193,0.0936680494613453,0.152410263064146),
 .UNSPECIFIED.);
#17=B_SPLINE_CURVE_WITH_KNOTS('',3,(#3012,#3013,#3014,#3015,#3016,#3017,
#3018,#3019,#3020,#3021),.UNSPECIFIED.,.F.,.F.,(4,2,2,2,4),(0.152410263064146,
0.211152476663203,0.296430640271043,0.304820526143552,0.305616302438623),
 .UNSPECIFIED.);
#18=B_SPLINE_CURVE_WITH_KNOTS('',3,(#3057,#3058,#3059,#3060,#3061,#3062,
#3063,#3064,#3065,#3066,#3067,#3068,#3069,#3070),.UNSPECIFIED.,.F.,.F.,
(4,2,2,2,2,2,4),(-0.000517966037669187,0.,0.0288503869644163,0.0558060075245723,
0.0815504026311697,0.100725817848005,0.117492557515975),.UNSPECIFIED.);
#19=B_SPLINE_CURVE_WITH_KNOTS('',3,(#3137,#3138,#3139,#3140,#3141,#3142,
#3143,#3144,#3145,#3146),.UNSPECIFIED.,.F.,.F.,(4,2,2,2,4),(0.,0.0388326472038582,
0.0776652944077164,0.121129044075403,0.164592793743089),.UNSPECIFIED.);
#20=B_SPLINE_CURVE_WITH_KNOTS('',3,(#3150,#3151,#3152,#3153,#3154,#3155,
#3156,#3157,#3158,#3159),.UNSPECIFIED.,.F.,.F.,(4,2,2,2,4),(0.174554223496182,
0.218017973163867,0.261481722831553,0.300314370035411,0.339147017239269),
 .UNSPECIFIED.);
#21=B_SPLINE_CURVE_WITH_KNOTS('',3,(#3251,#3252,#3253,#3254,#3255,#3256,
#3257,#3258,#3259,#3260,#3261,#3262,#3263,#3264,#3265,#3266,#3267,#3268),
 .UNSPECIFIED.,.F.,.F.,(4,2,2,2,2,2,2,2,4),(-0.00079578299064395,0.,0.00838990274846434,
0.093668334647484,0.152410735054489,0.211153135465234,0.296431567355548,
0.304821469994613,0.305617253017163),.UNSPECIFIED.);
#22=B_SPLINE_CURVE_WITH_KNOTS('',3,(#3286,#3287,#3288,#3289,#3290,#3291,
#3292,#3293,#3294,#3295,#3296,#3297),.UNSPECIFIED.,.F.,.F.,(4,2,2,2,2,4),
(-0.00131122027983456,0.,0.0396641002425201,0.0898841039344535,0.140104107626345,
0.162289424384606),.UNSPECIFIED.);
#23=B_SPLINE_CURVE_WITH_KNOTS('',3,(#3303,#3304,#3305,#3306,#3307,#3308),
 .UNSPECIFIED.,.F.,.F.,(4,2,4),(0.162289424384606,0.179768208264017,0.181079428508557),
 .UNSPECIFIED.);
#24=B_SPLINE_CURVE_WITH_KNOTS('',3,(#3343,#3344,#3345,#3346,#3347,#3348,
#3349,#3350,#3351,#3352,#3353,#3354,#3355,#3356),.UNSPECIFIED.,.F.,.F.,
(4,2,2,2,2,2,4),(-0.116786809472707,-0.116274214415923,-0.0877229929081075,
-0.0610468894650874,-0.0355694516340599,-0.0165928764592002,0.),
 .UNSPECIFIED.);
#25=CYLINDRICAL_SURFACE('',#1981,1.905);
#26=CYLINDRICAL_SURFACE('',#1987,1.905);
#27=CYLINDRICAL_SURFACE('',#1993,0.6);
#28=CYLINDRICAL_SURFACE('',#1996,1.905);
#29=CYLINDRICAL_SURFACE('',#2002,1.75);
#30=CYLINDRICAL_SURFACE('',#2008,0.6);
#31=CYLINDRICAL_SURFACE('',#2011,1.75);
#32=CYLINDRICAL_SURFACE('',#2017,1.75);
#33=CYLINDRICAL_SURFACE('',#2023,1.75);
#34=CYLINDRICAL_SURFACE('',#2025,0.6);
#35=CYLINDRICAL_SURFACE('',#2032,0.6);
#36=CYLINDRICAL_SURFACE('',#2040,0.6);
#37=CYLINDRICAL_SURFACE('',#2045,0.6);
#38=CYLINDRICAL_SURFACE('',#2052,8.);
#39=CYLINDRICAL_SURFACE('',#2055,8.);
#40=CYLINDRICAL_SURFACE('',#2058,8.);
#41=CYLINDRICAL_SURFACE('',#2083,1.75);
#42=CYLINDRICAL_SURFACE('',#2089,1.75);
#43=CYLINDRICAL_SURFACE('',#2095,1.75);
#44=CYLINDRICAL_SURFACE('',#2101,0.6);
#45=CYLINDRICAL_SURFACE('',#2104,1.75);
#46=CYLINDRICAL_SURFACE('',#2110,1.905);
#47=CYLINDRICAL_SURFACE('',#2118,1.905);
#48=CYLINDRICAL_SURFACE('',#2124,1.905);
#49=CYLINDRICAL_SURFACE('',#2128,0.6);
#50=CYLINDRICAL_SURFACE('',#2133,0.6);
#51=CYLINDRICAL_SURFACE('',#2138,0.6);
#52=CYLINDRICAL_SURFACE('',#2146,0.6);
#53=CYLINDRICAL_SURFACE('',#2153,0.6);
#54=CYLINDRICAL_SURFACE('',#2154,8.);
#55=CYLINDRICAL_SURFACE('',#2157,8.);
#56=CYLINDRICAL_SURFACE('',#2161,8.);
#57=CYLINDRICAL_SURFACE('',#2163,1.);
#58=CYLINDRICAL_SURFACE('',#2174,1.);
#59=CYLINDRICAL_SURFACE('',#2177,8.);
#60=CYLINDRICAL_SURFACE('',#2186,8.);
#61=CYLINDRICAL_SURFACE('',#2188,8.);
#62=CYLINDRICAL_SURFACE('',#2190,8.);
#63=CYLINDRICAL_SURFACE('',#2195,8.);
#64=CYLINDRICAL_SURFACE('',#2196,8.);
#65=CYLINDRICAL_SURFACE('',#2198,8.);
#66=CYLINDRICAL_SURFACE('',#2211,1.000000000002);
#67=CYLINDRICAL_SURFACE('',#2212,1.000000000002);
#68=CYLINDRICAL_SURFACE('',#2213,1.000000000002);
#69=CYLINDRICAL_SURFACE('',#2215,3.175);
#70=CYLINDRICAL_SURFACE('',#2216,11.48477651091);
#71=CYLINDRICAL_SURFACE('',#2220,3.175);
#72=CYLINDRICAL_SURFACE('',#2221,1.000000000002);
#73=CYLINDRICAL_SURFACE('',#2223,1.000000000002);
#74=CYLINDRICAL_SURFACE('',#2225,1.000000000002);
#75=FACE_BOUND('',#473,.T.);
#76=FACE_BOUND('',#474,.T.);
#77=FACE_BOUND('',#475,.T.);
#78=FACE_BOUND('',#476,.T.);
#79=FACE_BOUND('',#477,.T.);
#80=FACE_BOUND('',#513,.T.);
#81=FACE_BOUND('',#514,.T.);
#82=FACE_BOUND('',#515,.T.);
#83=FACE_BOUND('',#516,.T.);
#84=FACE_BOUND('',#517,.T.);
#85=FACE_BOUND('',#551,.T.);
#86=FACE_BOUND('',#552,.T.);
#87=FACE_BOUND('',#553,.T.);
#88=FACE_BOUND('',#554,.T.);
#89=FACE_BOUND('',#555,.T.);
#90=FACE_BOUND('',#556,.T.);
#91=FACE_BOUND('',#561,.T.);
#92=FACE_BOUND('',#562,.T.);
#93=FACE_BOUND('',#563,.T.);
#94=FACE_BOUND('',#564,.T.);
#95=FACE_BOUND('',#565,.T.);
#96=FACE_BOUND('',#566,.T.);
#97=FACE_BOUND('',#574,.T.);
#98=FACE_BOUND('',#584,.T.);
#99=FACE_BOUND('',#586,.T.);
#100=FACE_BOUND('',#588,.T.);
#101=FACE_BOUND('',#590,.T.);
#102=FACE_BOUND('',#603,.T.);
#103=FACE_BOUND('',#605,.T.);
#104=FACE_BOUND('',#607,.T.);
#105=LINE('',#2901,#219);
#106=LINE('',#2905,#220);
#107=LINE('',#2909,#221);
#108=LINE('',#2915,#222);
#109=LINE('',#2919,#223);
#110=LINE('',#2923,#224);
#111=LINE('',#2927,#225);
#112=LINE('',#2931,#226);
#113=LINE('',#2943,#227);
#114=LINE('',#2953,#228);
#115=LINE('',#2979,#229);
#116=LINE('',#2983,#230);
#117=LINE('',#2993,#231);
#118=LINE('',#3026,#232);
#119=LINE('',#3030,#233);
#120=LINE('',#3040,#234);
#121=LINE('',#3050,#235);
#122=LINE('',#3056,#236);
#123=LINE('',#3080,#237);
#124=LINE('',#3092,#238);
#125=LINE('',#3100,#239);
#126=LINE('',#3107,#240);
#127=LINE('',#3109,#241);
#128=LINE('',#3110,#242);
#129=LINE('',#3113,#243);
#130=LINE('',#3117,#244);
#131=LINE('',#3118,#245);
#132=LINE('',#3121,#246);
#133=LINE('',#3125,#247);
#134=LINE('',#3126,#248);
#135=LINE('',#3129,#249);
#136=LINE('',#3133,#250);
#137=LINE('',#3148,#251);
#138=LINE('',#3163,#252);
#139=LINE('',#3165,#253);
#140=LINE('',#3167,#254);
#141=LINE('',#3169,#255);
#142=LINE('',#3171,#256);
#143=LINE('',#3172,#257);
#144=LINE('',#3186,#258);
#145=LINE('',#3190,#259);
#146=LINE('',#3196,#260);
#147=LINE('',#3200,#261);
#148=LINE('',#3204,#262);
#149=LINE('',#3208,#263);
#150=LINE('',#3212,#264);
#151=LINE('',#3216,#265);
#152=LINE('',#3228,#266);
#153=LINE('',#3238,#267);
#154=LINE('',#3248,#268);
#155=LINE('',#3278,#269);
#156=LINE('',#3282,#270);
#157=LINE('',#3314,#271);
#158=LINE('',#3318,#272);
#159=LINE('',#3320,#273);
#160=LINE('',#3330,#274);
#161=LINE('',#3340,#275);
#162=LINE('',#3360,#276);
#163=LINE('',#3368,#277);
#164=LINE('',#3376,#278);
#165=LINE('',#3388,#279);
#166=LINE('',#3397,#280);
#167=LINE('',#3400,#281);
#168=LINE('',#3403,#282);
#169=LINE('',#3405,#283);
#170=LINE('',#3407,#284);
#171=LINE('',#3408,#285);
#172=LINE('',#3411,#286);
#173=LINE('',#3415,#287);
#174=LINE('',#3419,#288);
#175=LINE('',#3420,#289);
#176=LINE('',#3427,#290);
#177=LINE('',#3428,#291);
#178=LINE('',#3430,#292);
#179=LINE('',#3434,#293);
#180=LINE('',#3438,#294);
#181=LINE('',#3442,#295);
#182=LINE('',#3444,#296);
#183=LINE('',#3458,#297);
#184=LINE('',#3459,#298);
#185=LINE('',#3461,#299);
#186=LINE('',#3465,#300);
#187=LINE('',#3468,#301);
#188=LINE('',#3472,#302);
#189=LINE('',#3475,#303);
#190=LINE('',#3477,#304);
#191=LINE('',#3480,#305);
#192=LINE('',#3481,#306);
#193=LINE('',#3489,#307);
#194=LINE('',#3490,#308);
#195=LINE('',#3493,#309);
#196=LINE('',#3495,#310);
#197=LINE('',#3496,#311);
#198=LINE('',#3498,#312);
#199=LINE('',#3499,#313);
#200=LINE('',#3502,#314);
#201=LINE('',#3503,#315);
#202=LINE('',#3507,#316);
#203=LINE('',#3510,#317);
#204=LINE('',#3512,#318);
#205=LINE('',#3515,#319);
#206=LINE('',#3517,#320);
#207=LINE('',#3521,#321);
#208=LINE('',#3524,#322);
#209=LINE('',#3527,#323);
#210=LINE('',#3528,#324);
#211=LINE('',#3540,#325);
#212=LINE('',#3543,#326);
#213=LINE('',#3545,#327);
#214=LINE('',#3547,#328);
#215=LINE('',#3549,#329);
#216=LINE('',#3559,#330);
#217=LINE('',#3563,#331);
#218=LINE('',#3567,#332);
#219=VECTOR('',#2247,10.);
#220=VECTOR('',#2250,10.);
#221=VECTOR('',#2253,10.);
#222=VECTOR('',#2258,10.);
#223=VECTOR('',#2261,10.);
#224=VECTOR('',#2264,10.);
#225=VECTOR('',#2267,10.);
#226=VECTOR('',#2270,10.);
#227=VECTOR('',#2283,1.905);
#228=VECTOR('',#2296,1.905);
#229=VECTOR('',#2311,10.);
#230=VECTOR('',#2316,1.905);
#231=VECTOR('',#2329,1.75);
#232=VECTOR('',#2344,10.);
#233=VECTOR('',#2349,1.75);
#234=VECTOR('',#2362,1.75);
#235=VECTOR('',#2375,1.75);
#236=VECTOR('',#2382,10.);
#237=VECTOR('',#2397,10.);
#238=VECTOR('',#2414,10.);
#239=VECTOR('',#2425,10.);
#240=VECTOR('',#2436,10.);
#241=VECTOR('',#2437,10.);
#242=VECTOR('',#2438,8.);
#243=VECTOR('',#2441,10.);
#244=VECTOR('',#2446,10.);
#245=VECTOR('',#2447,10.);
#246=VECTOR('',#2450,10.);
#247=VECTOR('',#2455,8.);
#248=VECTOR('',#2456,10.);
#249=VECTOR('',#2459,10.);
#250=VECTOR('',#2462,10.);
#251=VECTOR('',#2465,10.);
#252=VECTOR('',#2470,10.);
#253=VECTOR('',#2471,10.);
#254=VECTOR('',#2472,10.);
#255=VECTOR('',#2473,10.);
#256=VECTOR('',#2474,10.);
#257=VECTOR('',#2475,10.);
#258=VECTOR('',#2490,10.);
#259=VECTOR('',#2493,10.);
#260=VECTOR('',#2498,10.);
#261=VECTOR('',#2501,10.);
#262=VECTOR('',#2504,10.);
#263=VECTOR('',#2507,10.);
#264=VECTOR('',#2510,10.);
#265=VECTOR('',#2513,10.);
#266=VECTOR('',#2526,1.75);
#267=VECTOR('',#2539,1.75);
#268=VECTOR('',#2552,1.75);
#269=VECTOR('',#2567,10.);
#270=VECTOR('',#2572,1.75);
#271=VECTOR('',#2587,10.);
#272=VECTOR('',#2590,10.);
#273=VECTOR('',#2593,1.905);
#274=VECTOR('',#2606,1.905);
#275=VECTOR('',#2619,1.905);
#276=VECTOR('',#2628,10.);
#277=VECTOR('',#2639,10.);
#278=VECTOR('',#2650,10.);
#279=VECTOR('',#2667,10.);
#280=VECTOR('',#2682,10.);
#281=VECTOR('',#2685,10.);
#282=VECTOR('',#2688,10.);
#283=VECTOR('',#2689,10.);
#284=VECTOR('',#2690,10.);
#285=VECTOR('',#2691,10.);
#286=VECTOR('',#2694,10.);
#287=VECTOR('',#2697,10.);
#288=VECTOR('',#2702,10.);
#289=VECTOR('',#2703,10.);
#290=VECTOR('',#2712,10.);
#291=VECTOR('',#2713,10.);
#292=VECTOR('',#2716,10.);
#293=VECTOR('',#2719,10.);
#294=VECTOR('',#2722,10.);
#295=VECTOR('',#2725,10.);
#296=VECTOR('',#2726,10.);
#297=VECTOR('',#2741,10.);
#298=VECTOR('',#2742,10.);
#299=VECTOR('',#2745,10.);
#300=VECTOR('',#2750,8.);
#301=VECTOR('',#2753,10.);
#302=VECTOR('',#2756,10.);
#303=VECTOR('',#2759,10.);
#304=VECTOR('',#2760,10.);
#305=VECTOR('',#2763,10.);
#306=VECTOR('',#2764,10.);
#307=VECTOR('',#2773,10.);
#308=VECTOR('',#2774,10.);
#309=VECTOR('',#2777,10.);
#310=VECTOR('',#2778,10.);
#311=VECTOR('',#2779,10.);
#312=VECTOR('',#2782,10.);
#313=VECTOR('',#2783,10.);
#314=VECTOR('',#2788,10.);
#315=VECTOR('',#2789,10.);
#316=VECTOR('',#2794,10.);
#317=VECTOR('',#2797,10.);
#318=VECTOR('',#2800,10.);
#319=VECTOR('',#2805,10.);
#320=VECTOR('',#2808,10.);
#321=VECTOR('',#2813,10.);
#322=VECTOR('',#2818,10.);
#323=VECTOR('',#2821,10.);
#324=VECTOR('',#2822,10.);
#325=VECTOR('',#2837,10.);
#326=VECTOR('',#2842,1.000000000002);
#327=VECTOR('',#2845,1.000000000002);
#328=VECTOR('',#2848,1.000000000002);
#329=VECTOR('',#2851,10.);
#330=VECTOR('',#2868,1.000000000002);
#331=VECTOR('',#2873,1.000000000002);
#332=VECTOR('',#2878,1.000000000002);
#333=PLANE('',#1966);
#334=PLANE('',#2051);
#335=PLANE('',#2054);
#336=PLANE('',#2057);
#337=PLANE('',#2062);
#338=PLANE('',#2068);
#339=PLANE('',#2156);
#340=PLANE('',#2160);
#341=PLANE('',#2165);
#342=PLANE('',#2176);
#343=PLANE('',#2179);
#344=PLANE('',#2187);
#345=PLANE('',#2189);
#346=PLANE('',#2191);
#347=PLANE('',#2192);
#348=PLANE('',#2194);
#349=PLANE('',#2197);
#350=PLANE('',#2200);
#351=PLANE('',#2201);
#352=PLANE('',#2202);
#353=PLANE('',#2203);
#354=PLANE('',#2205);
#355=PLANE('',#2207);
#356=PLANE('',#2209);
#357=PLANE('',#2214);
#358=PLANE('',#2219);
#359=PLANE('',#2227);
#360=PLANE('',#2228);
#361=PLANE('',#2229);
#362=PLANE('',#2230);
#363=FACE_OUTER_BOUND('',#471,.T.);
#364=FACE_OUTER_BOUND('',#472,.T.);
#365=FACE_OUTER_BOUND('',#478,.T.);
#366=FACE_OUTER_BOUND('',#479,.T.);
#367=FACE_OUTER_BOUND('',#480,.T.);
#368=FACE_OUTER_BOUND('',#481,.T.);
#369=FACE_OUTER_BOUND('',#482,.T.);
#370=FACE_OUTER_BOUND('',#483,.T.);
#371=FACE_OUTER_BOUND('',#484,.T.);
#372=FACE_OUTER_BOUND('',#485,.T.);
#373=FACE_OUTER_BOUND('',#486,.T.);
#374=FACE_OUTER_BOUND('',#487,.T.);
#375=FACE_OUTER_BOUND('',#488,.T.);
#376=FACE_OUTER_BOUND('',#489,.T.);
#377=FACE_OUTER_BOUND('',#490,.T.);
#378=FACE_OUTER_BOUND('',#491,.T.);
#379=FACE_OUTER_BOUND('',#492,.T.);
#380=FACE_OUTER_BOUND('',#493,.T.);
#381=FACE_OUTER_BOUND('',#494,.T.);
#382=FACE_OUTER_BOUND('',#495,.T.);
#383=FACE_OUTER_BOUND('',#496,.T.);
#384=FACE_OUTER_BOUND('',#497,.T.);
#385=FACE_OUTER_BOUND('',#498,.T.);
#386=FACE_OUTER_BOUND('',#499,.T.);
#387=FACE_OUTER_BOUND('',#500,.T.);
#388=FACE_OUTER_BOUND('',#501,.T.);
#389=FACE_OUTER_BOUND('',#502,.T.);
#390=FACE_OUTER_BOUND('',#503,.T.);
#391=FACE_OUTER_BOUND('',#504,.T.);
#392=FACE_OUTER_BOUND('',#505,.T.);
#393=FACE_OUTER_BOUND('',#506,.T.);
#394=FACE_OUTER_BOUND('',#507,.T.);
#395=FACE_OUTER_BOUND('',#508,.T.);
#396=FACE_OUTER_BOUND('',#509,.T.);
#397=FACE_OUTER_BOUND('',#510,.T.);
#398=FACE_OUTER_BOUND('',#511,.T.);
#399=FACE_OUTER_BOUND('',#512,.T.);
#400=FACE_OUTER_BOUND('',#518,.T.);
#401=FACE_OUTER_BOUND('',#519,.T.);
#402=FACE_OUTER_BOUND('',#520,.T.);
#403=FACE_OUTER_BOUND('',#521,.T.);
#404=FACE_OUTER_BOUND('',#522,.T.);
#405=FACE_OUTER_BOUND('',#523,.T.);
#406=FACE_OUTER_BOUND('',#524,.T.);
#407=FACE_OUTER_BOUND('',#525,.T.);
#408=FACE_OUTER_BOUND('',#526,.T.);
#409=FACE_OUTER_BOUND('',#527,.T.);
#410=FACE_OUTER_BOUND('',#528,.T.);
#411=FACE_OUTER_BOUND('',#529,.T.);
#412=FACE_OUTER_BOUND('',#530,.T.);
#413=FACE_OUTER_BOUND('',#531,.T.);
#414=FACE_OUTER_BOUND('',#532,.T.);
#415=FACE_OUTER_BOUND('',#533,.T.);
#416=FACE_OUTER_BOUND('',#534,.T.);
#417=FACE_OUTER_BOUND('',#535,.T.);
#418=FACE_OUTER_BOUND('',#536,.T.);
#419=FACE_OUTER_BOUND('',#537,.T.);
#420=FACE_OUTER_BOUND('',#538,.T.);
#421=FACE_OUTER_BOUND('',#539,.T.);
#422=FACE_OUTER_BOUND('',#540,.T.);
#423=FACE_OUTER_BOUND('',#541,.T.);
#424=FACE_OUTER_BOUND('',#542,.T.);
#425=FACE_OUTER_BOUND('',#543,.T.);
#426=FACE_OUTER_BOUND('',#544,.T.);
#427=FACE_OUTER_BOUND('',#545,.T.);
#428=FACE_OUTER_BOUND('',#546,.T.);
#429=FACE_OUTER_BOUND('',#547,.T.);
#430=FACE_OUTER_BOUND('',#548,.T.);
#431=FACE_OUTER_BOUND('',#549,.T.);
#432=FACE_OUTER_BOUND('',#550,.T.);
#433=FACE_OUTER_BOUND('',#557,.T.);
#434=FACE_OUTER_BOUND('',#558,.T.);
#435=FACE_OUTER_BOUND('',#559,.T.);
#436=FACE_OUTER_BOUND('',#560,.T.);
#437=FACE_OUTER_BOUND('',#567,.T.);
#438=FACE_OUTER_BOUND('',#568,.T.);
#439=FACE_OUTER_BOUND('',#569,.T.);
#440=FACE_OUTER_BOUND('',#570,.T.);
#441=FACE_OUTER_BOUND('',#571,.T.);
#442=FACE_OUTER_BOUND('',#572,.T.);
#443=FACE_OUTER_BOUND('',#573,.T.);
#444=FACE_OUTER_BOUND('',#575,.T.);
#445=FACE_OUTER_BOUND('',#576,.T.);
#446=FACE_OUTER_BOUND('',#577,.T.);
#447=FACE_OUTER_BOUND('',#578,.T.);
#448=FACE_OUTER_BOUND('',#579,.T.);
#449=FACE_OUTER_BOUND('',#580,.T.);
#450=FACE_OUTER_BOUND('',#581,.T.);
#451=FACE_OUTER_BOUND('',#582,.T.);
#452=FACE_OUTER_BOUND('',#583,.T.);
#453=FACE_OUTER_BOUND('',#585,.T.);
#454=FACE_OUTER_BOUND('',#587,.T.);
#455=FACE_OUTER_BOUND('',#589,.T.);
#456=FACE_OUTER_BOUND('',#591,.T.);
#457=FACE_OUTER_BOUND('',#592,.T.);
#458=FACE_OUTER_BOUND('',#593,.T.);
#459=FACE_OUTER_BOUND('',#594,.T.);
#460=FACE_OUTER_BOUND('',#595,.T.);
#461=FACE_OUTER_BOUND('',#596,.T.);
#462=FACE_OUTER_BOUND('',#597,.T.);
#463=FACE_OUTER_BOUND('',#598,.T.);
#464=FACE_OUTER_BOUND('',#599,.T.);
#465=FACE_OUTER_BOUND('',#600,.T.);
#466=FACE_OUTER_BOUND('',#601,.T.);
#467=FACE_OUTER_BOUND('',#602,.T.);
#468=FACE_OUTER_BOUND('',#604,.T.);
#469=FACE_OUTER_BOUND('',#606,.T.);
#470=FACE_OUTER_BOUND('',#608,.T.);
#471=EDGE_LOOP('',(#1239,#1240,#1241,#1242,#1243));
#472=EDGE_LOOP('',(#1244,#1245,#1246,#1247,#1248,#1249,#1250,#1251,#1252,
#1253,#1254,#1255,#1256,#1257,#1258,#1259,#1260,#1261));
#473=EDGE_LOOP('',(#1262));
#474=EDGE_LOOP('',(#1263));
#475=EDGE_LOOP('',(#1264));
#476=EDGE_LOOP('',(#1265));
#477=EDGE_LOOP('',(#1266));
#478=EDGE_LOOP('',(#1267,#1268,#1269,#1270,#1271));
#479=EDGE_LOOP('',(#1272,#1273,#1274,#1275,#1276));
#480=EDGE_LOOP('',(#1277,#1278,#1279,#1280,#1281));
#481=EDGE_LOOP('',(#1282,#1283,#1284,#1285,#1286,#1287,#1288));
#482=EDGE_LOOP('',(#1289,#1290,#1291,#1292,#1293,#1294));
#483=EDGE_LOOP('',(#1295,#1296,#1297,#1298,#1299));
#484=EDGE_LOOP('',(#1300,#1301,#1302,#1303,#1304));
#485=EDGE_LOOP('',(#1305,#1306,#1307,#1308,#1309));
#486=EDGE_LOOP('',(#1310,#1311,#1312,#1313,#1314,#1315,#1316));
#487=EDGE_LOOP('',(#1317,#1318,#1319,#1320,#1321,#1322,#1323));
#488=EDGE_LOOP('',(#1324,#1325,#1326,#1327,#1328));
#489=EDGE_LOOP('',(#1329,#1330,#1331,#1332,#1333));
#490=EDGE_LOOP('',(#1334,#1335,#1336,#1337,#1338));
#491=EDGE_LOOP('',(#1339,#1340,#1341,#1342,#1343));
#492=EDGE_LOOP('',(#1344,#1345,#1346,#1347,#1348));
#493=EDGE_LOOP('',(#1349,#1350,#1351,#1352));
#494=EDGE_LOOP('',(#1353,#1354,#1355,#1356));
#495=EDGE_LOOP('',(#1357,#1358,#1359,#1360));
#496=EDGE_LOOP('',(#1361,#1362,#1363,#1364));
#497=EDGE_LOOP('',(#1365,#1366,#1367,#1368));
#498=EDGE_LOOP('',(#1369,#1370,#1371,#1372));
#499=EDGE_LOOP('',(#1373,#1374,#1375,#1376));
#500=EDGE_LOOP('',(#1377,#1378,#1379,#1380));
#501=EDGE_LOOP('',(#1381,#1382,#1383,#1384));
#502=EDGE_LOOP('',(#1385,#1386,#1387,#1388));
#503=EDGE_LOOP('',(#1389,#1390,#1391,#1392));
#504=EDGE_LOOP('',(#1393,#1394,#1395,#1396));
#505=EDGE_LOOP('',(#1397,#1398,#1399,#1400));
#506=EDGE_LOOP('',(#1401,#1402,#1403,#1404));
#507=EDGE_LOOP('',(#1405,#1406,#1407,#1408));
#508=EDGE_LOOP('',(#1409,#1410,#1411,#1412));
#509=EDGE_LOOP('',(#1413,#1414,#1415,#1416,#1417,#1418,#1419,#1420,#1421,
#1422));
#510=EDGE_LOOP('',(#1423,#1424,#1425,#1426,#1427,#1428,#1429,#1430));
#511=EDGE_LOOP('',(#1431,#1432,#1433,#1434,#1435));
#512=EDGE_LOOP('',(#1436,#1437,#1438,#1439,#1440,#1441,#1442,#1443,#1444,
#1445,#1446,#1447,#1448,#1449,#1450,#1451,#1452,#1453));
#513=EDGE_LOOP('',(#1454));
#514=EDGE_LOOP('',(#1455));
#515=EDGE_LOOP('',(#1456));
#516=EDGE_LOOP('',(#1457));
#517=EDGE_LOOP('',(#1458));
#518=EDGE_LOOP('',(#1459,#1460,#1461,#1462,#1463));
#519=EDGE_LOOP('',(#1464,#1465,#1466,#1467,#1468));
#520=EDGE_LOOP('',(#1469,#1470,#1471,#1472,#1473));
#521=EDGE_LOOP('',(#1474,#1475,#1476,#1477,#1478));
#522=EDGE_LOOP('',(#1479,#1480,#1481,#1482,#1483));
#523=EDGE_LOOP('',(#1484,#1485,#1486,#1487,#1488,#1489,#1490));
#524=EDGE_LOOP('',(#1491,#1492,#1493,#1494,#1495,#1496));
#525=EDGE_LOOP('',(#1497,#1498,#1499,#1500,#1501));
#526=EDGE_LOOP('',(#1502,#1503,#1504,#1505,#1506,#1507,#1508));
#527=EDGE_LOOP('',(#1509,#1510,#1511,#1512,#1513,#1514,#1515,#1516,#1517));
#528=EDGE_LOOP('',(#1518,#1519,#1520,#1521,#1522));
#529=EDGE_LOOP('',(#1523,#1524,#1525,#1526,#1527));
#530=EDGE_LOOP('',(#1528,#1529,#1530,#1531,#1532));
#531=EDGE_LOOP('',(#1533,#1534,#1535,#1536,#1537));
#532=EDGE_LOOP('',(#1538,#1539,#1540,#1541));
#533=EDGE_LOOP('',(#1542,#1543,#1544,#1545,#1546,#1547,#1548));
#534=EDGE_LOOP('',(#1549,#1550,#1551,#1552));
#535=EDGE_LOOP('',(#1553,#1554,#1555,#1556));
#536=EDGE_LOOP('',(#1557,#1558,#1559,#1560));
#537=EDGE_LOOP('',(#1561,#1562,#1563,#1564));
#538=EDGE_LOOP('',(#1565,#1566,#1567,#1568));
#539=EDGE_LOOP('',(#1569,#1570,#1571,#1572));
#540=EDGE_LOOP('',(#1573,#1574,#1575,#1576));
#541=EDGE_LOOP('',(#1577,#1578,#1579,#1580));
#542=EDGE_LOOP('',(#1581,#1582,#1583,#1584));
#543=EDGE_LOOP('',(#1585,#1586,#1587,#1588));
#544=EDGE_LOOP('',(#1589,#1590,#1591,#1592));
#545=EDGE_LOOP('',(#1593,#1594,#1595,#1596,#1597,#1598));
#546=EDGE_LOOP('',(#1599,#1600,#1601,#1602,#1603,#1604));
#547=EDGE_LOOP('',(#1605,#1606,#1607,#1608));
#548=EDGE_LOOP('',(#1609,#1610,#1611,#1612));
#549=EDGE_LOOP('',(#1613,#1614,#1615,#1616));
#550=EDGE_LOOP('',(#1617,#1618,#1619,#1620,#1621,#1622,#1623,#1624,#1625,
#1626,#1627,#1628,#1629,#1630,#1631,#1632,#1633,#1634));
#551=EDGE_LOOP('',(#1635));
#552=EDGE_LOOP('',(#1636));
#553=EDGE_LOOP('',(#1637));
#554=EDGE_LOOP('',(#1638));
#555=EDGE_LOOP('',(#1639));
#556=EDGE_LOOP('',(#1640));
#557=EDGE_LOOP('',(#1641,#1642,#1643,#1644));
#558=EDGE_LOOP('',(#1645,#1646,#1647,#1648));
#559=EDGE_LOOP('',(#1649,#1650,#1651,#1652));
#560=EDGE_LOOP('',(#1653,#1654,#1655,#1656,#1657,#1658,#1659,#1660,#1661,
#1662,#1663,#1664,#1665,#1666,#1667,#1668,#1669,#1670));
#561=EDGE_LOOP('',(#1671));
#562=EDGE_LOOP('',(#1672));
#563=EDGE_LOOP('',(#1673));
#564=EDGE_LOOP('',(#1674));
#565=EDGE_LOOP('',(#1675));
#566=EDGE_LOOP('',(#1676));
#567=EDGE_LOOP('',(#1677,#1678,#1679,#1680));
#568=EDGE_LOOP('',(#1681,#1682,#1683,#1684,#1685,#1686));
#569=EDGE_LOOP('',(#1687,#1688,#1689,#1690));
#570=EDGE_LOOP('',(#1691,#1692,#1693,#1694));
#571=EDGE_LOOP('',(#1695,#1696,#1697,#1698));
#572=EDGE_LOOP('',(#1699,#1700,#1701,#1702));
#573=EDGE_LOOP('',(#1703,#1704,#1705,#1706,#1707));
#574=EDGE_LOOP('',(#1708));
#575=EDGE_LOOP('',(#1709,#1710,#1711,#1712));
#576=EDGE_LOOP('',(#1713,#1714,#1715,#1716));
#577=EDGE_LOOP('',(#1717,#1718,#1719,#1720));
#578=EDGE_LOOP('',(#1721,#1722,#1723,#1724));
#579=EDGE_LOOP('',(#1725,#1726,#1727,#1728,#1729,#1730));
#580=EDGE_LOOP('',(#1731,#1732,#1733,#1734,#1735,#1736));
#581=EDGE_LOOP('',(#1737,#1738,#1739,#1740));
#582=EDGE_LOOP('',(#1741,#1742,#1743,#1744));
#583=EDGE_LOOP('',(#1745));
#584=EDGE_LOOP('',(#1746));
#585=EDGE_LOOP('',(#1747));
#586=EDGE_LOOP('',(#1748));
#587=EDGE_LOOP('',(#1749));
#588=EDGE_LOOP('',(#1750));
#589=EDGE_LOOP('',(#1751,#1752,#1753,#1754,#1755));
#590=EDGE_LOOP('',(#1756));
#591=EDGE_LOOP('',(#1757,#1758,#1759,#1760));
#592=EDGE_LOOP('',(#1761,#1762,#1763,#1764));
#593=EDGE_LOOP('',(#1765,#1766,#1767,#1768));
#594=EDGE_LOOP('',(#1769,#1770,#1771,#1772));
#595=EDGE_LOOP('',(#1773,#1774,#1775,#1776));
#596=EDGE_LOOP('',(#1777,#1778,#1779,#1780));
#597=EDGE_LOOP('',(#1781,#1782));
#598=EDGE_LOOP('',(#1783,#1784,#1785,#1786));
#599=EDGE_LOOP('',(#1787,#1788,#1789,#1790));
#600=EDGE_LOOP('',(#1791,#1792,#1793,#1794));
#601=EDGE_LOOP('',(#1795,#1796,#1797,#1798));
#602=EDGE_LOOP('',(#1799));
#603=EDGE_LOOP('',(#1800));
#604=EDGE_LOOP('',(#1801));
#605=EDGE_LOOP('',(#1802));
#606=EDGE_LOOP('',(#1803,#1804,#1805));
#607=EDGE_LOOP('',(#1806));
#608=EDGE_LOOP('',(#1807,#1808,#1809,#1810));
#609=CIRCLE('',#1962,2.505);
#610=CIRCLE('',#1963,0.6);
#611=CIRCLE('',#1964,1.905);
#612=CIRCLE('',#1965,1.905);
#613=CIRCLE('',#1967,2.505);
#614=CIRCLE('',#1968,8.6);
#615=CIRCLE('',#1969,7.4);
#616=CIRCLE('',#1970,8.6);
#617=CIRCLE('',#1971,7.4);
#618=CIRCLE('',#1972,7.4);
#619=CIRCLE('',#1973,2.35);
#620=CIRCLE('',#1974,7.4);
#621=CIRCLE('',#1975,7.4);
#622=CIRCLE('',#1976,2.505);
#623=CIRCLE('',#1977,2.505);
#624=CIRCLE('',#1978,2.35);
#625=CIRCLE('',#1979,2.35);
#626=CIRCLE('',#1980,2.35);
#627=CIRCLE('',#1982,1.905);
#628=CIRCLE('',#1984,0.6);
#629=CIRCLE('',#1985,1.905);
#630=CIRCLE('',#1986,1.905);
#631=CIRCLE('',#1988,1.905);
#632=CIRCLE('',#1990,0.6);
#633=CIRCLE('',#1991,1.905);
#634=CIRCLE('',#1992,1.905);
#635=CIRCLE('',#1994,0.600000000000001);
#636=CIRCLE('',#1995,0.600000000000129);
#637=CIRCLE('',#1997,1.905);
#638=CIRCLE('',#1999,0.6);
#639=CIRCLE('',#2000,1.75);
#640=CIRCLE('',#2001,1.75);
#641=CIRCLE('',#2003,1.75);
#642=CIRCLE('',#2005,0.6);
#643=CIRCLE('',#2006,1.75);
#644=CIRCLE('',#2007,1.75);
#645=CIRCLE('',#2009,0.600000000000001);
#646=CIRCLE('',#2010,0.599999999999874);
#647=CIRCLE('',#2012,1.75);
#648=CIRCLE('',#2014,0.6);
#649=CIRCLE('',#2015,1.75);
#650=CIRCLE('',#2016,1.75);
#651=CIRCLE('',#2018,1.75);
#652=CIRCLE('',#2020,0.6);
#653=CIRCLE('',#2021,1.75);
#654=CIRCLE('',#2022,1.75);
#655=CIRCLE('',#2024,1.75);
#656=CIRCLE('',#2026,0.599999999999998);
#657=CIRCLE('',#2028,8.);
#658=CIRCLE('',#2030,0.599999999999568);
#659=CIRCLE('',#2031,8.);
#660=CIRCLE('',#2033,0.600000000000001);
#661=CIRCLE('',#2035,0.600000000000007);
#662=CIRCLE('',#2036,8.);
#663=CIRCLE('',#2038,0.599999999999921);
#664=CIRCLE('',#2039,8.);
#665=CIRCLE('',#2041,0.599999999999998);
#666=CIRCLE('',#2043,0.600000000000021);
#667=CIRCLE('',#2044,8.);
#668=CIRCLE('',#2046,0.600000000000001);
#669=CIRCLE('',#2048,8.);
#670=CIRCLE('',#2050,8.);
#671=CIRCLE('',#2053,8.);
#672=CIRCLE('',#2056,8.);
#673=CIRCLE('',#2059,8.);
#674=CIRCLE('',#2060,8.);
#675=CIRCLE('',#2061,8.);
#676=CIRCLE('',#2064,2.35);
#677=CIRCLE('',#2065,0.6);
#678=CIRCLE('',#2066,1.75);
#679=CIRCLE('',#2067,1.75);
#680=CIRCLE('',#2069,2.35);
#681=CIRCLE('',#2070,7.4);
#682=CIRCLE('',#2071,7.4);
#683=CIRCLE('',#2072,8.6);
#684=CIRCLE('',#2073,7.4);
#685=CIRCLE('',#2074,8.6);
#686=CIRCLE('',#2075,2.505);
#687=CIRCLE('',#2076,7.4);
#688=CIRCLE('',#2077,7.4);
#689=CIRCLE('',#2078,2.35);
#690=CIRCLE('',#2079,2.35);
#691=CIRCLE('',#2080,2.505);
#692=CIRCLE('',#2081,2.505);
#693=CIRCLE('',#2082,2.35);
#694=CIRCLE('',#2084,1.75);
#695=CIRCLE('',#2086,0.6);
#696=CIRCLE('',#2087,1.75);
#697=CIRCLE('',#2088,1.75);
#698=CIRCLE('',#2090,1.75);
#699=CIRCLE('',#2092,0.6);
#700=CIRCLE('',#2093,1.75);
#701=CIRCLE('',#2094,1.75);
#702=CIRCLE('',#2096,1.75);
#703=CIRCLE('',#2098,0.6);
#704=CIRCLE('',#2099,1.75);
#705=CIRCLE('',#2100,1.75);
#706=CIRCLE('',#2102,0.600000000000001);
#707=CIRCLE('',#2103,0.600000000000218);
#708=CIRCLE('',#2105,1.75);
#709=CIRCLE('',#2107,0.6);
#710=CIRCLE('',#2108,1.905);
#711=CIRCLE('',#2109,1.905);
#712=CIRCLE('',#2111,1.905);
#713=CIRCLE('',#2112,1.90499999999999);
#714=CIRCLE('',#2113,1.905);
#715=CIRCLE('',#2115,0.6);
#716=CIRCLE('',#2116,1.905);
#717=CIRCLE('',#2117,1.905);
#718=CIRCLE('',#2119,1.905);
#719=CIRCLE('',#2121,0.6);
#720=CIRCLE('',#2122,1.905);
#721=CIRCLE('',#2123,1.905);
#722=CIRCLE('',#2125,1.905);
#723=CIRCLE('',#2127,0.599999999999996);
#724=CIRCLE('',#2129,0.600000000000001);
#725=CIRCLE('',#2131,0.600000000000001);
#726=CIRCLE('',#2132,8.);
#727=CIRCLE('',#2134,0.599999999999996);
#728=CIRCLE('',#2136,0.600000000000001);
#729=CIRCLE('',#2137,8.);
#730=CIRCLE('',#2139,0.600000000000001);
#731=CIRCLE('',#2141,0.600000000000147);
#732=CIRCLE('',#2142,8.);
#733=CIRCLE('',#2144,0.60000000000016);
#734=CIRCLE('',#2145,8.);
#735=CIRCLE('',#2147,0.600000000000001);
#736=CIRCLE('',#2149,8.);
#737=CIRCLE('',#2151,0.600000000000005);
#738=CIRCLE('',#2152,8.);
#739=CIRCLE('',#2155,8.);
#740=CIRCLE('',#2158,8.);
#741=CIRCLE('',#2159,8.);
#742=CIRCLE('',#2162,8.);
#743=CIRCLE('',#2164,1.);
#744=CIRCLE('',#2166,8.);
#745=CIRCLE('',#2167,8.);
#746=CIRCLE('',#2168,3.175);
#747=CIRCLE('',#2169,8.);
#748=CIRCLE('',#2170,8.);
#749=CIRCLE('',#2171,1.000000000002);
#750=CIRCLE('',#2172,1.000000000002);
#751=CIRCLE('',#2173,1.000000000002);
#752=CIRCLE('',#2175,1.);
#753=CIRCLE('',#2178,8.);
#754=CIRCLE('',#2180,8.);
#755=CIRCLE('',#2181,8.);
#756=CIRCLE('',#2182,3.175);
#757=CIRCLE('',#2183,1.000000000002);
#758=CIRCLE('',#2184,1.000000000002);
#759=CIRCLE('',#2185,1.000000000002);
#760=CIRCLE('',#2193,3.175);
#761=CIRCLE('',#2199,8.);
#762=CIRCLE('',#2204,1.000000000002);
#763=CIRCLE('',#2206,1.000000000002);
#764=CIRCLE('',#2208,1.000000000002);
#765=CIRCLE('',#2210,3.175);
#766=CIRCLE('',#2217,11.48477651091);
#767=CIRCLE('',#2218,11.48477651091);
#768=CIRCLE('',#2222,1.000000000002);
#769=CIRCLE('',#2224,1.000000000002);
#770=CIRCLE('',#2226,1.000000000002);
#771=VERTEX_POINT('',#2889);
#772=VERTEX_POINT('',#2891);
#773=VERTEX_POINT('',#2893);
#774=VERTEX_POINT('',#2897);
#775=VERTEX_POINT('',#2898);
#776=VERTEX_POINT('',#2900);
#777=VERTEX_POINT('',#2902);
#778=VERTEX_POINT('',#2904);
#779=VERTEX_POINT('',#2906);
#780=VERTEX_POINT('',#2908);
#781=VERTEX_POINT('',#2910);
#782=VERTEX_POINT('',#2912);
#783=VERTEX_POINT('',#2914);
#784=VERTEX_POINT('',#2916);
#785=VERTEX_POINT('',#2918);
#786=VERTEX_POINT('',#2920);
#787=VERTEX_POINT('',#2922);
#788=VERTEX_POINT('',#2924);
#789=VERTEX_POINT('',#2926);
#790=VERTEX_POINT('',#2928);
#791=VERTEX_POINT('',#2930);
#792=VERTEX_POINT('',#2933);
#793=VERTEX_POINT('',#2935);
#794=VERTEX_POINT('',#2937);
#795=VERTEX_POINT('',#2939);
#796=VERTEX_POINT('',#2942);
#797=VERTEX_POINT('',#2946);
#798=VERTEX_POINT('',#2948);
#799=VERTEX_POINT('',#2952);
#800=VERTEX_POINT('',#2970);
#801=VERTEX_POINT('',#2972);
#802=VERTEX_POINT('',#2976);
#803=VERTEX_POINT('',#2978);
#804=VERTEX_POINT('',#2982);
#805=VERTEX_POINT('',#2986);
#806=VERTEX_POINT('',#2988);
#807=VERTEX_POINT('',#2992);
#808=VERTEX_POINT('',#2996);
#809=VERTEX_POINT('',#3007);
#810=VERTEX_POINT('',#3009);
#811=VERTEX_POINT('',#3023);
#812=VERTEX_POINT('',#3025);
#813=VERTEX_POINT('',#3029);
#814=VERTEX_POINT('',#3033);
#815=VERTEX_POINT('',#3035);
#816=VERTEX_POINT('',#3039);
#817=VERTEX_POINT('',#3043);
#818=VERTEX_POINT('',#3045);
#819=VERTEX_POINT('',#3049);
#820=VERTEX_POINT('',#3053);
#821=VERTEX_POINT('',#3055);
#822=VERTEX_POINT('',#3074);
#823=VERTEX_POINT('',#3078);
#824=VERTEX_POINT('',#3082);
#825=VERTEX_POINT('',#3086);
#826=VERTEX_POINT('',#3090);
#827=VERTEX_POINT('',#3094);
#828=VERTEX_POINT('',#3098);
#829=VERTEX_POINT('',#3106);
#830=VERTEX_POINT('',#3108);
#831=VERTEX_POINT('',#3112);
#832=VERTEX_POINT('',#3116);
#833=VERTEX_POINT('',#3120);
#834=VERTEX_POINT('',#3124);
#835=VERTEX_POINT('',#3128);
#836=VERTEX_POINT('',#3130);
#837=VERTEX_POINT('',#3132);
#838=VERTEX_POINT('',#3134);
#839=VERTEX_POINT('',#3136);
#840=VERTEX_POINT('',#3147);
#841=VERTEX_POINT('',#3149);
#842=VERTEX_POINT('',#3162);
#843=VERTEX_POINT('',#3164);
#844=VERTEX_POINT('',#3166);
#845=VERTEX_POINT('',#3168);
#846=VERTEX_POINT('',#3170);
#847=VERTEX_POINT('',#3174);
#848=VERTEX_POINT('',#3176);
#849=VERTEX_POINT('',#3178);
#850=VERTEX_POINT('',#3182);
#851=VERTEX_POINT('',#3183);
#852=VERTEX_POINT('',#3185);
#853=VERTEX_POINT('',#3187);
#854=VERTEX_POINT('',#3189);
#855=VERTEX_POINT('',#3191);
#856=VERTEX_POINT('',#3193);
#857=VERTEX_POINT('',#3195);
#858=VERTEX_POINT('',#3197);
#859=VERTEX_POINT('',#3199);
#860=VERTEX_POINT('',#3201);
#861=VERTEX_POINT('',#3203);
#862=VERTEX_POINT('',#3205);
#863=VERTEX_POINT('',#3207);
#864=VERTEX_POINT('',#3209);
#865=VERTEX_POINT('',#3211);
#866=VERTEX_POINT('',#3213);
#867=VERTEX_POINT('',#3215);
#868=VERTEX_POINT('',#3218);
#869=VERTEX_POINT('',#3220);
#870=VERTEX_POINT('',#3222);
#871=VERTEX_POINT('',#3224);
#872=VERTEX_POINT('',#3227);
#873=VERTEX_POINT('',#3231);
#874=VERTEX_POINT('',#3233);
#875=VERTEX_POINT('',#3237);
#876=VERTEX_POINT('',#3241);
#877=VERTEX_POINT('',#3243);
#878=VERTEX_POINT('',#3247);
#879=VERTEX_POINT('',#3269);
#880=VERTEX_POINT('',#3271);
#881=VERTEX_POINT('',#3275);
#882=VERTEX_POINT('',#3277);
#883=VERTEX_POINT('',#3281);
#884=VERTEX_POINT('',#3285);
#885=VERTEX_POINT('',#3298);
#886=VERTEX_POINT('',#3300);
#887=VERTEX_POINT('',#3310);
#888=VERTEX_POINT('',#3311);
#889=VERTEX_POINT('',#3313);
#890=VERTEX_POINT('',#3315);
#891=VERTEX_POINT('',#3317);
#892=VERTEX_POINT('',#3322);
#893=VERTEX_POINT('',#3324);
#894=VERTEX_POINT('',#3328);
#895=VERTEX_POINT('',#3332);
#896=VERTEX_POINT('',#3334);
#897=VERTEX_POINT('',#3338);
#898=VERTEX_POINT('',#3358);
#899=VERTEX_POINT('',#3362);
#900=VERTEX_POINT('',#3366);
#901=VERTEX_POINT('',#3370);
#902=VERTEX_POINT('',#3374);
#903=VERTEX_POINT('',#3378);
#904=VERTEX_POINT('',#3382);
#905=VERTEX_POINT('',#3386);
#906=VERTEX_POINT('',#3396);
#907=VERTEX_POINT('',#3398);
#908=VERTEX_POINT('',#3402);
#909=VERTEX_POINT('',#3404);
#910=VERTEX_POINT('',#3406);
#911=VERTEX_POINT('',#3410);
#912=VERTEX_POINT('',#3412);
#913=VERTEX_POINT('',#3414);
#914=VERTEX_POINT('',#3418);
#915=VERTEX_POINT('',#3424);
#916=VERTEX_POINT('',#3425);
#917=VERTEX_POINT('',#3431);
#918=VERTEX_POINT('',#3433);
#919=VERTEX_POINT('',#3435);
#920=VERTEX_POINT('',#3437);
#921=VERTEX_POINT('',#3439);
#922=VERTEX_POINT('',#3441);
#923=VERTEX_POINT('',#3443);
#924=VERTEX_POINT('',#3445);
#925=VERTEX_POINT('',#3448);
#926=VERTEX_POINT('',#3450);
#927=VERTEX_POINT('',#3452);
#928=VERTEX_POINT('',#3455);
#929=VERTEX_POINT('',#3456);
#930=VERTEX_POINT('',#3463);
#931=VERTEX_POINT('',#3467);
#932=VERTEX_POINT('',#3469);
#933=VERTEX_POINT('',#3471);
#934=VERTEX_POINT('',#3473);
#935=VERTEX_POINT('',#3476);
#936=VERTEX_POINT('',#3478);
#937=VERTEX_POINT('',#3482);
#938=VERTEX_POINT('',#3484);
#939=VERTEX_POINT('',#3486);
#940=VERTEX_POINT('',#3492);
#941=VERTEX_POINT('',#3494);
#942=VERTEX_POINT('',#3506);
#943=VERTEX_POINT('',#3508);
#944=VERTEX_POINT('',#3519);
#945=VERTEX_POINT('',#3526);
#946=VERTEX_POINT('',#3530);
#947=VERTEX_POINT('',#3533);
#948=VERTEX_POINT('',#3536);
#949=VERTEX_POINT('',#3539);
#950=VERTEX_POINT('',#3557);
#951=VERTEX_POINT('',#3561);
#952=VERTEX_POINT('',#3565);
#953=EDGE_CURVE('',#771,#771,#609,.T.);
#954=EDGE_CURVE('',#771,#772,#610,.T.);
#955=EDGE_CURVE('',#772,#773,#611,.T.);
#956=EDGE_CURVE('',#773,#772,#612,.T.);
#957=EDGE_CURVE('',#774,#775,#613,.T.);
#958=EDGE_CURVE('',#776,#774,#105,.T.);
#959=EDGE_CURVE('',#777,#776,#614,.T.);
#960=EDGE_CURVE('',#778,#777,#106,.T.);
#961=EDGE_CURVE('',#779,#778,#615,.T.);
#962=EDGE_CURVE('',#780,#779,#107,.T.);
#963=EDGE_CURVE('',#781,#780,#616,.T.);
#964=EDGE_CURVE('',#782,#781,#617,.T.);
#965=EDGE_CURVE('',#783,#782,#108,.T.);
#966=EDGE_CURVE('',#784,#783,#618,.T.);
#967=EDGE_CURVE('',#785,#784,#109,.T.);
#968=EDGE_CURVE('',#786,#785,#619,.T.);
#969=EDGE_CURVE('',#787,#786,#110,.T.);
#970=EDGE_CURVE('',#788,#787,#620,.T.);
#971=EDGE_CURVE('',#789,#788,#111,.T.);
#972=EDGE_CURVE('',#790,#789,#621,.T.);
#973=EDGE_CURVE('',#791,#790,#112,.T.);
#974=EDGE_CURVE('',#775,#791,#622,.T.);
#975=EDGE_CURVE('',#792,#792,#623,.T.);
#976=EDGE_CURVE('',#793,#793,#624,.T.);
#977=EDGE_CURVE('',#794,#794,#625,.T.);
#978=EDGE_CURVE('',#795,#795,#626,.T.);
#979=EDGE_CURVE('',#773,#796,#113,.T.);
#980=EDGE_CURVE('',#796,#796,#627,.T.);
#981=EDGE_CURVE('',#792,#797,#628,.T.);
#982=EDGE_CURVE('',#797,#798,#629,.T.);
#983=EDGE_CURVE('',#798,#797,#630,.T.);
#984=EDGE_CURVE('',#798,#799,#114,.T.);
#985=EDGE_CURVE('',#799,#799,#631,.T.);
#986=EDGE_CURVE('',#791,#774,#15,.T.);
#987=EDGE_CURVE('',#775,#800,#632,.T.);
#988=EDGE_CURVE('',#800,#801,#633,.T.);
#989=EDGE_CURVE('',#801,#800,#634,.T.);
#990=EDGE_CURVE('',#790,#802,#635,.T.);
#991=EDGE_CURVE('',#802,#803,#115,.T.);
#992=EDGE_CURVE('',#776,#803,#636,.T.);
#993=EDGE_CURVE('',#801,#804,#116,.T.);
#994=EDGE_CURVE('',#804,#804,#637,.T.);
#995=EDGE_CURVE('',#795,#805,#638,.T.);
#996=EDGE_CURVE('',#805,#806,#639,.T.);
#997=EDGE_CURVE('',#806,#805,#640,.T.);
#998=EDGE_CURVE('',#806,#807,#117,.T.);
#999=EDGE_CURVE('',#807,#807,#641,.T.);
#1000=EDGE_CURVE('',#785,#808,#16,.T.);
#1001=EDGE_CURVE('',#808,#809,#642,.T.);
#1002=EDGE_CURVE('',#809,#810,#643,.T.);
#1003=EDGE_CURVE('',#810,#809,#644,.T.);
#1004=EDGE_CURVE('',#808,#786,#17,.T.);
#1005=EDGE_CURVE('',#784,#811,#645,.T.);
#1006=EDGE_CURVE('',#811,#812,#118,.T.);
#1007=EDGE_CURVE('',#787,#812,#646,.T.);
#1008=EDGE_CURVE('',#810,#813,#119,.T.);
#1009=EDGE_CURVE('',#813,#813,#647,.T.);
#1010=EDGE_CURVE('',#793,#814,#648,.T.);
#1011=EDGE_CURVE('',#814,#815,#649,.T.);
#1012=EDGE_CURVE('',#815,#814,#650,.T.);
#1013=EDGE_CURVE('',#815,#816,#120,.T.);
#1014=EDGE_CURVE('',#816,#816,#651,.T.);
#1015=EDGE_CURVE('',#794,#817,#652,.T.);
#1016=EDGE_CURVE('',#817,#818,#653,.T.);
#1017=EDGE_CURVE('',#818,#817,#654,.T.);
#1018=EDGE_CURVE('',#818,#819,#121,.T.);
#1019=EDGE_CURVE('',#819,#819,#655,.T.);
#1020=EDGE_CURVE('',#788,#820,#656,.T.);
#1021=EDGE_CURVE('',#820,#821,#122,.T.);
#1022=EDGE_CURVE('',#789,#821,#18,.T.);
#1023=EDGE_CURVE('',#812,#820,#657,.T.);
#1024=EDGE_CURVE('',#783,#822,#658,.T.);
#1025=EDGE_CURVE('',#822,#811,#659,.T.);
#1026=EDGE_CURVE('',#782,#823,#660,.T.);
#1027=EDGE_CURVE('',#823,#822,#123,.T.);
#1028=EDGE_CURVE('',#781,#824,#661,.T.);
#1029=EDGE_CURVE('',#824,#823,#662,.T.);
#1030=EDGE_CURVE('',#780,#825,#663,.T.);
#1031=EDGE_CURVE('',#825,#824,#664,.T.);
#1032=EDGE_CURVE('',#779,#826,#665,.T.);
#1033=EDGE_CURVE('',#826,#825,#124,.T.);
#1034=EDGE_CURVE('',#778,#827,#666,.T.);
#1035=EDGE_CURVE('',#827,#826,#667,.T.);
#1036=EDGE_CURVE('',#777,#828,#668,.T.);
#1037=EDGE_CURVE('',#828,#827,#125,.T.);
#1038=EDGE_CURVE('',#803,#828,#669,.T.);
#1039=EDGE_CURVE('',#821,#802,#670,.T.);
#1040=EDGE_CURVE('',#829,#826,#126,.T.);
#1041=EDGE_CURVE('',#830,#829,#127,.T.);
#1042=EDGE_CURVE('',#825,#830,#128,.T.);
#1043=EDGE_CURVE('',#827,#831,#129,.T.);
#1044=EDGE_CURVE('',#831,#829,#671,.T.);
#1045=EDGE_CURVE('',#832,#828,#130,.T.);
#1046=EDGE_CURVE('',#831,#832,#131,.T.);
#1047=EDGE_CURVE('',#803,#833,#132,.T.);
#1048=EDGE_CURVE('',#833,#832,#672,.T.);
#1049=EDGE_CURVE('',#834,#802,#133,.T.);
#1050=EDGE_CURVE('',#833,#834,#134,.T.);
#1051=EDGE_CURVE('',#821,#835,#135,.T.);
#1052=EDGE_CURVE('',#836,#835,#673,.T.);
#1053=EDGE_CURVE('',#836,#837,#136,.T.);
#1054=EDGE_CURVE('',#837,#838,#674,.T.);
#1055=EDGE_CURVE('',#839,#838,#19,.T.);
#1056=EDGE_CURVE('',#839,#840,#137,.T.);
#1057=EDGE_CURVE('',#841,#840,#20,.T.);
#1058=EDGE_CURVE('',#841,#834,#675,.T.);
#1059=EDGE_CURVE('',#842,#820,#138,.T.);
#1060=EDGE_CURVE('',#843,#842,#139,.T.);
#1061=EDGE_CURVE('',#843,#844,#140,.T.);
#1062=EDGE_CURVE('',#845,#844,#141,.T.);
#1063=EDGE_CURVE('',#846,#845,#142,.T.);
#1064=EDGE_CURVE('',#835,#846,#143,.T.);
#1065=EDGE_CURVE('',#847,#847,#676,.T.);
#1066=EDGE_CURVE('',#847,#848,#677,.T.);
#1067=EDGE_CURVE('',#848,#849,#678,.T.);
#1068=EDGE_CURVE('',#849,#848,#679,.T.);
#1069=EDGE_CURVE('',#850,#851,#680,.T.);
#1070=EDGE_CURVE('',#852,#850,#144,.T.);
#1071=EDGE_CURVE('',#853,#852,#681,.T.);
#1072=EDGE_CURVE('',#854,#853,#145,.T.);
#1073=EDGE_CURVE('',#855,#854,#682,.T.);
#1074=EDGE_CURVE('',#856,#855,#683,.T.);
#1075=EDGE_CURVE('',#857,#856,#146,.T.);
#1076=EDGE_CURVE('',#858,#857,#684,.T.);
#1077=EDGE_CURVE('',#859,#858,#147,.T.);
#1078=EDGE_CURVE('',#860,#859,#685,.T.);
#1079=EDGE_CURVE('',#861,#860,#148,.T.);
#1080=EDGE_CURVE('',#862,#861,#686,.T.);
#1081=EDGE_CURVE('',#863,#862,#149,.T.);
#1082=EDGE_CURVE('',#864,#863,#687,.T.);
#1083=EDGE_CURVE('',#865,#864,#150,.T.);
#1084=EDGE_CURVE('',#866,#865,#688,.T.);
#1085=EDGE_CURVE('',#867,#866,#151,.T.);
#1086=EDGE_CURVE('',#851,#867,#689,.T.);
#1087=EDGE_CURVE('',#868,#868,#690,.T.);
#1088=EDGE_CURVE('',#869,#869,#691,.T.);
#1089=EDGE_CURVE('',#870,#870,#692,.T.);
#1090=EDGE_CURVE('',#871,#871,#693,.T.);
#1091=EDGE_CURVE('',#849,#872,#152,.T.);
#1092=EDGE_CURVE('',#872,#872,#694,.T.);
#1093=EDGE_CURVE('',#868,#873,#695,.T.);
#1094=EDGE_CURVE('',#873,#874,#696,.T.);
#1095=EDGE_CURVE('',#874,#873,#697,.T.);
#1096=EDGE_CURVE('',#874,#875,#153,.T.);
#1097=EDGE_CURVE('',#875,#875,#698,.T.);
#1098=EDGE_CURVE('',#871,#876,#699,.T.);
#1099=EDGE_CURVE('',#876,#877,#700,.T.);
#1100=EDGE_CURVE('',#877,#876,#701,.T.);
#1101=EDGE_CURVE('',#877,#878,#154,.T.);
#1102=EDGE_CURVE('',#878,#878,#702,.T.);
#1103=EDGE_CURVE('',#867,#850,#21,.T.);
#1104=EDGE_CURVE('',#851,#879,#703,.T.);
#1105=EDGE_CURVE('',#879,#880,#704,.T.);
#1106=EDGE_CURVE('',#880,#879,#705,.T.);
#1107=EDGE_CURVE('',#866,#881,#706,.T.);
#1108=EDGE_CURVE('',#881,#882,#155,.T.);
#1109=EDGE_CURVE('',#852,#882,#707,.T.);
#1110=EDGE_CURVE('',#880,#883,#156,.T.);
#1111=EDGE_CURVE('',#883,#883,#708,.T.);
#1112=EDGE_CURVE('',#861,#884,#22,.T.);
#1113=EDGE_CURVE('',#884,#885,#709,.T.);
#1114=EDGE_CURVE('',#885,#886,#710,.T.);
#1115=EDGE_CURVE('',#886,#885,#711,.T.);
#1116=EDGE_CURVE('',#884,#862,#23,.T.);
#1117=EDGE_CURVE('',#887,#888,#712,.T.);
#1118=EDGE_CURVE('',#887,#889,#157,.T.);
#1119=EDGE_CURVE('',#889,#890,#713,.T.);
#1120=EDGE_CURVE('',#891,#890,#158,.T.);
#1121=EDGE_CURVE('',#888,#891,#714,.T.);
#1122=EDGE_CURVE('',#888,#886,#159,.T.);
#1123=EDGE_CURVE('',#870,#892,#715,.T.);
#1124=EDGE_CURVE('',#892,#893,#716,.T.);
#1125=EDGE_CURVE('',#893,#892,#717,.T.);
#1126=EDGE_CURVE('',#894,#894,#718,.T.);
#1127=EDGE_CURVE('',#894,#893,#160,.T.);
#1128=EDGE_CURVE('',#869,#895,#719,.T.);
#1129=EDGE_CURVE('',#895,#896,#720,.T.);
#1130=EDGE_CURVE('',#896,#895,#721,.T.);
#1131=EDGE_CURVE('',#897,#897,#722,.T.);
#1132=EDGE_CURVE('',#897,#896,#161,.T.);
#1133=EDGE_CURVE('',#863,#836,#723,.T.);
#1134=EDGE_CURVE('',#864,#835,#24,.T.);
#1135=EDGE_CURVE('',#860,#898,#724,.T.);
#1136=EDGE_CURVE('',#898,#836,#162,.T.);
#1137=EDGE_CURVE('',#859,#899,#725,.T.);
#1138=EDGE_CURVE('',#899,#898,#726,.T.);
#1139=EDGE_CURVE('',#858,#900,#727,.T.);
#1140=EDGE_CURVE('',#900,#899,#163,.T.);
#1141=EDGE_CURVE('',#857,#901,#728,.T.);
#1142=EDGE_CURVE('',#901,#900,#729,.T.);
#1143=EDGE_CURVE('',#856,#902,#730,.T.);
#1144=EDGE_CURVE('',#902,#901,#164,.T.);
#1145=EDGE_CURVE('',#855,#903,#731,.T.);
#1146=EDGE_CURVE('',#903,#902,#732,.T.);
#1147=EDGE_CURVE('',#854,#904,#733,.T.);
#1148=EDGE_CURVE('',#904,#903,#734,.T.);
#1149=EDGE_CURVE('',#853,#905,#735,.T.);
#1150=EDGE_CURVE('',#905,#904,#165,.T.);
#1151=EDGE_CURVE('',#882,#905,#736,.T.);
#1152=EDGE_CURVE('',#865,#846,#737,.T.);
#1153=EDGE_CURVE('',#846,#881,#738,.T.);
#1154=EDGE_CURVE('',#904,#906,#166,.T.);
#1155=EDGE_CURVE('',#906,#907,#739,.T.);
#1156=EDGE_CURVE('',#907,#903,#167,.T.);
#1157=EDGE_CURVE('',#908,#905,#168,.T.);
#1158=EDGE_CURVE('',#908,#909,#169,.T.);
#1159=EDGE_CURVE('',#909,#910,#170,.T.);
#1160=EDGE_CURVE('',#910,#906,#171,.T.);
#1161=EDGE_CURVE('',#882,#911,#172,.T.);
#1162=EDGE_CURVE('',#911,#912,#740,.T.);
#1163=EDGE_CURVE('',#912,#913,#173,.T.);
#1164=EDGE_CURVE('',#913,#908,#741,.T.);
#1165=EDGE_CURVE('',#914,#881,#174,.T.);
#1166=EDGE_CURVE('',#914,#911,#175,.T.);
#1167=EDGE_CURVE('',#845,#914,#742,.T.);
#1168=EDGE_CURVE('',#915,#916,#743,.T.);
#1169=EDGE_CURVE('',#916,#841,#176,.T.);
#1170=EDGE_CURVE('',#840,#915,#177,.T.);
#1171=EDGE_CURVE('',#843,#916,#178,.T.);
#1172=EDGE_CURVE('',#917,#842,#744,.T.);
#1173=EDGE_CURVE('',#917,#918,#179,.T.);
#1174=EDGE_CURVE('',#919,#918,#745,.T.);
#1175=EDGE_CURVE('',#920,#919,#180,.T.);
#1176=EDGE_CURVE('',#920,#921,#746,.T.);
#1177=EDGE_CURVE('',#921,#922,#181,.T.);
#1178=EDGE_CURVE('',#923,#922,#182,.T.);
#1179=EDGE_CURVE('',#924,#923,#747,.T.);
#1180=EDGE_CURVE('',#830,#924,#748,.T.);
#1181=EDGE_CURVE('',#925,#925,#749,.T.);
#1182=EDGE_CURVE('',#926,#926,#750,.T.);
#1183=EDGE_CURVE('',#927,#927,#751,.T.);
#1184=EDGE_CURVE('',#928,#929,#752,.T.);
#1185=EDGE_CURVE('',#929,#839,#183,.T.);
#1186=EDGE_CURVE('',#838,#928,#184,.T.);
#1187=EDGE_CURVE('',#915,#929,#185,.T.);
#1188=EDGE_CURVE('',#907,#930,#753,.T.);
#1189=EDGE_CURVE('',#930,#902,#186,.T.);
#1190=EDGE_CURVE('',#837,#931,#187,.T.);
#1191=EDGE_CURVE('',#932,#931,#754,.T.);
#1192=EDGE_CURVE('',#932,#933,#188,.T.);
#1193=EDGE_CURVE('',#934,#933,#755,.T.);
#1194=EDGE_CURVE('',#934,#930,#189,.T.);
#1195=EDGE_CURVE('',#935,#910,#190,.T.);
#1196=EDGE_CURVE('',#935,#936,#756,.T.);
#1197=EDGE_CURVE('',#936,#912,#191,.T.);
#1198=EDGE_CURVE('',#928,#844,#192,.T.);
#1199=EDGE_CURVE('',#937,#937,#757,.T.);
#1200=EDGE_CURVE('',#938,#938,#758,.T.);
#1201=EDGE_CURVE('',#939,#939,#759,.T.);
#1202=EDGE_CURVE('',#824,#924,#193,.T.);
#1203=EDGE_CURVE('',#923,#823,#194,.T.);
#1204=EDGE_CURVE('',#922,#940,#195,.T.);
#1205=EDGE_CURVE('',#940,#941,#196,.T.);
#1206=EDGE_CURVE('',#822,#941,#197,.T.);
#1207=EDGE_CURVE('',#899,#932,#198,.T.);
#1208=EDGE_CURVE('',#931,#898,#199,.T.);
#1209=EDGE_CURVE('',#901,#934,#200,.T.);
#1210=EDGE_CURVE('',#933,#900,#201,.T.);
#1211=EDGE_CURVE('',#942,#913,#202,.T.);
#1212=EDGE_CURVE('',#943,#942,#760,.T.);
#1213=EDGE_CURVE('',#909,#943,#203,.T.);
#1214=EDGE_CURVE('',#936,#942,#204,.T.);
#1215=EDGE_CURVE('',#812,#917,#205,.T.);
#1216=EDGE_CURVE('',#918,#811,#206,.T.);
#1217=EDGE_CURVE('',#941,#944,#761,.T.);
#1218=EDGE_CURVE('',#944,#919,#207,.T.);
#1219=EDGE_CURVE('',#935,#943,#208,.T.);
#1220=EDGE_CURVE('',#944,#945,#209,.T.);
#1221=EDGE_CURVE('',#920,#945,#210,.T.);
#1222=EDGE_CURVE('',#946,#946,#762,.T.);
#1223=EDGE_CURVE('',#947,#947,#763,.T.);
#1224=EDGE_CURVE('',#948,#948,#764,.T.);
#1225=EDGE_CURVE('',#949,#940,#211,.T.);
#1226=EDGE_CURVE('',#945,#949,#765,.T.);
#1227=EDGE_CURVE('',#947,#925,#212,.T.);
#1228=EDGE_CURVE('',#948,#926,#213,.T.);
#1229=EDGE_CURVE('',#946,#927,#214,.T.);
#1230=EDGE_CURVE('',#921,#949,#215,.T.);
#1231=EDGE_CURVE('',#887,#891,#766,.T.);
#1232=EDGE_CURVE('',#890,#889,#767,.T.);
#1233=EDGE_CURVE('',#950,#950,#768,.T.);
#1234=EDGE_CURVE('',#950,#937,#216,.T.);
#1235=EDGE_CURVE('',#951,#951,#769,.T.);
#1236=EDGE_CURVE('',#951,#938,#217,.T.);
#1237=EDGE_CURVE('',#952,#952,#770,.T.);
#1238=EDGE_CURVE('',#952,#939,#218,.T.);
#1239=ORIENTED_EDGE('',*,*,#953,.T.);
#1240=ORIENTED_EDGE('',*,*,#954,.T.);
#1241=ORIENTED_EDGE('',*,*,#955,.T.);
#1242=ORIENTED_EDGE('',*,*,#956,.T.);
#1243=ORIENTED_EDGE('',*,*,#954,.F.);
#1244=ORIENTED_EDGE('',*,*,#957,.F.);
#1245=ORIENTED_EDGE('',*,*,#958,.F.);
#1246=ORIENTED_EDGE('',*,*,#959,.F.);
#1247=ORIENTED_EDGE('',*,*,#960,.F.);
#1248=ORIENTED_EDGE('',*,*,#961,.F.);
#1249=ORIENTED_EDGE('',*,*,#962,.F.);
#1250=ORIENTED_EDGE('',*,*,#963,.F.);
#1251=ORIENTED_EDGE('',*,*,#964,.F.);
#1252=ORIENTED_EDGE('',*,*,#965,.F.);
#1253=ORIENTED_EDGE('',*,*,#966,.F.);
#1254=ORIENTED_EDGE('',*,*,#967,.F.);
#1255=ORIENTED_EDGE('',*,*,#968,.F.);
#1256=ORIENTED_EDGE('',*,*,#969,.F.);
#1257=ORIENTED_EDGE('',*,*,#970,.F.);
#1258=ORIENTED_EDGE('',*,*,#971,.F.);
#1259=ORIENTED_EDGE('',*,*,#972,.F.);
#1260=ORIENTED_EDGE('',*,*,#973,.F.);
#1261=ORIENTED_EDGE('',*,*,#974,.F.);
#1262=ORIENTED_EDGE('',*,*,#975,.F.);
#1263=ORIENTED_EDGE('',*,*,#976,.F.);
#1264=ORIENTED_EDGE('',*,*,#977,.F.);
#1265=ORIENTED_EDGE('',*,*,#978,.F.);
#1266=ORIENTED_EDGE('',*,*,#953,.F.);
#1267=ORIENTED_EDGE('',*,*,#956,.F.);
#1268=ORIENTED_EDGE('',*,*,#979,.T.);
#1269=ORIENTED_EDGE('',*,*,#980,.T.);
#1270=ORIENTED_EDGE('',*,*,#979,.F.);
#1271=ORIENTED_EDGE('',*,*,#955,.F.);
#1272=ORIENTED_EDGE('',*,*,#975,.T.);
#1273=ORIENTED_EDGE('',*,*,#981,.T.);
#1274=ORIENTED_EDGE('',*,*,#982,.T.);
#1275=ORIENTED_EDGE('',*,*,#983,.T.);
#1276=ORIENTED_EDGE('',*,*,#981,.F.);
#1277=ORIENTED_EDGE('',*,*,#983,.F.);
#1278=ORIENTED_EDGE('',*,*,#984,.T.);
#1279=ORIENTED_EDGE('',*,*,#985,.T.);
#1280=ORIENTED_EDGE('',*,*,#984,.F.);
#1281=ORIENTED_EDGE('',*,*,#982,.F.);
#1282=ORIENTED_EDGE('',*,*,#986,.T.);
#1283=ORIENTED_EDGE('',*,*,#957,.T.);
#1284=ORIENTED_EDGE('',*,*,#987,.T.);
#1285=ORIENTED_EDGE('',*,*,#988,.T.);
#1286=ORIENTED_EDGE('',*,*,#989,.T.);
#1287=ORIENTED_EDGE('',*,*,#987,.F.);
#1288=ORIENTED_EDGE('',*,*,#974,.T.);
#1289=ORIENTED_EDGE('',*,*,#986,.F.);
#1290=ORIENTED_EDGE('',*,*,#973,.T.);
#1291=ORIENTED_EDGE('',*,*,#990,.T.);
#1292=ORIENTED_EDGE('',*,*,#991,.T.);
#1293=ORIENTED_EDGE('',*,*,#992,.F.);
#1294=ORIENTED_EDGE('',*,*,#958,.T.);
#1295=ORIENTED_EDGE('',*,*,#989,.F.);
#1296=ORIENTED_EDGE('',*,*,#993,.T.);
#1297=ORIENTED_EDGE('',*,*,#994,.T.);
#1298=ORIENTED_EDGE('',*,*,#993,.F.);
#1299=ORIENTED_EDGE('',*,*,#988,.F.);
#1300=ORIENTED_EDGE('',*,*,#978,.T.);
#1301=ORIENTED_EDGE('',*,*,#995,.T.);
#1302=ORIENTED_EDGE('',*,*,#996,.T.);
#1303=ORIENTED_EDGE('',*,*,#997,.T.);
#1304=ORIENTED_EDGE('',*,*,#995,.F.);
#1305=ORIENTED_EDGE('',*,*,#997,.F.);
#1306=ORIENTED_EDGE('',*,*,#998,.T.);
#1307=ORIENTED_EDGE('',*,*,#999,.F.);
#1308=ORIENTED_EDGE('',*,*,#998,.F.);
#1309=ORIENTED_EDGE('',*,*,#996,.F.);
#1310=ORIENTED_EDGE('',*,*,#1000,.T.);
#1311=ORIENTED_EDGE('',*,*,#1001,.T.);
#1312=ORIENTED_EDGE('',*,*,#1002,.T.);
#1313=ORIENTED_EDGE('',*,*,#1003,.T.);
#1314=ORIENTED_EDGE('',*,*,#1001,.F.);
#1315=ORIENTED_EDGE('',*,*,#1004,.T.);
#1316=ORIENTED_EDGE('',*,*,#968,.T.);
#1317=ORIENTED_EDGE('',*,*,#1000,.F.);
#1318=ORIENTED_EDGE('',*,*,#967,.T.);
#1319=ORIENTED_EDGE('',*,*,#1005,.T.);
#1320=ORIENTED_EDGE('',*,*,#1006,.T.);
#1321=ORIENTED_EDGE('',*,*,#1007,.F.);
#1322=ORIENTED_EDGE('',*,*,#969,.T.);
#1323=ORIENTED_EDGE('',*,*,#1004,.F.);
#1324=ORIENTED_EDGE('',*,*,#1003,.F.);
#1325=ORIENTED_EDGE('',*,*,#1008,.T.);
#1326=ORIENTED_EDGE('',*,*,#1009,.F.);
#1327=ORIENTED_EDGE('',*,*,#1008,.F.);
#1328=ORIENTED_EDGE('',*,*,#1002,.F.);
#1329=ORIENTED_EDGE('',*,*,#976,.T.);
#1330=ORIENTED_EDGE('',*,*,#1010,.T.);
#1331=ORIENTED_EDGE('',*,*,#1011,.T.);
#1332=ORIENTED_EDGE('',*,*,#1012,.T.);
#1333=ORIENTED_EDGE('',*,*,#1010,.F.);
#1334=ORIENTED_EDGE('',*,*,#1012,.F.);
#1335=ORIENTED_EDGE('',*,*,#1013,.T.);
#1336=ORIENTED_EDGE('',*,*,#1014,.F.);
#1337=ORIENTED_EDGE('',*,*,#1013,.F.);
#1338=ORIENTED_EDGE('',*,*,#1011,.F.);
#1339=ORIENTED_EDGE('',*,*,#977,.T.);
#1340=ORIENTED_EDGE('',*,*,#1015,.T.);
#1341=ORIENTED_EDGE('',*,*,#1016,.T.);
#1342=ORIENTED_EDGE('',*,*,#1017,.T.);
#1343=ORIENTED_EDGE('',*,*,#1015,.F.);
#1344=ORIENTED_EDGE('',*,*,#1017,.F.);
#1345=ORIENTED_EDGE('',*,*,#1018,.T.);
#1346=ORIENTED_EDGE('',*,*,#1019,.F.);
#1347=ORIENTED_EDGE('',*,*,#1018,.F.);
#1348=ORIENTED_EDGE('',*,*,#1016,.F.);
#1349=ORIENTED_EDGE('',*,*,#971,.T.);
#1350=ORIENTED_EDGE('',*,*,#1020,.T.);
#1351=ORIENTED_EDGE('',*,*,#1021,.T.);
#1352=ORIENTED_EDGE('',*,*,#1022,.F.);
#1353=ORIENTED_EDGE('',*,*,#1007,.T.);
#1354=ORIENTED_EDGE('',*,*,#1023,.T.);
#1355=ORIENTED_EDGE('',*,*,#1020,.F.);
#1356=ORIENTED_EDGE('',*,*,#970,.T.);
#1357=ORIENTED_EDGE('',*,*,#1024,.T.);
#1358=ORIENTED_EDGE('',*,*,#1025,.T.);
#1359=ORIENTED_EDGE('',*,*,#1005,.F.);
#1360=ORIENTED_EDGE('',*,*,#966,.T.);
#1361=ORIENTED_EDGE('',*,*,#1026,.T.);
#1362=ORIENTED_EDGE('',*,*,#1027,.T.);
#1363=ORIENTED_EDGE('',*,*,#1024,.F.);
#1364=ORIENTED_EDGE('',*,*,#965,.T.);
#1365=ORIENTED_EDGE('',*,*,#1028,.T.);
#1366=ORIENTED_EDGE('',*,*,#1029,.T.);
#1367=ORIENTED_EDGE('',*,*,#1026,.F.);
#1368=ORIENTED_EDGE('',*,*,#964,.T.);
#1369=ORIENTED_EDGE('',*,*,#1030,.T.);
#1370=ORIENTED_EDGE('',*,*,#1031,.T.);
#1371=ORIENTED_EDGE('',*,*,#1028,.F.);
#1372=ORIENTED_EDGE('',*,*,#963,.T.);
#1373=ORIENTED_EDGE('',*,*,#1032,.T.);
#1374=ORIENTED_EDGE('',*,*,#1033,.T.);
#1375=ORIENTED_EDGE('',*,*,#1030,.F.);
#1376=ORIENTED_EDGE('',*,*,#962,.T.);
#1377=ORIENTED_EDGE('',*,*,#1034,.T.);
#1378=ORIENTED_EDGE('',*,*,#1035,.T.);
#1379=ORIENTED_EDGE('',*,*,#1032,.F.);
#1380=ORIENTED_EDGE('',*,*,#961,.T.);
#1381=ORIENTED_EDGE('',*,*,#1036,.T.);
#1382=ORIENTED_EDGE('',*,*,#1037,.T.);
#1383=ORIENTED_EDGE('',*,*,#1034,.F.);
#1384=ORIENTED_EDGE('',*,*,#960,.T.);
#1385=ORIENTED_EDGE('',*,*,#992,.T.);
#1386=ORIENTED_EDGE('',*,*,#1038,.T.);
#1387=ORIENTED_EDGE('',*,*,#1036,.F.);
#1388=ORIENTED_EDGE('',*,*,#959,.T.);
#1389=ORIENTED_EDGE('',*,*,#1039,.T.);
#1390=ORIENTED_EDGE('',*,*,#990,.F.);
#1391=ORIENTED_EDGE('',*,*,#972,.T.);
#1392=ORIENTED_EDGE('',*,*,#1022,.T.);
#1393=ORIENTED_EDGE('',*,*,#1033,.F.);
#1394=ORIENTED_EDGE('',*,*,#1040,.F.);
#1395=ORIENTED_EDGE('',*,*,#1041,.F.);
#1396=ORIENTED_EDGE('',*,*,#1042,.F.);
#1397=ORIENTED_EDGE('',*,*,#1035,.F.);
#1398=ORIENTED_EDGE('',*,*,#1043,.T.);
#1399=ORIENTED_EDGE('',*,*,#1044,.T.);
#1400=ORIENTED_EDGE('',*,*,#1040,.T.);
#1401=ORIENTED_EDGE('',*,*,#1037,.F.);
#1402=ORIENTED_EDGE('',*,*,#1045,.F.);
#1403=ORIENTED_EDGE('',*,*,#1046,.F.);
#1404=ORIENTED_EDGE('',*,*,#1043,.F.);
#1405=ORIENTED_EDGE('',*,*,#1038,.F.);
#1406=ORIENTED_EDGE('',*,*,#1047,.T.);
#1407=ORIENTED_EDGE('',*,*,#1048,.T.);
#1408=ORIENTED_EDGE('',*,*,#1045,.T.);
#1409=ORIENTED_EDGE('',*,*,#991,.F.);
#1410=ORIENTED_EDGE('',*,*,#1049,.F.);
#1411=ORIENTED_EDGE('',*,*,#1050,.F.);
#1412=ORIENTED_EDGE('',*,*,#1047,.F.);
#1413=ORIENTED_EDGE('',*,*,#1039,.F.);
#1414=ORIENTED_EDGE('',*,*,#1051,.T.);
#1415=ORIENTED_EDGE('',*,*,#1052,.F.);
#1416=ORIENTED_EDGE('',*,*,#1053,.T.);
#1417=ORIENTED_EDGE('',*,*,#1054,.T.);
#1418=ORIENTED_EDGE('',*,*,#1055,.F.);
#1419=ORIENTED_EDGE('',*,*,#1056,.T.);
#1420=ORIENTED_EDGE('',*,*,#1057,.F.);
#1421=ORIENTED_EDGE('',*,*,#1058,.T.);
#1422=ORIENTED_EDGE('',*,*,#1049,.T.);
#1423=ORIENTED_EDGE('',*,*,#1021,.F.);
#1424=ORIENTED_EDGE('',*,*,#1059,.F.);
#1425=ORIENTED_EDGE('',*,*,#1060,.F.);
#1426=ORIENTED_EDGE('',*,*,#1061,.T.);
#1427=ORIENTED_EDGE('',*,*,#1062,.F.);
#1428=ORIENTED_EDGE('',*,*,#1063,.F.);
#1429=ORIENTED_EDGE('',*,*,#1064,.F.);
#1430=ORIENTED_EDGE('',*,*,#1051,.F.);
#1431=ORIENTED_EDGE('',*,*,#1065,.T.);
#1432=ORIENTED_EDGE('',*,*,#1066,.T.);
#1433=ORIENTED_EDGE('',*,*,#1067,.T.);
#1434=ORIENTED_EDGE('',*,*,#1068,.T.);
#1435=ORIENTED_EDGE('',*,*,#1066,.F.);
#1436=ORIENTED_EDGE('',*,*,#1069,.F.);
#1437=ORIENTED_EDGE('',*,*,#1070,.F.);
#1438=ORIENTED_EDGE('',*,*,#1071,.F.);
#1439=ORIENTED_EDGE('',*,*,#1072,.F.);
#1440=ORIENTED_EDGE('',*,*,#1073,.F.);
#1441=ORIENTED_EDGE('',*,*,#1074,.F.);
#1442=ORIENTED_EDGE('',*,*,#1075,.F.);
#1443=ORIENTED_EDGE('',*,*,#1076,.F.);
#1444=ORIENTED_EDGE('',*,*,#1077,.F.);
#1445=ORIENTED_EDGE('',*,*,#1078,.F.);
#1446=ORIENTED_EDGE('',*,*,#1079,.F.);
#1447=ORIENTED_EDGE('',*,*,#1080,.F.);
#1448=ORIENTED_EDGE('',*,*,#1081,.F.);
#1449=ORIENTED_EDGE('',*,*,#1082,.F.);
#1450=ORIENTED_EDGE('',*,*,#1083,.F.);
#1451=ORIENTED_EDGE('',*,*,#1084,.F.);
#1452=ORIENTED_EDGE('',*,*,#1085,.F.);
#1453=ORIENTED_EDGE('',*,*,#1086,.F.);
#1454=ORIENTED_EDGE('',*,*,#1087,.F.);
#1455=ORIENTED_EDGE('',*,*,#1088,.F.);
#1456=ORIENTED_EDGE('',*,*,#1089,.F.);
#1457=ORIENTED_EDGE('',*,*,#1090,.F.);
#1458=ORIENTED_EDGE('',*,*,#1065,.F.);
#1459=ORIENTED_EDGE('',*,*,#1068,.F.);
#1460=ORIENTED_EDGE('',*,*,#1091,.T.);
#1461=ORIENTED_EDGE('',*,*,#1092,.F.);
#1462=ORIENTED_EDGE('',*,*,#1091,.F.);
#1463=ORIENTED_EDGE('',*,*,#1067,.F.);
#1464=ORIENTED_EDGE('',*,*,#1087,.T.);
#1465=ORIENTED_EDGE('',*,*,#1093,.T.);
#1466=ORIENTED_EDGE('',*,*,#1094,.T.);
#1467=ORIENTED_EDGE('',*,*,#1095,.T.);
#1468=ORIENTED_EDGE('',*,*,#1093,.F.);
#1469=ORIENTED_EDGE('',*,*,#1095,.F.);
#1470=ORIENTED_EDGE('',*,*,#1096,.T.);
#1471=ORIENTED_EDGE('',*,*,#1097,.F.);
#1472=ORIENTED_EDGE('',*,*,#1096,.F.);
#1473=ORIENTED_EDGE('',*,*,#1094,.F.);
#1474=ORIENTED_EDGE('',*,*,#1090,.T.);
#1475=ORIENTED_EDGE('',*,*,#1098,.T.);
#1476=ORIENTED_EDGE('',*,*,#1099,.T.);
#1477=ORIENTED_EDGE('',*,*,#1100,.T.);
#1478=ORIENTED_EDGE('',*,*,#1098,.F.);
#1479=ORIENTED_EDGE('',*,*,#1100,.F.);
#1480=ORIENTED_EDGE('',*,*,#1101,.T.);
#1481=ORIENTED_EDGE('',*,*,#1102,.F.);
#1482=ORIENTED_EDGE('',*,*,#1101,.F.);
#1483=ORIENTED_EDGE('',*,*,#1099,.F.);
#1484=ORIENTED_EDGE('',*,*,#1103,.T.);
#1485=ORIENTED_EDGE('',*,*,#1069,.T.);
#1486=ORIENTED_EDGE('',*,*,#1104,.T.);
#1487=ORIENTED_EDGE('',*,*,#1105,.T.);
#1488=ORIENTED_EDGE('',*,*,#1106,.T.);
#1489=ORIENTED_EDGE('',*,*,#1104,.F.);
#1490=ORIENTED_EDGE('',*,*,#1086,.T.);
#1491=ORIENTED_EDGE('',*,*,#1103,.F.);
#1492=ORIENTED_EDGE('',*,*,#1085,.T.);
#1493=ORIENTED_EDGE('',*,*,#1107,.T.);
#1494=ORIENTED_EDGE('',*,*,#1108,.T.);
#1495=ORIENTED_EDGE('',*,*,#1109,.F.);
#1496=ORIENTED_EDGE('',*,*,#1070,.T.);
#1497=ORIENTED_EDGE('',*,*,#1106,.F.);
#1498=ORIENTED_EDGE('',*,*,#1110,.T.);
#1499=ORIENTED_EDGE('',*,*,#1111,.F.);
#1500=ORIENTED_EDGE('',*,*,#1110,.F.);
#1501=ORIENTED_EDGE('',*,*,#1105,.F.);
#1502=ORIENTED_EDGE('',*,*,#1112,.T.);
#1503=ORIENTED_EDGE('',*,*,#1113,.T.);
#1504=ORIENTED_EDGE('',*,*,#1114,.T.);
#1505=ORIENTED_EDGE('',*,*,#1115,.T.);
#1506=ORIENTED_EDGE('',*,*,#1113,.F.);
#1507=ORIENTED_EDGE('',*,*,#1116,.T.);
#1508=ORIENTED_EDGE('',*,*,#1080,.T.);
#1509=ORIENTED_EDGE('',*,*,#1117,.F.);
#1510=ORIENTED_EDGE('',*,*,#1118,.T.);
#1511=ORIENTED_EDGE('',*,*,#1119,.T.);
#1512=ORIENTED_EDGE('',*,*,#1120,.F.);
#1513=ORIENTED_EDGE('',*,*,#1121,.F.);
#1514=ORIENTED_EDGE('',*,*,#1122,.T.);
#1515=ORIENTED_EDGE('',*,*,#1114,.F.);
#1516=ORIENTED_EDGE('',*,*,#1115,.F.);
#1517=ORIENTED_EDGE('',*,*,#1122,.F.);
#1518=ORIENTED_EDGE('',*,*,#1089,.T.);
#1519=ORIENTED_EDGE('',*,*,#1123,.T.);
#1520=ORIENTED_EDGE('',*,*,#1124,.T.);
#1521=ORIENTED_EDGE('',*,*,#1125,.T.);
#1522=ORIENTED_EDGE('',*,*,#1123,.F.);
#1523=ORIENTED_EDGE('',*,*,#1126,.F.);
#1524=ORIENTED_EDGE('',*,*,#1127,.T.);
#1525=ORIENTED_EDGE('',*,*,#1124,.F.);
#1526=ORIENTED_EDGE('',*,*,#1125,.F.);
#1527=ORIENTED_EDGE('',*,*,#1127,.F.);
#1528=ORIENTED_EDGE('',*,*,#1088,.T.);
#1529=ORIENTED_EDGE('',*,*,#1128,.T.);
#1530=ORIENTED_EDGE('',*,*,#1129,.T.);
#1531=ORIENTED_EDGE('',*,*,#1130,.T.);
#1532=ORIENTED_EDGE('',*,*,#1128,.F.);
#1533=ORIENTED_EDGE('',*,*,#1131,.F.);
#1534=ORIENTED_EDGE('',*,*,#1132,.T.);
#1535=ORIENTED_EDGE('',*,*,#1129,.F.);
#1536=ORIENTED_EDGE('',*,*,#1130,.F.);
#1537=ORIENTED_EDGE('',*,*,#1132,.F.);
#1538=ORIENTED_EDGE('',*,*,#1082,.T.);
#1539=ORIENTED_EDGE('',*,*,#1133,.T.);
#1540=ORIENTED_EDGE('',*,*,#1052,.T.);
#1541=ORIENTED_EDGE('',*,*,#1134,.F.);
#1542=ORIENTED_EDGE('',*,*,#1112,.F.);
#1543=ORIENTED_EDGE('',*,*,#1079,.T.);
#1544=ORIENTED_EDGE('',*,*,#1135,.T.);
#1545=ORIENTED_EDGE('',*,*,#1136,.T.);
#1546=ORIENTED_EDGE('',*,*,#1133,.F.);
#1547=ORIENTED_EDGE('',*,*,#1081,.T.);
#1548=ORIENTED_EDGE('',*,*,#1116,.F.);
#1549=ORIENTED_EDGE('',*,*,#1137,.T.);
#1550=ORIENTED_EDGE('',*,*,#1138,.T.);
#1551=ORIENTED_EDGE('',*,*,#1135,.F.);
#1552=ORIENTED_EDGE('',*,*,#1078,.T.);
#1553=ORIENTED_EDGE('',*,*,#1139,.T.);
#1554=ORIENTED_EDGE('',*,*,#1140,.T.);
#1555=ORIENTED_EDGE('',*,*,#1137,.F.);
#1556=ORIENTED_EDGE('',*,*,#1077,.T.);
#1557=ORIENTED_EDGE('',*,*,#1141,.T.);
#1558=ORIENTED_EDGE('',*,*,#1142,.T.);
#1559=ORIENTED_EDGE('',*,*,#1139,.F.);
#1560=ORIENTED_EDGE('',*,*,#1076,.T.);
#1561=ORIENTED_EDGE('',*,*,#1143,.T.);
#1562=ORIENTED_EDGE('',*,*,#1144,.T.);
#1563=ORIENTED_EDGE('',*,*,#1141,.F.);
#1564=ORIENTED_EDGE('',*,*,#1075,.T.);
#1565=ORIENTED_EDGE('',*,*,#1145,.T.);
#1566=ORIENTED_EDGE('',*,*,#1146,.T.);
#1567=ORIENTED_EDGE('',*,*,#1143,.F.);
#1568=ORIENTED_EDGE('',*,*,#1074,.T.);
#1569=ORIENTED_EDGE('',*,*,#1147,.T.);
#1570=ORIENTED_EDGE('',*,*,#1148,.T.);
#1571=ORIENTED_EDGE('',*,*,#1145,.F.);
#1572=ORIENTED_EDGE('',*,*,#1073,.T.);
#1573=ORIENTED_EDGE('',*,*,#1149,.T.);
#1574=ORIENTED_EDGE('',*,*,#1150,.T.);
#1575=ORIENTED_EDGE('',*,*,#1147,.F.);
#1576=ORIENTED_EDGE('',*,*,#1072,.T.);
#1577=ORIENTED_EDGE('',*,*,#1109,.T.);
#1578=ORIENTED_EDGE('',*,*,#1151,.T.);
#1579=ORIENTED_EDGE('',*,*,#1149,.F.);
#1580=ORIENTED_EDGE('',*,*,#1071,.T.);
#1581=ORIENTED_EDGE('',*,*,#1152,.T.);
#1582=ORIENTED_EDGE('',*,*,#1153,.T.);
#1583=ORIENTED_EDGE('',*,*,#1107,.F.);
#1584=ORIENTED_EDGE('',*,*,#1084,.T.);
#1585=ORIENTED_EDGE('',*,*,#1064,.T.);
#1586=ORIENTED_EDGE('',*,*,#1152,.F.);
#1587=ORIENTED_EDGE('',*,*,#1083,.T.);
#1588=ORIENTED_EDGE('',*,*,#1134,.T.);
#1589=ORIENTED_EDGE('',*,*,#1148,.F.);
#1590=ORIENTED_EDGE('',*,*,#1154,.T.);
#1591=ORIENTED_EDGE('',*,*,#1155,.T.);
#1592=ORIENTED_EDGE('',*,*,#1156,.T.);
#1593=ORIENTED_EDGE('',*,*,#1150,.F.);
#1594=ORIENTED_EDGE('',*,*,#1157,.F.);
#1595=ORIENTED_EDGE('',*,*,#1158,.T.);
#1596=ORIENTED_EDGE('',*,*,#1159,.T.);
#1597=ORIENTED_EDGE('',*,*,#1160,.T.);
#1598=ORIENTED_EDGE('',*,*,#1154,.F.);
#1599=ORIENTED_EDGE('',*,*,#1151,.F.);
#1600=ORIENTED_EDGE('',*,*,#1161,.T.);
#1601=ORIENTED_EDGE('',*,*,#1162,.T.);
#1602=ORIENTED_EDGE('',*,*,#1163,.T.);
#1603=ORIENTED_EDGE('',*,*,#1164,.T.);
#1604=ORIENTED_EDGE('',*,*,#1157,.T.);
#1605=ORIENTED_EDGE('',*,*,#1108,.F.);
#1606=ORIENTED_EDGE('',*,*,#1165,.F.);
#1607=ORIENTED_EDGE('',*,*,#1166,.T.);
#1608=ORIENTED_EDGE('',*,*,#1161,.F.);
#1609=ORIENTED_EDGE('',*,*,#1153,.F.);
#1610=ORIENTED_EDGE('',*,*,#1063,.T.);
#1611=ORIENTED_EDGE('',*,*,#1167,.T.);
#1612=ORIENTED_EDGE('',*,*,#1165,.T.);
#1613=ORIENTED_EDGE('',*,*,#1168,.T.);
#1614=ORIENTED_EDGE('',*,*,#1169,.T.);
#1615=ORIENTED_EDGE('',*,*,#1057,.T.);
#1616=ORIENTED_EDGE('',*,*,#1170,.T.);
#1617=ORIENTED_EDGE('',*,*,#1169,.F.);
#1618=ORIENTED_EDGE('',*,*,#1171,.F.);
#1619=ORIENTED_EDGE('',*,*,#1060,.T.);
#1620=ORIENTED_EDGE('',*,*,#1172,.F.);
#1621=ORIENTED_EDGE('',*,*,#1173,.T.);
#1622=ORIENTED_EDGE('',*,*,#1174,.F.);
#1623=ORIENTED_EDGE('',*,*,#1175,.F.);
#1624=ORIENTED_EDGE('',*,*,#1176,.T.);
#1625=ORIENTED_EDGE('',*,*,#1177,.T.);
#1626=ORIENTED_EDGE('',*,*,#1178,.F.);
#1627=ORIENTED_EDGE('',*,*,#1179,.F.);
#1628=ORIENTED_EDGE('',*,*,#1180,.F.);
#1629=ORIENTED_EDGE('',*,*,#1041,.T.);
#1630=ORIENTED_EDGE('',*,*,#1044,.F.);
#1631=ORIENTED_EDGE('',*,*,#1046,.T.);
#1632=ORIENTED_EDGE('',*,*,#1048,.F.);
#1633=ORIENTED_EDGE('',*,*,#1050,.T.);
#1634=ORIENTED_EDGE('',*,*,#1058,.F.);
#1635=ORIENTED_EDGE('',*,*,#1181,.T.);
#1636=ORIENTED_EDGE('',*,*,#1182,.T.);
#1637=ORIENTED_EDGE('',*,*,#1183,.T.);
#1638=ORIENTED_EDGE('',*,*,#1009,.T.);
#1639=ORIENTED_EDGE('',*,*,#1014,.T.);
#1640=ORIENTED_EDGE('',*,*,#1019,.T.);
#1641=ORIENTED_EDGE('',*,*,#1184,.T.);
#1642=ORIENTED_EDGE('',*,*,#1185,.T.);
#1643=ORIENTED_EDGE('',*,*,#1055,.T.);
#1644=ORIENTED_EDGE('',*,*,#1186,.T.);
#1645=ORIENTED_EDGE('',*,*,#1170,.F.);
#1646=ORIENTED_EDGE('',*,*,#1056,.F.);
#1647=ORIENTED_EDGE('',*,*,#1185,.F.);
#1648=ORIENTED_EDGE('',*,*,#1187,.F.);
#1649=ORIENTED_EDGE('',*,*,#1146,.F.);
#1650=ORIENTED_EDGE('',*,*,#1156,.F.);
#1651=ORIENTED_EDGE('',*,*,#1188,.T.);
#1652=ORIENTED_EDGE('',*,*,#1189,.T.);
#1653=ORIENTED_EDGE('',*,*,#1186,.F.);
#1654=ORIENTED_EDGE('',*,*,#1054,.F.);
#1655=ORIENTED_EDGE('',*,*,#1190,.T.);
#1656=ORIENTED_EDGE('',*,*,#1191,.F.);
#1657=ORIENTED_EDGE('',*,*,#1192,.T.);
#1658=ORIENTED_EDGE('',*,*,#1193,.F.);
#1659=ORIENTED_EDGE('',*,*,#1194,.T.);
#1660=ORIENTED_EDGE('',*,*,#1188,.F.);
#1661=ORIENTED_EDGE('',*,*,#1155,.F.);
#1662=ORIENTED_EDGE('',*,*,#1160,.F.);
#1663=ORIENTED_EDGE('',*,*,#1195,.F.);
#1664=ORIENTED_EDGE('',*,*,#1196,.T.);
#1665=ORIENTED_EDGE('',*,*,#1197,.T.);
#1666=ORIENTED_EDGE('',*,*,#1162,.F.);
#1667=ORIENTED_EDGE('',*,*,#1166,.F.);
#1668=ORIENTED_EDGE('',*,*,#1167,.F.);
#1669=ORIENTED_EDGE('',*,*,#1062,.T.);
#1670=ORIENTED_EDGE('',*,*,#1198,.F.);
#1671=ORIENTED_EDGE('',*,*,#1092,.T.);
#1672=ORIENTED_EDGE('',*,*,#1097,.T.);
#1673=ORIENTED_EDGE('',*,*,#1111,.T.);
#1674=ORIENTED_EDGE('',*,*,#1199,.T.);
#1675=ORIENTED_EDGE('',*,*,#1200,.T.);
#1676=ORIENTED_EDGE('',*,*,#1201,.T.);
#1677=ORIENTED_EDGE('',*,*,#1029,.F.);
#1678=ORIENTED_EDGE('',*,*,#1202,.T.);
#1679=ORIENTED_EDGE('',*,*,#1179,.T.);
#1680=ORIENTED_EDGE('',*,*,#1203,.T.);
#1681=ORIENTED_EDGE('',*,*,#1027,.F.);
#1682=ORIENTED_EDGE('',*,*,#1203,.F.);
#1683=ORIENTED_EDGE('',*,*,#1178,.T.);
#1684=ORIENTED_EDGE('',*,*,#1204,.T.);
#1685=ORIENTED_EDGE('',*,*,#1205,.T.);
#1686=ORIENTED_EDGE('',*,*,#1206,.F.);
#1687=ORIENTED_EDGE('',*,*,#1138,.F.);
#1688=ORIENTED_EDGE('',*,*,#1207,.T.);
#1689=ORIENTED_EDGE('',*,*,#1191,.T.);
#1690=ORIENTED_EDGE('',*,*,#1208,.T.);
#1691=ORIENTED_EDGE('',*,*,#1136,.F.);
#1692=ORIENTED_EDGE('',*,*,#1208,.F.);
#1693=ORIENTED_EDGE('',*,*,#1190,.F.);
#1694=ORIENTED_EDGE('',*,*,#1053,.F.);
#1695=ORIENTED_EDGE('',*,*,#1142,.F.);
#1696=ORIENTED_EDGE('',*,*,#1209,.T.);
#1697=ORIENTED_EDGE('',*,*,#1193,.T.);
#1698=ORIENTED_EDGE('',*,*,#1210,.T.);
#1699=ORIENTED_EDGE('',*,*,#1140,.F.);
#1700=ORIENTED_EDGE('',*,*,#1210,.F.);
#1701=ORIENTED_EDGE('',*,*,#1192,.F.);
#1702=ORIENTED_EDGE('',*,*,#1207,.F.);
#1703=ORIENTED_EDGE('',*,*,#1164,.F.);
#1704=ORIENTED_EDGE('',*,*,#1211,.F.);
#1705=ORIENTED_EDGE('',*,*,#1212,.F.);
#1706=ORIENTED_EDGE('',*,*,#1213,.F.);
#1707=ORIENTED_EDGE('',*,*,#1158,.F.);
#1708=ORIENTED_EDGE('',*,*,#1102,.T.);
#1709=ORIENTED_EDGE('',*,*,#1163,.F.);
#1710=ORIENTED_EDGE('',*,*,#1197,.F.);
#1711=ORIENTED_EDGE('',*,*,#1214,.T.);
#1712=ORIENTED_EDGE('',*,*,#1211,.T.);
#1713=ORIENTED_EDGE('',*,*,#1031,.F.);
#1714=ORIENTED_EDGE('',*,*,#1042,.T.);
#1715=ORIENTED_EDGE('',*,*,#1180,.T.);
#1716=ORIENTED_EDGE('',*,*,#1202,.F.);
#1717=ORIENTED_EDGE('',*,*,#1023,.F.);
#1718=ORIENTED_EDGE('',*,*,#1215,.T.);
#1719=ORIENTED_EDGE('',*,*,#1172,.T.);
#1720=ORIENTED_EDGE('',*,*,#1059,.T.);
#1721=ORIENTED_EDGE('',*,*,#1006,.F.);
#1722=ORIENTED_EDGE('',*,*,#1216,.F.);
#1723=ORIENTED_EDGE('',*,*,#1173,.F.);
#1724=ORIENTED_EDGE('',*,*,#1215,.F.);
#1725=ORIENTED_EDGE('',*,*,#1025,.F.);
#1726=ORIENTED_EDGE('',*,*,#1206,.T.);
#1727=ORIENTED_EDGE('',*,*,#1217,.T.);
#1728=ORIENTED_EDGE('',*,*,#1218,.T.);
#1729=ORIENTED_EDGE('',*,*,#1174,.T.);
#1730=ORIENTED_EDGE('',*,*,#1216,.T.);
#1731=ORIENTED_EDGE('',*,*,#1171,.T.);
#1732=ORIENTED_EDGE('',*,*,#1168,.F.);
#1733=ORIENTED_EDGE('',*,*,#1187,.T.);
#1734=ORIENTED_EDGE('',*,*,#1184,.F.);
#1735=ORIENTED_EDGE('',*,*,#1198,.T.);
#1736=ORIENTED_EDGE('',*,*,#1061,.F.);
#1737=ORIENTED_EDGE('',*,*,#1213,.T.);
#1738=ORIENTED_EDGE('',*,*,#1219,.F.);
#1739=ORIENTED_EDGE('',*,*,#1195,.T.);
#1740=ORIENTED_EDGE('',*,*,#1159,.F.);
#1741=ORIENTED_EDGE('',*,*,#1218,.F.);
#1742=ORIENTED_EDGE('',*,*,#1220,.T.);
#1743=ORIENTED_EDGE('',*,*,#1221,.F.);
#1744=ORIENTED_EDGE('',*,*,#1175,.T.);
#1745=ORIENTED_EDGE('',*,*,#994,.F.);
#1746=ORIENTED_EDGE('',*,*,#1222,.F.);
#1747=ORIENTED_EDGE('',*,*,#985,.F.);
#1748=ORIENTED_EDGE('',*,*,#1223,.F.);
#1749=ORIENTED_EDGE('',*,*,#980,.F.);
#1750=ORIENTED_EDGE('',*,*,#1224,.F.);
#1751=ORIENTED_EDGE('',*,*,#1217,.F.);
#1752=ORIENTED_EDGE('',*,*,#1205,.F.);
#1753=ORIENTED_EDGE('',*,*,#1225,.F.);
#1754=ORIENTED_EDGE('',*,*,#1226,.F.);
#1755=ORIENTED_EDGE('',*,*,#1220,.F.);
#1756=ORIENTED_EDGE('',*,*,#999,.T.);
#1757=ORIENTED_EDGE('',*,*,#1223,.T.);
#1758=ORIENTED_EDGE('',*,*,#1227,.T.);
#1759=ORIENTED_EDGE('',*,*,#1181,.F.);
#1760=ORIENTED_EDGE('',*,*,#1227,.F.);
#1761=ORIENTED_EDGE('',*,*,#1224,.T.);
#1762=ORIENTED_EDGE('',*,*,#1228,.T.);
#1763=ORIENTED_EDGE('',*,*,#1182,.F.);
#1764=ORIENTED_EDGE('',*,*,#1228,.F.);
#1765=ORIENTED_EDGE('',*,*,#1222,.T.);
#1766=ORIENTED_EDGE('',*,*,#1229,.T.);
#1767=ORIENTED_EDGE('',*,*,#1183,.F.);
#1768=ORIENTED_EDGE('',*,*,#1229,.F.);
#1769=ORIENTED_EDGE('',*,*,#1177,.F.);
#1770=ORIENTED_EDGE('',*,*,#1230,.T.);
#1771=ORIENTED_EDGE('',*,*,#1225,.T.);
#1772=ORIENTED_EDGE('',*,*,#1204,.F.);
#1773=ORIENTED_EDGE('',*,*,#1221,.T.);
#1774=ORIENTED_EDGE('',*,*,#1226,.T.);
#1775=ORIENTED_EDGE('',*,*,#1230,.F.);
#1776=ORIENTED_EDGE('',*,*,#1176,.F.);
#1777=ORIENTED_EDGE('',*,*,#1231,.T.);
#1778=ORIENTED_EDGE('',*,*,#1120,.T.);
#1779=ORIENTED_EDGE('',*,*,#1232,.T.);
#1780=ORIENTED_EDGE('',*,*,#1118,.F.);
#1781=ORIENTED_EDGE('',*,*,#1232,.F.);
#1782=ORIENTED_EDGE('',*,*,#1119,.F.);
#1783=ORIENTED_EDGE('',*,*,#1219,.T.);
#1784=ORIENTED_EDGE('',*,*,#1212,.T.);
#1785=ORIENTED_EDGE('',*,*,#1214,.F.);
#1786=ORIENTED_EDGE('',*,*,#1196,.F.);
#1787=ORIENTED_EDGE('',*,*,#1233,.F.);
#1788=ORIENTED_EDGE('',*,*,#1234,.T.);
#1789=ORIENTED_EDGE('',*,*,#1199,.F.);
#1790=ORIENTED_EDGE('',*,*,#1234,.F.);
#1791=ORIENTED_EDGE('',*,*,#1235,.F.);
#1792=ORIENTED_EDGE('',*,*,#1236,.T.);
#1793=ORIENTED_EDGE('',*,*,#1200,.F.);
#1794=ORIENTED_EDGE('',*,*,#1236,.F.);
#1795=ORIENTED_EDGE('',*,*,#1237,.F.);
#1796=ORIENTED_EDGE('',*,*,#1238,.T.);
#1797=ORIENTED_EDGE('',*,*,#1201,.F.);
#1798=ORIENTED_EDGE('',*,*,#1238,.F.);
#1799=ORIENTED_EDGE('',*,*,#1131,.T.);
#1800=ORIENTED_EDGE('',*,*,#1235,.T.);
#1801=ORIENTED_EDGE('',*,*,#1126,.T.);
#1802=ORIENTED_EDGE('',*,*,#1233,.T.);
#1803=ORIENTED_EDGE('',*,*,#1117,.T.);
#1804=ORIENTED_EDGE('',*,*,#1121,.T.);
#1805=ORIENTED_EDGE('',*,*,#1231,.F.);
#1806=ORIENTED_EDGE('',*,*,#1237,.T.);
#1807=ORIENTED_EDGE('',*,*,#1144,.F.);
#1808=ORIENTED_EDGE('',*,*,#1189,.F.);
#1809=ORIENTED_EDGE('',*,*,#1194,.F.);
#1810=ORIENTED_EDGE('',*,*,#1209,.F.);
#1811=TOROIDAL_SURFACE('',#1961,2.505,0.6);
#1812=TOROIDAL_SURFACE('',#1983,2.505,0.6);
#1813=TOROIDAL_SURFACE('',#1989,2.505,0.6);
#1814=TOROIDAL_SURFACE('',#1998,2.35,0.6);
#1815=TOROIDAL_SURFACE('',#2004,2.35,0.6);
#1816=TOROIDAL_SURFACE('',#2013,2.35,0.6);
#1817=TOROIDAL_SURFACE('',#2019,2.35,0.6);
#1818=TOROIDAL_SURFACE('',#2027,7.4,0.6);
#1819=TOROIDAL_SURFACE('',#2029,7.4,0.6);
#1820=TOROIDAL_SURFACE('',#2034,7.4,0.6);
#1821=TOROIDAL_SURFACE('',#2037,8.6,0.6);
#1822=TOROIDAL_SURFACE('',#2042,7.4,0.6);
#1823=TOROIDAL_SURFACE('',#2047,8.6,0.6);
#1824=TOROIDAL_SURFACE('',#2049,7.4,0.6);
#1825=TOROIDAL_SURFACE('',#2063,2.35,0.6);
#1826=TOROIDAL_SURFACE('',#2085,2.35,0.6);
#1827=TOROIDAL_SURFACE('',#2091,2.35,0.6);
#1828=TOROIDAL_SURFACE('',#2097,2.35,0.6);
#1829=TOROIDAL_SURFACE('',#2106,2.505,0.6);
#1830=TOROIDAL_SURFACE('',#2114,2.505,0.6);
#1831=TOROIDAL_SURFACE('',#2120,2.505,0.6);
#1832=TOROIDAL_SURFACE('',#2126,7.4,0.6);
#1833=TOROIDAL_SURFACE('',#2130,8.6,0.6);
#1834=TOROIDAL_SURFACE('',#2135,7.4,0.6);
#1835=TOROIDAL_SURFACE('',#2140,8.6,0.6);
#1836=TOROIDAL_SURFACE('',#2143,7.4,0.6);
#1837=TOROIDAL_SURFACE('',#2148,7.4,0.6);
#1838=TOROIDAL_SURFACE('',#2150,7.4,0.6);
#1839=ADVANCED_FACE('',(#363),#1811,.T.);
#1840=ADVANCED_FACE('',(#364,#75,#76,#77,#78,#79),#333,.T.);
#1841=ADVANCED_FACE('',(#365),#25,.F.);
#1842=ADVANCED_FACE('',(#366),#1812,.T.);
#1843=ADVANCED_FACE('',(#367),#26,.F.);
#1844=ADVANCED_FACE('',(#368),#1813,.T.);
#1845=ADVANCED_FACE('',(#369),#27,.T.);
#1846=ADVANCED_FACE('',(#370),#28,.F.);
#1847=ADVANCED_FACE('',(#371),#1814,.T.);
#1848=ADVANCED_FACE('',(#372),#29,.F.);
#1849=ADVANCED_FACE('',(#373),#1815,.T.);
#1850=ADVANCED_FACE('',(#374),#30,.T.);
#1851=ADVANCED_FACE('',(#375),#31,.F.);
#1852=ADVANCED_FACE('',(#376),#1816,.T.);
#1853=ADVANCED_FACE('',(#377),#32,.F.);
#1854=ADVANCED_FACE('',(#378),#1817,.T.);
#1855=ADVANCED_FACE('',(#379),#33,.F.);
#1856=ADVANCED_FACE('',(#380),#34,.T.);
#1857=ADVANCED_FACE('',(#381),#1818,.T.);
#1858=ADVANCED_FACE('',(#382),#1819,.T.);
#1859=ADVANCED_FACE('',(#383),#35,.T.);
#1860=ADVANCED_FACE('',(#384),#1820,.T.);
#1861=ADVANCED_FACE('',(#385),#1821,.T.);
#1862=ADVANCED_FACE('',(#386),#36,.T.);
#1863=ADVANCED_FACE('',(#387),#1822,.T.);
#1864=ADVANCED_FACE('',(#388),#37,.T.);
#1865=ADVANCED_FACE('',(#389),#1823,.T.);
#1866=ADVANCED_FACE('',(#390),#1824,.T.);
#1867=ADVANCED_FACE('',(#391),#334,.T.);
#1868=ADVANCED_FACE('',(#392),#38,.T.);
#1869=ADVANCED_FACE('',(#393),#335,.T.);
#1870=ADVANCED_FACE('',(#394),#39,.F.);
#1871=ADVANCED_FACE('',(#395),#336,.T.);
#1872=ADVANCED_FACE('',(#396),#40,.T.);
#1873=ADVANCED_FACE('',(#397),#337,.T.);
#1874=ADVANCED_FACE('',(#398),#1825,.T.);
#1875=ADVANCED_FACE('',(#399,#80,#81,#82,#83,#84),#338,.T.);
#1876=ADVANCED_FACE('',(#400),#41,.F.);
#1877=ADVANCED_FACE('',(#401),#1826,.T.);
#1878=ADVANCED_FACE('',(#402),#42,.F.);
#1879=ADVANCED_FACE('',(#403),#1827,.T.);
#1880=ADVANCED_FACE('',(#404),#43,.F.);
#1881=ADVANCED_FACE('',(#405),#1828,.T.);
#1882=ADVANCED_FACE('',(#406),#44,.T.);
#1883=ADVANCED_FACE('',(#407),#45,.F.);
#1884=ADVANCED_FACE('',(#408),#1829,.T.);
#1885=ADVANCED_FACE('',(#409),#46,.F.);
#1886=ADVANCED_FACE('',(#410),#1830,.T.);
#1887=ADVANCED_FACE('',(#411),#47,.F.);
#1888=ADVANCED_FACE('',(#412),#1831,.T.);
#1889=ADVANCED_FACE('',(#413),#48,.F.);
#1890=ADVANCED_FACE('',(#414),#1832,.T.);
#1891=ADVANCED_FACE('',(#415),#49,.T.);
#1892=ADVANCED_FACE('',(#416),#1833,.T.);
#1893=ADVANCED_FACE('',(#417),#50,.T.);
#1894=ADVANCED_FACE('',(#418),#1834,.T.);
#1895=ADVANCED_FACE('',(#419),#51,.T.);
#1896=ADVANCED_FACE('',(#420),#1835,.T.);
#1897=ADVANCED_FACE('',(#421),#1836,.T.);
#1898=ADVANCED_FACE('',(#422),#52,.T.);
#1899=ADVANCED_FACE('',(#423),#1837,.T.);
#1900=ADVANCED_FACE('',(#424),#1838,.T.);
#1901=ADVANCED_FACE('',(#425),#53,.T.);
#1902=ADVANCED_FACE('',(#426),#54,.T.);
#1903=ADVANCED_FACE('',(#427),#339,.T.);
#1904=ADVANCED_FACE('',(#428),#55,.T.);
#1905=ADVANCED_FACE('',(#429),#340,.T.);
#1906=ADVANCED_FACE('',(#430),#56,.T.);
#1907=ADVANCED_FACE('',(#431),#57,.F.);
#1908=ADVANCED_FACE('',(#432,#85,#86,#87,#88,#89,#90),#341,.F.);
#1909=ADVANCED_FACE('',(#433),#58,.F.);
#1910=ADVANCED_FACE('',(#434),#342,.T.);
#1911=ADVANCED_FACE('',(#435),#59,.F.);
#1912=ADVANCED_FACE('',(#436,#91,#92,#93,#94,#95,#96),#343,.F.);
#1913=ADVANCED_FACE('',(#437),#60,.T.);
#1914=ADVANCED_FACE('',(#438),#344,.T.);
#1915=ADVANCED_FACE('',(#439),#61,.F.);
#1916=ADVANCED_FACE('',(#440),#345,.T.);
#1917=ADVANCED_FACE('',(#441),#62,.T.);
#1918=ADVANCED_FACE('',(#442),#346,.T.);
#1919=ADVANCED_FACE('',(#443,#97),#347,.T.);
#1920=ADVANCED_FACE('',(#444),#348,.F.);
#1921=ADVANCED_FACE('',(#445),#63,.F.);
#1922=ADVANCED_FACE('',(#446),#64,.T.);
#1923=ADVANCED_FACE('',(#447),#349,.T.);
#1924=ADVANCED_FACE('',(#448),#65,.T.);
#1925=ADVANCED_FACE('',(#449),#350,.T.);
#1926=ADVANCED_FACE('',(#450),#351,.F.);
#1927=ADVANCED_FACE('',(#451),#352,.T.);
#1928=ADVANCED_FACE('',(#452,#98),#353,.T.);
#1929=ADVANCED_FACE('',(#453,#99),#354,.T.);
#1930=ADVANCED_FACE('',(#454,#100),#355,.T.);
#1931=ADVANCED_FACE('',(#455,#101),#356,.F.);
#1932=ADVANCED_FACE('',(#456),#66,.F.);
#1933=ADVANCED_FACE('',(#457),#67,.F.);
#1934=ADVANCED_FACE('',(#458),#68,.F.);
#1935=ADVANCED_FACE('',(#459),#357,.T.);
#1936=ADVANCED_FACE('',(#460),#69,.F.);
#1937=ADVANCED_FACE('',(#461),#70,.F.);
#1938=ADVANCED_FACE('',(#462),#358,.T.);
#1939=ADVANCED_FACE('',(#463),#71,.F.);
#1940=ADVANCED_FACE('',(#464),#72,.F.);
#1941=ADVANCED_FACE('',(#465),#73,.F.);
#1942=ADVANCED_FACE('',(#466),#74,.F.);
#1943=ADVANCED_FACE('',(#467,#102),#359,.T.);
#1944=ADVANCED_FACE('',(#468,#103),#360,.T.);
#1945=ADVANCED_FACE('',(#469,#104),#361,.T.);
#1946=ADVANCED_FACE('',(#470),#362,.T.);
#1947=CLOSED_SHELL('',(#1839,#1840,#1841,#1842,#1843,#1844,#1845,#1846,
#1847,#1848,#1849,#1850,#1851,#1852,#1853,#1854,#1855,#1856,#1857,#1858,
#1859,#1860,#1861,#1862,#1863,#1864,#1865,#1866,#1867,#1868,#1869,#1870,
#1871,#1872,#1873,#1874,#1875,#1876,#1877,#1878,#1879,#1880,#1881,#1882,
#1883,#1884,#1885,#1886,#1887,#1888,#1889,#1890,#1891,#1892,#1893,#1894,
#1895,#1896,#1897,#1898,#1899,#1900,#1901,#1902,#1903,#1904,#1905,#1906,
#1907,#1908,#1909,#1910,#1911,#1912,#1913,#1914,#1915,#1916,#1917,#1918,
#1919,#1920,#1921,#1922,#1923,#1924,#1925,#1926,#1927,#1928,#1929,#1930,
#1931,#1932,#1933,#1934,#1935,#1936,#1937,#1938,#1939,#1940,#1941,#1942,
#1943,#1944,#1945,#1946));
#1948=DERIVED_UNIT_ELEMENT(#1950,1.);
#1949=DERIVED_UNIT_ELEMENT(#3577,-3.);
#1950=(
MASS_UNIT()
NAMED_UNIT(*)
SI_UNIT(.KILO.,.GRAM.)
);
#1951=DERIVED_UNIT((#1948,#1949));
#1952=MEASURE_REPRESENTATION_ITEM('density measure',
POSITIVE_RATIO_MEASURE(7850.),#1951);
#1953=PROPERTY_DEFINITION_REPRESENTATION(#1958,#1955);
#1954=PROPERTY_DEFINITION_REPRESENTATION(#1959,#1956);
#1955=REPRESENTATION('material name',(#1957),#3574);
#1956=REPRESENTATION('density',(#1952),#3574);
#1957=DESCRIPTIVE_REPRESENTATION_ITEM('Steel','Steel');
#1958=PROPERTY_DEFINITION('material property','material name',#3584);
#1959=PROPERTY_DEFINITION('material property','density of part',#3584);
#1960=AXIS2_PLACEMENT_3D('',#2887,#2231,#2232);
#1961=AXIS2_PLACEMENT_3D('',#2888,#2233,#2234);
#1962=AXIS2_PLACEMENT_3D('',#2890,#2235,#2236);
#1963=AXIS2_PLACEMENT_3D('',#2892,#2237,#2238);
#1964=AXIS2_PLACEMENT_3D('',#2894,#2239,#2240);
#1965=AXIS2_PLACEMENT_3D('',#2895,#2241,#2242);
#1966=AXIS2_PLACEMENT_3D('',#2896,#2243,#2244);
#1967=AXIS2_PLACEMENT_3D('',#2899,#2245,#2246);
#1968=AXIS2_PLACEMENT_3D('',#2903,#2248,#2249);
#1969=AXIS2_PLACEMENT_3D('',#2907,#2251,#2252);
#1970=AXIS2_PLACEMENT_3D('',#2911,#2254,#2255);
#1971=AXIS2_PLACEMENT_3D('',#2913,#2256,#2257);
#1972=AXIS2_PLACEMENT_3D('',#2917,#2259,#2260);
#1973=AXIS2_PLACEMENT_3D('',#2921,#2262,#2263);
#1974=AXIS2_PLACEMENT_3D('',#2925,#2265,#2266);
#1975=AXIS2_PLACEMENT_3D('',#2929,#2268,#2269);
#1976=AXIS2_PLACEMENT_3D('',#2932,#2271,#2272);
#1977=AXIS2_PLACEMENT_3D('',#2934,#2273,#2274);
#1978=AXIS2_PLACEMENT_3D('',#2936,#2275,#2276);
#1979=AXIS2_PLACEMENT_3D('',#2938,#2277,#2278);
#1980=AXIS2_PLACEMENT_3D('',#2940,#2279,#2280);
#1981=AXIS2_PLACEMENT_3D('',#2941,#2281,#2282);
#1982=AXIS2_PLACEMENT_3D('',#2944,#2284,#2285);
#1983=AXIS2_PLACEMENT_3D('',#2945,#2286,#2287);
#1984=AXIS2_PLACEMENT_3D('',#2947,#2288,#2289);
#1985=AXIS2_PLACEMENT_3D('',#2949,#2290,#2291);
#1986=AXIS2_PLACEMENT_3D('',#2950,#2292,#2293);
#1987=AXIS2_PLACEMENT_3D('',#2951,#2294,#2295);
#1988=AXIS2_PLACEMENT_3D('',#2954,#2297,#2298);
#1989=AXIS2_PLACEMENT_3D('',#2955,#2299,#2300);
#1990=AXIS2_PLACEMENT_3D('',#2971,#2301,#2302);
#1991=AXIS2_PLACEMENT_3D('',#2973,#2303,#2304);
#1992=AXIS2_PLACEMENT_3D('',#2974,#2305,#2306);
#1993=AXIS2_PLACEMENT_3D('',#2975,#2307,#2308);
#1994=AXIS2_PLACEMENT_3D('',#2977,#2309,#2310);
#1995=AXIS2_PLACEMENT_3D('',#2980,#2312,#2313);
#1996=AXIS2_PLACEMENT_3D('',#2981,#2314,#2315);
#1997=AXIS2_PLACEMENT_3D('',#2984,#2317,#2318);
#1998=AXIS2_PLACEMENT_3D('',#2985,#2319,#2320);
#1999=AXIS2_PLACEMENT_3D('',#2987,#2321,#2322);
#2000=AXIS2_PLACEMENT_3D('',#2989,#2323,#2324);
#2001=AXIS2_PLACEMENT_3D('',#2990,#2325,#2326);
#2002=AXIS2_PLACEMENT_3D('',#2991,#2327,#2328);
#2003=AXIS2_PLACEMENT_3D('',#2994,#2330,#2331);
#2004=AXIS2_PLACEMENT_3D('',#2995,#2332,#2333);
#2005=AXIS2_PLACEMENT_3D('',#3008,#2334,#2335);
#2006=AXIS2_PLACEMENT_3D('',#3010,#2336,#2337);
#2007=AXIS2_PLACEMENT_3D('',#3011,#2338,#2339);
#2008=AXIS2_PLACEMENT_3D('',#3022,#2340,#2341);
#2009=AXIS2_PLACEMENT_3D('',#3024,#2342,#2343);
#2010=AXIS2_PLACEMENT_3D('',#3027,#2345,#2346);
#2011=AXIS2_PLACEMENT_3D('',#3028,#2347,#2348);
#2012=AXIS2_PLACEMENT_3D('',#3031,#2350,#2351);
#2013=AXIS2_PLACEMENT_3D('',#3032,#2352,#2353);
#2014=AXIS2_PLACEMENT_3D('',#3034,#2354,#2355);
#2015=AXIS2_PLACEMENT_3D('',#3036,#2356,#2357);
#2016=AXIS2_PLACEMENT_3D('',#3037,#2358,#2359);
#2017=AXIS2_PLACEMENT_3D('',#3038,#2360,#2361);
#2018=AXIS2_PLACEMENT_3D('',#3041,#2363,#2364);
#2019=AXIS2_PLACEMENT_3D('',#3042,#2365,#2366);
#2020=AXIS2_PLACEMENT_3D('',#3044,#2367,#2368);
#2021=AXIS2_PLACEMENT_3D('',#3046,#2369,#2370);
#2022=AXIS2_PLACEMENT_3D('',#3047,#2371,#2372);
#2023=AXIS2_PLACEMENT_3D('',#3048,#2373,#2374);
#2024=AXIS2_PLACEMENT_3D('',#3051,#2376,#2377);
#2025=AXIS2_PLACEMENT_3D('',#3052,#2378,#2379);
#2026=AXIS2_PLACEMENT_3D('',#3054,#2380,#2381);
#2027=AXIS2_PLACEMENT_3D('',#3071,#2383,#2384);
#2028=AXIS2_PLACEMENT_3D('',#3072,#2385,#2386);
#2029=AXIS2_PLACEMENT_3D('',#3073,#2387,#2388);
#2030=AXIS2_PLACEMENT_3D('',#3075,#2389,#2390);
#2031=AXIS2_PLACEMENT_3D('',#3076,#2391,#2392);
#2032=AXIS2_PLACEMENT_3D('',#3077,#2393,#2394);
#2033=AXIS2_PLACEMENT_3D('',#3079,#2395,#2396);
#2034=AXIS2_PLACEMENT_3D('',#3081,#2398,#2399);
#2035=AXIS2_PLACEMENT_3D('',#3083,#2400,#2401);
#2036=AXIS2_PLACEMENT_3D('',#3084,#2402,#2403);
#2037=AXIS2_PLACEMENT_3D('',#3085,#2404,#2405);
#2038=AXIS2_PLACEMENT_3D('',#3087,#2406,#2407);
#2039=AXIS2_PLACEMENT_3D('',#3088,#2408,#2409);
#2040=AXIS2_PLACEMENT_3D('',#3089,#2410,#2411);
#2041=AXIS2_PLACEMENT_3D('',#3091,#2412,#2413);
#2042=AXIS2_PLACEMENT_3D('',#3093,#2415,#2416);
#2043=AXIS2_PLACEMENT_3D('',#3095,#2417,#2418);
#2044=AXIS2_PLACEMENT_3D('',#3096,#2419,#2420);
#2045=AXIS2_PLACEMENT_3D('',#3097,#2421,#2422);
#2046=AXIS2_PLACEMENT_3D('',#3099,#2423,#2424);
#2047=AXIS2_PLACEMENT_3D('',#3101,#2426,#2427);
#2048=AXIS2_PLACEMENT_3D('',#3102,#2428,#2429);
#2049=AXIS2_PLACEMENT_3D('',#3103,#2430,#2431);
#2050=AXIS2_PLACEMENT_3D('',#3104,#2432,#2433);
#2051=AXIS2_PLACEMENT_3D('',#3105,#2434,#2435);
#2052=AXIS2_PLACEMENT_3D('',#3111,#2439,#2440);
#2053=AXIS2_PLACEMENT_3D('',#3114,#2442,#2443);
#2054=AXIS2_PLACEMENT_3D('',#3115,#2444,#2445);
#2055=AXIS2_PLACEMENT_3D('',#3119,#2448,#2449);
#2056=AXIS2_PLACEMENT_3D('',#3122,#2451,#2452);
#2057=AXIS2_PLACEMENT_3D('',#3123,#2453,#2454);
#2058=AXIS2_PLACEMENT_3D('',#3127,#2457,#2458);
#2059=AXIS2_PLACEMENT_3D('',#3131,#2460,#2461);
#2060=AXIS2_PLACEMENT_3D('',#3135,#2463,#2464);
#2061=AXIS2_PLACEMENT_3D('',#3160,#2466,#2467);
#2062=AXIS2_PLACEMENT_3D('',#3161,#2468,#2469);
#2063=AXIS2_PLACEMENT_3D('',#3173,#2476,#2477);
#2064=AXIS2_PLACEMENT_3D('',#3175,#2478,#2479);
#2065=AXIS2_PLACEMENT_3D('',#3177,#2480,#2481);
#2066=AXIS2_PLACEMENT_3D('',#3179,#2482,#2483);
#2067=AXIS2_PLACEMENT_3D('',#3180,#2484,#2485);
#2068=AXIS2_PLACEMENT_3D('',#3181,#2486,#2487);
#2069=AXIS2_PLACEMENT_3D('',#3184,#2488,#2489);
#2070=AXIS2_PLACEMENT_3D('',#3188,#2491,#2492);
#2071=AXIS2_PLACEMENT_3D('',#3192,#2494,#2495);
#2072=AXIS2_PLACEMENT_3D('',#3194,#2496,#2497);
#2073=AXIS2_PLACEMENT_3D('',#3198,#2499,#2500);
#2074=AXIS2_PLACEMENT_3D('',#3202,#2502,#2503);
#2075=AXIS2_PLACEMENT_3D('',#3206,#2505,#2506);
#2076=AXIS2_PLACEMENT_3D('',#3210,#2508,#2509);
#2077=AXIS2_PLACEMENT_3D('',#3214,#2511,#2512);
#2078=AXIS2_PLACEMENT_3D('',#3217,#2514,#2515);
#2079=AXIS2_PLACEMENT_3D('',#3219,#2516,#2517);
#2080=AXIS2_PLACEMENT_3D('',#3221,#2518,#2519);
#2081=AXIS2_PLACEMENT_3D('',#3223,#2520,#2521);
#2082=AXIS2_PLACEMENT_3D('',#3225,#2522,#2523);
#2083=AXIS2_PLACEMENT_3D('',#3226,#2524,#2525);
#2084=AXIS2_PLACEMENT_3D('',#3229,#2527,#2528);
#2085=AXIS2_PLACEMENT_3D('',#3230,#2529,#2530);
#2086=AXIS2_PLACEMENT_3D('',#3232,#2531,#2532);
#2087=AXIS2_PLACEMENT_3D('',#3234,#2533,#2534);
#2088=AXIS2_PLACEMENT_3D('',#3235,#2535,#2536);
#2089=AXIS2_PLACEMENT_3D('',#3236,#2537,#2538);
#2090=AXIS2_PLACEMENT_3D('',#3239,#2540,#2541);
#2091=AXIS2_PLACEMENT_3D('',#3240,#2542,#2543);
#2092=AXIS2_PLACEMENT_3D('',#3242,#2544,#2545);
#2093=AXIS2_PLACEMENT_3D('',#3244,#2546,#2547);
#2094=AXIS2_PLACEMENT_3D('',#3245,#2548,#2549);
#2095=AXIS2_PLACEMENT_3D('',#3246,#2550,#2551);
#2096=AXIS2_PLACEMENT_3D('',#3249,#2553,#2554);
#2097=AXIS2_PLACEMENT_3D('',#3250,#2555,#2556);
#2098=AXIS2_PLACEMENT_3D('',#3270,#2557,#2558);
#2099=AXIS2_PLACEMENT_3D('',#3272,#2559,#2560);
#2100=AXIS2_PLACEMENT_3D('',#3273,#2561,#2562);
#2101=AXIS2_PLACEMENT_3D('',#3274,#2563,#2564);
#2102=AXIS2_PLACEMENT_3D('',#3276,#2565,#2566);
#2103=AXIS2_PLACEMENT_3D('',#3279,#2568,#2569);
#2104=AXIS2_PLACEMENT_3D('',#3280,#2570,#2571);
#2105=AXIS2_PLACEMENT_3D('',#3283,#2573,#2574);
#2106=AXIS2_PLACEMENT_3D('',#3284,#2575,#2576);
#2107=AXIS2_PLACEMENT_3D('',#3299,#2577,#2578);
#2108=AXIS2_PLACEMENT_3D('',#3301,#2579,#2580);
#2109=AXIS2_PLACEMENT_3D('',#3302,#2581,#2582);
#2110=AXIS2_PLACEMENT_3D('',#3309,#2583,#2584);
#2111=AXIS2_PLACEMENT_3D('',#3312,#2585,#2586);
#2112=AXIS2_PLACEMENT_3D('',#3316,#2588,#2589);
#2113=AXIS2_PLACEMENT_3D('',#3319,#2591,#2592);
#2114=AXIS2_PLACEMENT_3D('',#3321,#2594,#2595);
#2115=AXIS2_PLACEMENT_3D('',#3323,#2596,#2597);
#2116=AXIS2_PLACEMENT_3D('',#3325,#2598,#2599);
#2117=AXIS2_PLACEMENT_3D('',#3326,#2600,#2601);
#2118=AXIS2_PLACEMENT_3D('',#3327,#2602,#2603);
#2119=AXIS2_PLACEMENT_3D('',#3329,#2604,#2605);
#2120=AXIS2_PLACEMENT_3D('',#3331,#2607,#2608);
#2121=AXIS2_PLACEMENT_3D('',#3333,#2609,#2610);
#2122=AXIS2_PLACEMENT_3D('',#3335,#2611,#2612);
#2123=AXIS2_PLACEMENT_3D('',#3336,#2613,#2614);
#2124=AXIS2_PLACEMENT_3D('',#3337,#2615,#2616);
#2125=AXIS2_PLACEMENT_3D('',#3339,#2617,#2618);
#2126=AXIS2_PLACEMENT_3D('',#3341,#2620,#2621);
#2127=AXIS2_PLACEMENT_3D('',#3342,#2622,#2623);
#2128=AXIS2_PLACEMENT_3D('',#3357,#2624,#2625);
#2129=AXIS2_PLACEMENT_3D('',#3359,#2626,#2627);
#2130=AXIS2_PLACEMENT_3D('',#3361,#2629,#2630);
#2131=AXIS2_PLACEMENT_3D('',#3363,#2631,#2632);
#2132=AXIS2_PLACEMENT_3D('',#3364,#2633,#2634);
#2133=AXIS2_PLACEMENT_3D('',#3365,#2635,#2636);
#2134=AXIS2_PLACEMENT_3D('',#3367,#2637,#2638);
#2135=AXIS2_PLACEMENT_3D('',#3369,#2640,#2641);
#2136=AXIS2_PLACEMENT_3D('',#3371,#2642,#2643);
#2137=AXIS2_PLACEMENT_3D('',#3372,#2644,#2645);
#2138=AXIS2_PLACEMENT_3D('',#3373,#2646,#2647);
#2139=AXIS2_PLACEMENT_3D('',#3375,#2648,#2649);
#2140=AXIS2_PLACEMENT_3D('',#3377,#2651,#2652);
#2141=AXIS2_PLACEMENT_3D('',#3379,#2653,#2654);
#2142=AXIS2_PLACEMENT_3D('',#3380,#2655,#2656);
#2143=AXIS2_PLACEMENT_3D('',#3381,#2657,#2658);
#2144=AXIS2_PLACEMENT_3D('',#3383,#2659,#2660);
#2145=AXIS2_PLACEMENT_3D('',#3384,#2661,#2662);
#2146=AXIS2_PLACEMENT_3D('',#3385,#2663,#2664);
#2147=AXIS2_PLACEMENT_3D('',#3387,#2665,#2666);
#2148=AXIS2_PLACEMENT_3D('',#3389,#2668,#2669);
#2149=AXIS2_PLACEMENT_3D('',#3390,#2670,#2671);
#2150=AXIS2_PLACEMENT_3D('',#3391,#2672,#2673);
#2151=AXIS2_PLACEMENT_3D('',#3392,#2674,#2675);
#2152=AXIS2_PLACEMENT_3D('',#3393,#2676,#2677);
#2153=AXIS2_PLACEMENT_3D('',#3394,#2678,#2679);
#2154=AXIS2_PLACEMENT_3D('',#3395,#2680,#2681);
#2155=AXIS2_PLACEMENT_3D('',#3399,#2683,#2684);
#2156=AXIS2_PLACEMENT_3D('',#3401,#2686,#2687);
#2157=AXIS2_PLACEMENT_3D('',#3409,#2692,#2693);
#2158=AXIS2_PLACEMENT_3D('',#3413,#2695,#2696);
#2159=AXIS2_PLACEMENT_3D('',#3416,#2698,#2699);
#2160=AXIS2_PLACEMENT_3D('',#3417,#2700,#2701);
#2161=AXIS2_PLACEMENT_3D('',#3421,#2704,#2705);
#2162=AXIS2_PLACEMENT_3D('',#3422,#2706,#2707);
#2163=AXIS2_PLACEMENT_3D('',#3423,#2708,#2709);
#2164=AXIS2_PLACEMENT_3D('',#3426,#2710,#2711);
#2165=AXIS2_PLACEMENT_3D('',#3429,#2714,#2715);
#2166=AXIS2_PLACEMENT_3D('',#3432,#2717,#2718);
#2167=AXIS2_PLACEMENT_3D('',#3436,#2720,#2721);
#2168=AXIS2_PLACEMENT_3D('',#3440,#2723,#2724);
#2169=AXIS2_PLACEMENT_3D('',#3446,#2727,#2728);
#2170=AXIS2_PLACEMENT_3D('',#3447,#2729,#2730);
#2171=AXIS2_PLACEMENT_3D('',#3449,#2731,#2732);
#2172=AXIS2_PLACEMENT_3D('',#3451,#2733,#2734);
#2173=AXIS2_PLACEMENT_3D('',#3453,#2735,#2736);
#2174=AXIS2_PLACEMENT_3D('',#3454,#2737,#2738);
#2175=AXIS2_PLACEMENT_3D('',#3457,#2739,#2740);
#2176=AXIS2_PLACEMENT_3D('',#3460,#2743,#2744);
#2177=AXIS2_PLACEMENT_3D('',#3462,#2746,#2747);
#2178=AXIS2_PLACEMENT_3D('',#3464,#2748,#2749);
#2179=AXIS2_PLACEMENT_3D('',#3466,#2751,#2752);
#2180=AXIS2_PLACEMENT_3D('',#3470,#2754,#2755);
#2181=AXIS2_PLACEMENT_3D('',#3474,#2757,#2758);
#2182=AXIS2_PLACEMENT_3D('',#3479,#2761,#2762);
#2183=AXIS2_PLACEMENT_3D('',#3483,#2765,#2766);
#2184=AXIS2_PLACEMENT_3D('',#3485,#2767,#2768);
#2185=AXIS2_PLACEMENT_3D('',#3487,#2769,#2770);
#2186=AXIS2_PLACEMENT_3D('',#3488,#2771,#2772);
#2187=AXIS2_PLACEMENT_3D('',#3491,#2775,#2776);
#2188=AXIS2_PLACEMENT_3D('',#3497,#2780,#2781);
#2189=AXIS2_PLACEMENT_3D('',#3500,#2784,#2785);
#2190=AXIS2_PLACEMENT_3D('',#3501,#2786,#2787);
#2191=AXIS2_PLACEMENT_3D('',#3504,#2790,#2791);
#2192=AXIS2_PLACEMENT_3D('',#3505,#2792,#2793);
#2193=AXIS2_PLACEMENT_3D('',#3509,#2795,#2796);
#2194=AXIS2_PLACEMENT_3D('',#3511,#2798,#2799);
#2195=AXIS2_PLACEMENT_3D('',#3513,#2801,#2802);
#2196=AXIS2_PLACEMENT_3D('',#3514,#2803,#2804);
#2197=AXIS2_PLACEMENT_3D('',#3516,#2806,#2807);
#2198=AXIS2_PLACEMENT_3D('',#3518,#2809,#2810);
#2199=AXIS2_PLACEMENT_3D('',#3520,#2811,#2812);
#2200=AXIS2_PLACEMENT_3D('',#3522,#2814,#2815);
#2201=AXIS2_PLACEMENT_3D('',#3523,#2816,#2817);
#2202=AXIS2_PLACEMENT_3D('',#3525,#2819,#2820);
#2203=AXIS2_PLACEMENT_3D('',#3529,#2823,#2824);
#2204=AXIS2_PLACEMENT_3D('',#3531,#2825,#2826);
#2205=AXIS2_PLACEMENT_3D('',#3532,#2827,#2828);
#2206=AXIS2_PLACEMENT_3D('',#3534,#2829,#2830);
#2207=AXIS2_PLACEMENT_3D('',#3535,#2831,#2832);
#2208=AXIS2_PLACEMENT_3D('',#3537,#2833,#2834);
#2209=AXIS2_PLACEMENT_3D('',#3538,#2835,#2836);
#2210=AXIS2_PLACEMENT_3D('',#3541,#2838,#2839);
#2211=AXIS2_PLACEMENT_3D('',#3542,#2840,#2841);
#2212=AXIS2_PLACEMENT_3D('',#3544,#2843,#2844);
#2213=AXIS2_PLACEMENT_3D('',#3546,#2846,#2847);
#2214=AXIS2_PLACEMENT_3D('',#3548,#2849,#2850);
#2215=AXIS2_PLACEMENT_3D('',#3550,#2852,#2853);
#2216=AXIS2_PLACEMENT_3D('',#3551,#2854,#2855);
#2217=AXIS2_PLACEMENT_3D('',#3552,#2856,#2857);
#2218=AXIS2_PLACEMENT_3D('',#3553,#2858,#2859);
#2219=AXIS2_PLACEMENT_3D('',#3554,#2860,#2861);
#2220=AXIS2_PLACEMENT_3D('',#3555,#2862,#2863);
#2221=AXIS2_PLACEMENT_3D('',#3556,#2864,#2865);
#2222=AXIS2_PLACEMENT_3D('',#3558,#2866,#2867);
#2223=AXIS2_PLACEMENT_3D('',#3560,#2869,#2870);
#2224=AXIS2_PLACEMENT_3D('',#3562,#2871,#2872);
#2225=AXIS2_PLACEMENT_3D('',#3564,#2874,#2875);
#2226=AXIS2_PLACEMENT_3D('',#3566,#2876,#2877);
#2227=AXIS2_PLACEMENT_3D('',#3568,#2879,#2880);
#2228=AXIS2_PLACEMENT_3D('',#3569,#2881,#2882);
#2229=AXIS2_PLACEMENT_3D('',#3570,#2883,#2884);
#2230=AXIS2_PLACEMENT_3D('',#3571,#2885,#2886);
#2231=DIRECTION('axis',(0.,0.,1.));
#2232=DIRECTION('refdir',(1.,0.,0.));
#2233=DIRECTION('center_axis',(1.42941214420489E-14,-1.,-8.06518841578962E-31));
#2234=DIRECTION('ref_axis',(0.,0.,-1.));
#2235=DIRECTION('center_axis',(-1.42941214420489E-14,1.,8.06518841578962E-31));
#2236=DIRECTION('ref_axis',(-1.,-1.42941214420489E-14,-2.54021682387087E-31));
#2237=DIRECTION('center_axis',(-1.,-1.42941214420489E-14,-8.93899375704636E-17));
#2238=DIRECTION('ref_axis',(-8.93899375704636E-17,0.,1.));
#2239=DIRECTION('center_axis',(1.42941214420489E-14,-1.,-8.06518841578962E-31));
#2240=DIRECTION('ref_axis',(-1.,-1.42784588468853E-14,-2.54021682387087E-31));
#2241=DIRECTION('center_axis',(1.42941214420489E-14,-1.,-8.06518841578962E-31));
#2242=DIRECTION('ref_axis',(-1.,-1.42784588468853E-14,-2.54021682387087E-31));
#2243=DIRECTION('center_axis',(-1.42941214420489E-14,1.,8.06518841578962E-31));
#2244=DIRECTION('ref_axis',(0.,-8.06518841578962E-31,1.));
#2245=DIRECTION('center_axis',(-1.42941214420489E-14,1.,8.06518841578962E-31));
#2246=DIRECTION('ref_axis',(-1.,-1.42941214420489E-14,-2.54021682387087E-31));
#2247=DIRECTION('',(0.956355486695905,1.3670261468601E-14,-0.292205720455024));
#2248=DIRECTION('center_axis',(-1.42941214420489E-14,1.,8.06518841578962E-31));
#2249=DIRECTION('ref_axis',(-0.242006098783808,-3.45926456573223E-15,0.970274728183437));
#2250=DIRECTION('',(0.707106781186547,1.01074702027768E-14,0.707106781186548));
#2251=DIRECTION('center_axis',(1.42941214420489E-14,-1.,-8.06518841578962E-31));
#2252=DIRECTION('ref_axis',(1.14411605189879E-12,1.63549403084804E-26,-1.));
#2253=DIRECTION('',(0.707106781188165,1.01074702027999E-14,-0.707106781184931));
#2254=DIRECTION('center_axis',(-1.42941214420489E-14,1.,8.06518841578962E-31));
#2255=DIRECTION('ref_axis',(0.650646827413453,9.30042476693172E-15,0.759380475109025));
#2256=DIRECTION('center_axis',(1.42941214420489E-14,-1.,-8.06518841578962E-31));
#2257=DIRECTION('ref_axis',(-0.891721613426965,-1.27463770348248E-14,-0.452584317168867));
#2258=DIRECTION('',(0.,8.06518841578962E-31,-1.));
#2259=DIRECTION('center_axis',(1.42941214420489E-14,-1.,-8.06518841578962E-31));
#2260=DIRECTION('ref_axis',(-0.707106781174835,-1.01074702026094E-14,0.70710678119826));
#2261=DIRECTION('',(-1.,-1.42941214420489E-14,3.31273153079204E-11));
#2262=DIRECTION('center_axis',(-1.42941214420489E-14,1.,8.06518841578962E-31));
#2263=DIRECTION('ref_axis',(-1.,-1.42941214420489E-14,-2.76520745684229E-31));
#2264=DIRECTION('',(-1.,-1.42941214420489E-14,3.31273153079204E-11));
#2265=DIRECTION('center_axis',(1.42941214420489E-14,-1.,-8.06518841578962E-31));
#2266=DIRECTION('ref_axis',(0.382683432380408,5.47012345630565E-15,0.923879532504942));
#2267=DIRECTION('',(-0.707106781186524,-1.01074702027765E-14,0.707106781186571));
#2268=DIRECTION('center_axis',(1.42941214420489E-14,-1.,-8.06518841578962E-31));
#2269=DIRECTION('ref_axis',(0.227679512591089,3.25447860284352E-15,-0.973736124186776));
#2270=DIRECTION('',(0.956355486695905,1.3670261468601E-14,-0.292205720455024));
#2271=DIRECTION('center_axis',(-1.42941214420489E-14,1.,8.06518841578962E-31));
#2272=DIRECTION('ref_axis',(-1.,-1.42941214420489E-14,-2.54021682387087E-31));
#2273=DIRECTION('center_axis',(-1.42941214420489E-14,1.,8.06518841578962E-31));
#2274=DIRECTION('ref_axis',(-1.,-1.42941214420489E-14,-2.54021682387087E-31));
#2275=DIRECTION('center_axis',(-1.42941214420489E-14,1.,8.06518841578962E-31));
#2276=DIRECTION('ref_axis',(-1.,-1.42941214420489E-14,-2.76520745684229E-31));
#2277=DIRECTION('center_axis',(-1.42941214420489E-14,1.,8.06518841578962E-31));
#2278=DIRECTION('ref_axis',(-1.,-1.42941214420489E-14,-2.76520745684229E-31));
#2279=DIRECTION('center_axis',(-1.42941214420489E-14,1.,8.06518841578962E-31));
#2280=DIRECTION('ref_axis',(-1.,-1.42941214420489E-14,-2.76520745684229E-31));
#2281=DIRECTION('center_axis',(0.,-1.,0.));
#2282=DIRECTION('ref_axis',(-1.,0.,0.));
#2283=DIRECTION('',(0.,-1.,0.));
#2284=DIRECTION('center_axis',(0.,-1.,0.));
#2285=DIRECTION('ref_axis',(-1.,0.,0.));
#2286=DIRECTION('center_axis',(1.42941214420489E-14,-1.,-8.06518841578962E-31));
#2287=DIRECTION('ref_axis',(0.,0.,-1.));
#2288=DIRECTION('center_axis',(-1.,-1.42941214420489E-14,0.));
#2289=DIRECTION('ref_axis',(0.,0.,1.));
#2290=DIRECTION('center_axis',(1.42941214420489E-14,-1.,-8.06518841578962E-31));
#2291=DIRECTION('ref_axis',(-1.,-1.42784588468853E-14,-2.54021682387087E-31));
#2292=DIRECTION('center_axis',(1.42941214420489E-14,-1.,-8.06518841578962E-31));
#2293=DIRECTION('ref_axis',(-1.,-1.42784588468853E-14,-2.54021682387087E-31));
#2294=DIRECTION('center_axis',(0.,-1.,0.));
#2295=DIRECTION('ref_axis',(-1.,0.,0.));
#2296=DIRECTION('',(0.,-1.,0.));
#2297=DIRECTION('center_axis',(0.,-1.,0.));
#2298=DIRECTION('ref_axis',(-1.,0.,0.));
#2299=DIRECTION('center_axis',(1.42941214420489E-14,-1.,-8.06518841578962E-31));
#2300=DIRECTION('ref_axis',(0.,0.,-1.));
#2301=DIRECTION('center_axis',(-1.,-1.42941214420489E-14,0.));
#2302=DIRECTION('ref_axis',(0.,0.,1.));
#2303=DIRECTION('center_axis',(1.42941214420489E-14,-1.,-8.06518841578962E-31));
#2304=DIRECTION('ref_axis',(-1.,-1.42784588468853E-14,-2.54021682387087E-31));
#2305=DIRECTION('center_axis',(1.42941214420489E-14,-1.,-8.06518841578962E-31));
#2306=DIRECTION('ref_axis',(-1.,-1.42784588468853E-14,-2.54021682387087E-31));
#2307=DIRECTION('center_axis',(-0.956355486695905,-1.3670261468601E-14,
0.292205720455024));
#2308=DIRECTION('ref_axis',(-0.206620646435257,0.707106781186547,-0.676245449867633));
#2309=DIRECTION('center_axis',(-0.956355486695905,-1.41569050807519E-14,
0.292205720455023));
#2310=DIRECTION('ref_axis',(-1.48029736616687E-14,1.,0.));
#2311=DIRECTION('',(-0.956355486695905,-1.3670261468601E-14,0.292205720455024));
#2312=DIRECTION('center_axis',(-0.956355486695905,-1.41569050807488E-14,
0.292205720455023));
#2313=DIRECTION('ref_axis',(-1.48029736616656E-14,1.,0.));
#2314=DIRECTION('center_axis',(0.,-1.,0.));
#2315=DIRECTION('ref_axis',(-1.,0.,0.));
#2316=DIRECTION('',(0.,-1.,0.));
#2317=DIRECTION('center_axis',(0.,-1.,0.));
#2318=DIRECTION('ref_axis',(-1.,0.,0.));
#2319=DIRECTION('center_axis',(1.42941214420489E-14,-1.,-8.06518841578962E-31));
#2320=DIRECTION('ref_axis',(0.,0.,-1.));
#2321=DIRECTION('center_axis',(-1.,-1.42941214420489E-14,0.));
#2322=DIRECTION('ref_axis',(0.,0.,1.));
#2323=DIRECTION('center_axis',(1.42941214420489E-14,-1.,-8.06518841578962E-31));
#2324=DIRECTION('ref_axis',(-1.,-1.4274296030895E-14,-2.76520745684229E-31));
#2325=DIRECTION('center_axis',(1.42941214420489E-14,-1.,-8.06518841578962E-31));
#2326=DIRECTION('ref_axis',(-1.,-1.4274296030895E-14,-2.76520745684229E-31));
#2327=DIRECTION('center_axis',(0.,-1.,0.));
#2328=DIRECTION('ref_axis',(-1.,0.,0.));
#2329=DIRECTION('',(0.,-1.,0.));
#2330=DIRECTION('center_axis',(-3.15544362088405E-30,1.,-1.29659981408888E-45));
#2331=DIRECTION('ref_axis',(-1.,0.,0.));
#2332=DIRECTION('center_axis',(1.42941214420489E-14,-1.,-8.06518841578962E-31));
#2333=DIRECTION('ref_axis',(0.,0.,-1.));
#2334=DIRECTION('center_axis',(-1.,-1.42941214420489E-14,0.));
#2335=DIRECTION('ref_axis',(0.,0.,1.));
#2336=DIRECTION('center_axis',(1.42941214420489E-14,-1.,-8.06518841578962E-31));
#2337=DIRECTION('ref_axis',(-1.,-1.4274296030895E-14,-2.76520745684229E-31));
#2338=DIRECTION('center_axis',(1.42941214420489E-14,-1.,-8.06518841578962E-31));
#2339=DIRECTION('ref_axis',(-1.,-1.4274296030895E-14,-2.76520745684229E-31));
#2340=DIRECTION('center_axis',(1.,1.42941214420489E-14,-3.31273153079204E-11));
#2341=DIRECTION('ref_axis',(2.3415312200504E-11,0.707106781186547,0.707106781186547));
#2342=DIRECTION('center_axis',(1.,1.48029736616687E-14,-3.31290550548147E-11));
#2343=DIRECTION('ref_axis',(-1.48029736616687E-14,1.,0.));
#2344=DIRECTION('',(1.,1.42941214420489E-14,-3.31273153079204E-11));
#2345=DIRECTION('center_axis',(1.,1.48029736616719E-14,-3.31253543113994E-11));
#2346=DIRECTION('ref_axis',(-1.48029736616719E-14,1.,0.));
#2347=DIRECTION('center_axis',(0.,-1.,0.));
#2348=DIRECTION('ref_axis',(-1.,0.,0.));
#2349=DIRECTION('',(0.,-1.,0.));
#2350=DIRECTION('center_axis',(-1.42941214420489E-14,1.,8.06518841578962E-31));
#2351=DIRECTION('ref_axis',(-1.,0.,0.));
#2352=DIRECTION('center_axis',(1.42941214420489E-14,-1.,-8.06518841578962E-31));
#2353=DIRECTION('ref_axis',(0.,0.,-1.));
#2354=DIRECTION('center_axis',(-1.,-1.42941214420489E-14,0.));
#2355=DIRECTION('ref_axis',(0.,0.,1.));
#2356=DIRECTION('center_axis',(1.42941214420489E-14,-1.,-8.06518841578962E-31));
#2357=DIRECTION('ref_axis',(-1.,-1.4274296030895E-14,-2.76520745684229E-31));
#2358=DIRECTION('center_axis',(1.42941214420489E-14,-1.,-8.06518841578962E-31));
#2359=DIRECTION('ref_axis',(-1.,-1.4274296030895E-14,-2.76520745684229E-31));
#2360=DIRECTION('center_axis',(0.,-1.,0.));
#2361=DIRECTION('ref_axis',(-1.,0.,0.));
#2362=DIRECTION('',(0.,-1.,0.));
#2363=DIRECTION('center_axis',(-1.42941214420489E-14,1.,8.06518841578962E-31));
#2364=DIRECTION('ref_axis',(-1.,0.,0.));
#2365=DIRECTION('center_axis',(1.42941214420489E-14,-1.,-8.06518841578962E-31));
#2366=DIRECTION('ref_axis',(0.,0.,-1.));
#2367=DIRECTION('center_axis',(-1.,-1.42941214420489E-14,0.));
#2368=DIRECTION('ref_axis',(0.,0.,1.));
#2369=DIRECTION('center_axis',(1.42941214420489E-14,-1.,-8.06518841578962E-31));
#2370=DIRECTION('ref_axis',(-1.,-1.4274296030895E-14,-2.76520745684229E-31));
#2371=DIRECTION('center_axis',(1.42941214420489E-14,-1.,-8.06518841578962E-31));
#2372=DIRECTION('ref_axis',(-1.,-1.4274296030895E-14,-2.76520745684229E-31));
#2373=DIRECTION('center_axis',(0.,-1.,0.));
#2374=DIRECTION('ref_axis',(-1.,0.,0.));
#2375=DIRECTION('',(0.,-1.,0.));
#2376=DIRECTION('center_axis',(-1.42941214420489E-14,1.,8.06518841578962E-31));
#2377=DIRECTION('ref_axis',(-1.,0.,0.));
#2378=DIRECTION('center_axis',(0.707106781186524,1.01074702027765E-14,-0.707106781186571));
#2379=DIRECTION('ref_axis',(0.500000000000009,0.70710678118655,0.499999999999988));
#2380=DIRECTION('center_axis',(0.707106781186507,1.04672830578913E-14,-0.707106781186588));
#2381=DIRECTION('ref_axis',(-1.48029736616688E-14,1.,0.));
#2382=DIRECTION('',(0.707106781186524,1.01074702027765E-14,-0.707106781186571));
#2383=DIRECTION('center_axis',(1.42941214420489E-14,-1.,-8.06518841578962E-31));
#2384=DIRECTION('ref_axis',(0.,0.,-1.));
#2385=DIRECTION('center_axis',(-1.42941214420489E-14,1.,8.06518841578962E-31));
#2386=DIRECTION('ref_axis',(0.382683432380408,5.47305256670683E-15,0.923879532504942));
#2387=DIRECTION('center_axis',(1.42941214420489E-14,-1.,-8.06518841578962E-31));
#2388=DIRECTION('ref_axis',(0.,0.,-1.));
#2389=DIRECTION('center_axis',(-9.25185853854289E-16,-1.36955018267634E-29,
1.));
#2390=DIRECTION('ref_axis',(-1.48029736616794E-14,1.,0.));
#2391=DIRECTION('center_axis',(-1.42941214420489E-14,1.,8.06518841578962E-31));
#2392=DIRECTION('ref_axis',(-0.707106781174835,-1.01047642475649E-14,0.70710678119826));
#2393=DIRECTION('center_axis',(0.,8.06518841578962E-31,-1.));
#2394=DIRECTION('ref_axis',(-0.70710678118655,0.707106781186545,0.));
#2395=DIRECTION('center_axis',(0.,0.,1.));
#2396=DIRECTION('ref_axis',(-1.48029736616687E-14,1.,0.));
#2397=DIRECTION('',(0.,-8.06518841578962E-31,1.));
#2398=DIRECTION('center_axis',(1.42941214420489E-14,-1.,-8.06518841578962E-31));
#2399=DIRECTION('ref_axis',(0.,0.,-1.));
#2400=DIRECTION('center_axis',(-0.807158435035128,-1.19483450546186E-14,
0.59033487170558));
#2401=DIRECTION('ref_axis',(-1.48029736616686E-14,1.,0.));
#2402=DIRECTION('center_axis',(-1.42941214420489E-14,1.,8.06518841578962E-31));
#2403=DIRECTION('ref_axis',(-0.891721613426965,-1.27502175484295E-14,-0.452584317168868));
#2404=DIRECTION('center_axis',(1.42941214420489E-14,-1.,-8.06518841578962E-31));
#2405=DIRECTION('ref_axis',(0.,0.,-1.));
#2406=DIRECTION('center_axis',(-0.707106781188163,-1.04672830579171E-14,
0.707106781184932));
#2407=DIRECTION('ref_axis',(-1.48029736616707E-14,1.,0.));
#2408=DIRECTION('center_axis',(1.42941214420489E-14,-1.,-8.06518841578962E-31));
#2409=DIRECTION('ref_axis',(0.650646827413453,9.29811783123568E-15,0.759380475109025));
#2410=DIRECTION('center_axis',(-0.707106781188165,-1.01074702027999E-14,
0.707106781184931));
#2411=DIRECTION('ref_axis',(-0.49999999999887,0.707106781186542,-0.500000000001137));
#2412=DIRECTION('center_axis',(-0.707106781188166,-9.81307786679608E-15,
0.707106781184929));
#2413=DIRECTION('ref_axis',(-1.38777878078145E-14,1.,0.));
#2414=DIRECTION('',(-0.707106781188165,-1.01074702027999E-14,0.707106781184931));
#2415=DIRECTION('center_axis',(1.42941214420489E-14,-1.,-8.06518841578962E-31));
#2416=DIRECTION('ref_axis',(0.,0.,-1.));
#2417=DIRECTION('center_axis',(-0.707106781186545,-9.158872675655E-15,-0.70710678118655));
#2418=DIRECTION('ref_axis',(-1.29526019539597E-14,1.,0.));
#2419=DIRECTION('center_axis',(-1.42941214420489E-14,1.,8.06518841578962E-31));
#2420=DIRECTION('ref_axis',(1.14411605189879E-12,0.,-1.));
#2421=DIRECTION('center_axis',(-0.707106781186547,-1.01074702027768E-14,
-0.707106781186548));
#2422=DIRECTION('ref_axis',(0.499999999999992,0.707106781186554,-0.499999999999998));
#2423=DIRECTION('center_axis',(-0.707106781186546,-1.04672830578918E-14,
-0.707106781186549));
#2424=DIRECTION('ref_axis',(-1.48029736616687E-14,1.,0.));
#2425=DIRECTION('',(-0.707106781186547,-1.01074702027768E-14,-0.707106781186548));
#2426=DIRECTION('center_axis',(-1.42941214420489E-14,1.,8.06518841578962E-31));
#2427=DIRECTION('ref_axis',(0.,0.,1.));
#2428=DIRECTION('center_axis',(1.42941214420489E-14,-1.,-8.06518841578962E-31));
#2429=DIRECTION('ref_axis',(-0.242006098783808,-3.46077333457373E-15,0.970274728183437));
#2430=DIRECTION('center_axis',(1.42941214420489E-14,-1.,-8.06518841578962E-31));
#2431=DIRECTION('ref_axis',(0.,0.,-1.));
#2432=DIRECTION('center_axis',(-1.42941214420489E-14,1.,8.06518841578962E-31));
#2433=DIRECTION('ref_axis',(0.227679512591089,3.25260651745651E-15,-0.973736124186776));
#2434=DIRECTION('center_axis',(-0.707106781184931,-4.94517309820531E-15,
-0.707106781188165));
#2435=DIRECTION('ref_axis',(-0.707106781188165,-1.01074702027999E-14,0.707106781184931));
#2436=DIRECTION('',(-6.99353086378051E-15,1.,1.97215226304351E-31));
#2437=DIRECTION('',(0.707106781188165,1.01074702027999E-14,-0.707106781184931));
#2438=DIRECTION('',(1.22386790116399E-14,-1.,-5.24514814783539E-15));
#2439=DIRECTION('center_axis',(-6.99353086378051E-15,1.,3.94430452610506E-31));
#2440=DIRECTION('ref_axis',(1.14332170225649E-12,0.,-1.));
#2441=DIRECTION('',(6.99353086378051E-15,-1.,-1.97215226305253E-31));
#2442=DIRECTION('center_axis',(-1.42941214420489E-14,1.,8.06518841578962E-31));
#2443=DIRECTION('ref_axis',(1.14332170225649E-12,0.,-1.));
#2444=DIRECTION('center_axis',(0.707106781186548,4.94517309821662E-15,-0.707106781186547));
#2445=DIRECTION('ref_axis',(-0.707106781186547,-1.01074702027768E-14,-0.707106781186548));
#2446=DIRECTION('',(-6.99353086378051E-15,1.,1.11690338507231E-31));
#2447=DIRECTION('',(0.707106781186547,1.01074702027768E-14,0.707106781186548));
#2448=DIRECTION('center_axis',(-6.99353086378051E-15,1.,2.23380677014462E-31));
#2449=DIRECTION('ref_axis',(-0.242006098783808,-1.78083912791976E-15,0.970274728183437));
#2450=DIRECTION('',(6.99353086378051E-15,-1.,-1.90731766197527E-32));
#2451=DIRECTION('center_axis',(1.42941214420489E-14,-1.,-8.06518841578962E-31));
#2452=DIRECTION('ref_axis',(-0.242006098783808,-1.78083912791976E-15,0.970274728183437));
#2453=DIRECTION('center_axis',(-0.292205720455024,-2.04354972457543E-15,
-0.956355486695905));
#2454=DIRECTION('ref_axis',(-0.956355486695905,-1.3670261468601E-14,0.292205720455024));
#2455=DIRECTION('',(-6.99353086378052E-15,1.,1.18329135783152E-30));
#2456=DIRECTION('',(0.956355486695905,1.3670261468601E-14,-0.292205720455024));
#2457=DIRECTION('center_axis',(-6.99353086378052E-15,1.,1.18329135783152E-30));
#2458=DIRECTION('ref_axis',(0.685958598800541,4.44089209850063E-15,-0.727640571114337));
#2459=DIRECTION('',(6.99353086378052E-15,-1.,0.));
#2460=DIRECTION('center_axis',(7.14706072102444E-15,-1.,-8.752624653391E-31));
#2461=DIRECTION('ref_axis',(0.227679512591089,1.6306400674182E-15,-0.973736124186776));
#2462=DIRECTION('',(-6.99353086378052E-15,1.,1.18329135783152E-30));
#2463=DIRECTION('center_axis',(7.14706072102444E-15,-1.,-8.752624653391E-31));
#2464=DIRECTION('ref_axis',(0.685958598800541,4.44089209850063E-15,-0.727640571114337));
#2465=DIRECTION('',(-6.99353086378052E-15,1.,1.18329135783152E-30));
#2466=DIRECTION('center_axis',(-1.42941214420489E-14,1.,8.06518841578962E-31));
#2467=DIRECTION('ref_axis',(0.685958598800541,4.44089209850063E-15,-0.727640571114337));
#2468=DIRECTION('center_axis',(0.707106781186571,4.94517309821678E-15,0.707106781186524));
#2469=DIRECTION('ref_axis',(-0.707106781186524,-5.05373510138823E-15,0.707106781186571));
#2470=DIRECTION('',(-6.99353086378052E-15,1.,5.57808895575889E-31));
#2471=DIRECTION('',(-0.707106781186524,-1.01074702027765E-14,0.707106781186571));
#2472=DIRECTION('',(6.77498302428738E-15,-1.,2.18547839493155E-16));
#2473=DIRECTION('',(0.707106781186524,5.05373510138823E-15,-0.707106781186571));
#2474=DIRECTION('',(-6.99353086378052E-15,1.,5.57808895494718E-31));
#2475=DIRECTION('',(-0.707106781186524,-5.05373510138823E-15,0.707106781186571));
#2476=DIRECTION('center_axis',(-7.14706072102444E-15,1.,8.752624653391E-31));
#2477=DIRECTION('ref_axis',(0.,0.,1.));
#2478=DIRECTION('center_axis',(7.14706072102444E-15,-1.,-8.752624653391E-31));
#2479=DIRECTION('ref_axis',(1.,7.14706072102444E-15,3.0008998811627E-31));
#2480=DIRECTION('center_axis',(-1.,-7.14706072102444E-15,0.));
#2481=DIRECTION('ref_axis',(0.,0.,-1.));
#2482=DIRECTION('center_axis',(-7.14706072102444E-15,1.,8.752624653391E-31));
#2483=DIRECTION('ref_axis',(1.,7.13714801544746E-15,3.0008998811627E-31));
#2484=DIRECTION('center_axis',(-7.14706072102444E-15,1.,8.752624653391E-31));
#2485=DIRECTION('ref_axis',(1.,7.13714801544746E-15,3.0008998811627E-31));
#2486=DIRECTION('center_axis',(7.14706072102444E-15,-1.,-8.752624653391E-31));
#2487=DIRECTION('ref_axis',(1.,7.14706072102444E-15,5.343781785202E-24));
#2488=DIRECTION('center_axis',(7.14706072102444E-15,-1.,-8.752624653391E-31));
#2489=DIRECTION('ref_axis',(1.,7.14706072102444E-15,3.0008998811627E-31));
#2490=DIRECTION('',(1.,7.14706072102444E-15,-3.31273153079204E-11));
#2491=DIRECTION('center_axis',(-7.14706072102444E-15,1.,8.752624653391E-31));
#2492=DIRECTION('ref_axis',(-0.707106781174836,-5.05373510130469E-15,0.707106781198259));
#2493=DIRECTION('',(0.,-8.752624653391E-31,1.));
#2494=DIRECTION('center_axis',(-7.14706072102444E-15,1.,8.752624653391E-31));
#2495=DIRECTION('ref_axis',(-0.891721613426965,-6.3731885174124E-15,-0.452584317168868));
#2496=DIRECTION('center_axis',(7.14706072102444E-15,-1.,-8.752624653391E-31));
#2497=DIRECTION('ref_axis',(0.650646827413453,4.65021238346586E-15,0.759380475109025));
#2498=DIRECTION('',(-0.707106781188165,-5.05373510139995E-15,0.707106781184931));
#2499=DIRECTION('center_axis',(-7.14706072102444E-15,1.,8.752624653391E-31));
#2500=DIRECTION('ref_axis',(1.14410390883446E-12,8.17785537006663E-27,-1.));
#2501=DIRECTION('',(-0.707106781186547,-5.05373510138839E-15,-0.707106781186548));
#2502=DIRECTION('center_axis',(7.14706072102444E-15,-1.,-8.752624653391E-31));
#2503=DIRECTION('ref_axis',(-0.242006098783808,-1.72963228286612E-15,0.970274728183437));
#2504=DIRECTION('',(-0.956355486695905,-6.83513073430051E-15,0.292205720455024));
#2505=DIRECTION('center_axis',(7.14706072102444E-15,-1.,-8.752624653391E-31));
#2506=DIRECTION('ref_axis',(0.50939019463368,3.64064265174136E-15,0.860535664345797));
#2507=DIRECTION('',(-0.956355486695905,-6.83513073430051E-15,0.292205720455024));
#2508=DIRECTION('center_axis',(-7.14706072102444E-15,1.,8.752624653391E-31));
#2509=DIRECTION('ref_axis',(0.227679512591089,1.62723930142176E-15,-0.973736124186776));
#2510=DIRECTION('',(0.707106781186524,5.05373510138823E-15,-0.707106781186571));
#2511=DIRECTION('center_axis',(-7.14706072102444E-15,1.,8.752624653391E-31));
#2512=DIRECTION('ref_axis',(0.382683432380408,2.73506172815282E-15,0.923879532504942));
#2513=DIRECTION('',(1.,7.14706072102444E-15,-3.31273153079204E-11));
#2514=DIRECTION('center_axis',(7.14706072102444E-15,-1.,-8.752624653391E-31));
#2515=DIRECTION('ref_axis',(1.,7.14706072102444E-15,3.0008998811627E-31));
#2516=DIRECTION('center_axis',(7.14706072102444E-15,-1.,-8.752624653391E-31));
#2517=DIRECTION('ref_axis',(1.,7.14706072102444E-15,3.0008998811627E-31));
#2518=DIRECTION('center_axis',(7.14706072102444E-15,-1.,-8.752624653391E-31));
#2519=DIRECTION('ref_axis',(1.,7.14706072102444E-15,2.75673217429645E-31));
#2520=DIRECTION('center_axis',(7.14706072102444E-15,-1.,-8.752624653391E-31));
#2521=DIRECTION('ref_axis',(1.,7.14706072102444E-15,2.75673217429645E-31));
#2522=DIRECTION('center_axis',(7.14706072102444E-15,-1.,-8.752624653391E-31));
#2523=DIRECTION('ref_axis',(1.,7.14706072102444E-15,3.0008998811627E-31));
#2524=DIRECTION('center_axis',(0.,1.,0.));
#2525=DIRECTION('ref_axis',(1.,0.,0.));
#2526=DIRECTION('',(0.,1.,0.));
#2527=DIRECTION('center_axis',(7.14706072102444E-15,-1.,-8.752624653391E-31));
#2528=DIRECTION('ref_axis',(1.,0.,0.));
#2529=DIRECTION('center_axis',(-7.14706072102444E-15,1.,8.752624653391E-31));
#2530=DIRECTION('ref_axis',(0.,0.,1.));
#2531=DIRECTION('center_axis',(-1.,-7.14706072102444E-15,0.));
#2532=DIRECTION('ref_axis',(0.,0.,-1.));
#2533=DIRECTION('center_axis',(-7.14706072102444E-15,1.,8.752624653391E-31));
#2534=DIRECTION('ref_axis',(1.,7.13714801544745E-15,3.0008998811627E-31));
#2535=DIRECTION('center_axis',(-7.14706072102444E-15,1.,8.752624653391E-31));
#2536=DIRECTION('ref_axis',(1.,7.13714801544745E-15,3.0008998811627E-31));
#2537=DIRECTION('center_axis',(0.,1.,0.));
#2538=DIRECTION('ref_axis',(1.,0.,0.));
#2539=DIRECTION('',(0.,1.,0.));
#2540=DIRECTION('center_axis',(7.14706072102444E-15,-1.,-8.752624653391E-31));
#2541=DIRECTION('ref_axis',(1.,0.,0.));
#2542=DIRECTION('center_axis',(-7.14706072102444E-15,1.,8.752624653391E-31));
#2543=DIRECTION('ref_axis',(0.,0.,1.));
#2544=DIRECTION('center_axis',(-1.,-7.14706072102444E-15,0.));
#2545=DIRECTION('ref_axis',(0.,0.,-1.));
#2546=DIRECTION('center_axis',(-7.14706072102444E-15,1.,8.752624653391E-31));
#2547=DIRECTION('ref_axis',(1.,7.13714801544746E-15,3.0008998811627E-31));
#2548=DIRECTION('center_axis',(-7.14706072102444E-15,1.,8.752624653391E-31));
#2549=DIRECTION('ref_axis',(1.,7.13714801544746E-15,3.0008998811627E-31));
#2550=DIRECTION('center_axis',(0.,1.,0.));
#2551=DIRECTION('ref_axis',(1.,0.,0.));
#2552=DIRECTION('',(0.,1.,0.));
#2553=DIRECTION('center_axis',(0.,-1.,1.31649051139778E-30));
#2554=DIRECTION('ref_axis',(1.,0.,0.));
#2555=DIRECTION('center_axis',(-7.14706072102444E-15,1.,8.752624653391E-31));
#2556=DIRECTION('ref_axis',(0.,0.,1.));
#2557=DIRECTION('center_axis',(-1.,-7.14706072102444E-15,0.));
#2558=DIRECTION('ref_axis',(0.,0.,-1.));
#2559=DIRECTION('center_axis',(-7.14706072102444E-15,1.,8.752624653391E-31));
#2560=DIRECTION('ref_axis',(1.,7.13714801544746E-15,3.0008998811627E-31));
#2561=DIRECTION('center_axis',(-7.14706072102444E-15,1.,8.752624653391E-31));
#2562=DIRECTION('ref_axis',(1.,7.13714801544746E-15,3.0008998811627E-31));
#2563=DIRECTION('center_axis',(-1.,-7.14706072102444E-15,3.31273153079204E-11));
#2564=DIRECTION('ref_axis',(2.34283963043263E-11,-0.70710678118655,0.707106781186545));
#2565=DIRECTION('center_axis',(-1.,-7.40148683083437E-15,3.31290550548147E-11));
#2566=DIRECTION('ref_axis',(7.40148683083437E-15,-1.,0.));
#2567=DIRECTION('',(-1.,-7.14706072102444E-15,3.31273153079204E-11));
#2568=DIRECTION('center_axis',(-1.,-7.40148683083169E-15,3.31216535679839E-11));
#2569=DIRECTION('ref_axis',(7.40148683083169E-15,-1.,0.));
#2570=DIRECTION('center_axis',(0.,1.,0.));
#2571=DIRECTION('ref_axis',(1.,0.,0.));
#2572=DIRECTION('',(0.,1.,0.));
#2573=DIRECTION('center_axis',(7.14706072102444E-15,-1.,-8.752624653391E-31));
#2574=DIRECTION('ref_axis',(1.,0.,0.));
#2575=DIRECTION('center_axis',(-7.14706072102444E-15,1.,8.752624653391E-31));
#2576=DIRECTION('ref_axis',(0.,0.,1.));
#2577=DIRECTION('center_axis',(-1.,-7.14706072102444E-15,0.));
#2578=DIRECTION('ref_axis',(0.,0.,-1.));
#2579=DIRECTION('center_axis',(-7.14706072102444E-15,1.,8.752624653391E-31));
#2580=DIRECTION('ref_axis',(0.50939019463368,3.6424639915526E-15,0.860535664345797));
#2581=DIRECTION('center_axis',(-7.14706072102444E-15,1.,8.752624653391E-31));
#2582=DIRECTION('ref_axis',(0.50939019463368,3.6424639915526E-15,0.860535664345797));
#2583=DIRECTION('center_axis',(0.,-1.,0.));
#2584=DIRECTION('ref_axis',(1.,0.,0.));
#2585=DIRECTION('center_axis',(0.,-1.,0.));
#2586=DIRECTION('ref_axis',(1.,0.,0.));
#2587=DIRECTION('',(0.,1.,0.));
#2588=DIRECTION('center_axis',(0.,1.,0.));
#2589=DIRECTION('ref_axis',(1.,0.,0.));
#2590=DIRECTION('',(0.,1.,0.));
#2591=DIRECTION('center_axis',(0.,-1.,0.));
#2592=DIRECTION('ref_axis',(1.,0.,0.));
#2593=DIRECTION('',(0.,-1.,0.));
#2594=DIRECTION('center_axis',(-7.14706072102444E-15,1.,8.752624653391E-31));
#2595=DIRECTION('ref_axis',(0.,0.,1.));
#2596=DIRECTION('center_axis',(-1.,-7.14706072102444E-15,0.));
#2597=DIRECTION('ref_axis',(0.,0.,-1.));
#2598=DIRECTION('center_axis',(-7.14706072102444E-15,1.,8.752624653391E-31));
#2599=DIRECTION('ref_axis',(1.,7.13922942344262E-15,2.75673217429645E-31));
#2600=DIRECTION('center_axis',(-7.14706072102444E-15,1.,8.752624653391E-31));
#2601=DIRECTION('ref_axis',(1.,7.13922942344262E-15,2.75673217429645E-31));
#2602=DIRECTION('center_axis',(0.,-1.,0.));
#2603=DIRECTION('ref_axis',(1.,0.,0.));
#2604=DIRECTION('center_axis',(0.,-1.,0.));
#2605=DIRECTION('ref_axis',(1.,0.,0.));
#2606=DIRECTION('',(0.,-1.,0.));
#2607=DIRECTION('center_axis',(-7.14706072102444E-15,1.,8.752624653391E-31));
#2608=DIRECTION('ref_axis',(0.,0.,1.));
#2609=DIRECTION('center_axis',(-1.,-7.14706072102444E-15,8.93899375704634E-17));
#2610=DIRECTION('ref_axis',(-8.93899375704634E-17,0.,-1.));
#2611=DIRECTION('center_axis',(-7.14706072102444E-15,1.,8.752624653391E-31));
#2612=DIRECTION('ref_axis',(1.,7.13922942344262E-15,2.75673217429645E-31));
#2613=DIRECTION('center_axis',(-7.14706072102444E-15,1.,8.752624653391E-31));
#2614=DIRECTION('ref_axis',(1.,7.13922942344262E-15,2.75673217429645E-31));
#2615=DIRECTION('center_axis',(0.,-1.,0.));
#2616=DIRECTION('ref_axis',(1.,0.,0.));
#2617=DIRECTION('center_axis',(0.,-1.,0.));
#2618=DIRECTION('ref_axis',(1.,0.,0.));
#2619=DIRECTION('',(0.,-1.,0.));
#2620=DIRECTION('center_axis',(-7.14706072102444E-15,1.,8.752624653391E-31));
#2621=DIRECTION('ref_axis',(0.227679512591089,1.33226762955019E-15,-0.973736124186776));
#2622=DIRECTION('center_axis',(0.956355486695906,1.4156905080752E-14,-0.292205720455019));
#2623=DIRECTION('ref_axis',(1.48029736616688E-14,-1.,0.));
#2624=DIRECTION('center_axis',(0.956355486695905,6.83513073430051E-15,-0.292205720455024));
#2625=DIRECTION('ref_axis',(-0.206620646435245,-0.707106781186546,-0.676245449867637));
#2626=DIRECTION('center_axis',(0.956355486695905,7.07845254037593E-15,-0.292205720455023));
#2627=DIRECTION('ref_axis',(7.40148683083437E-15,-1.,0.));
#2628=DIRECTION('',(0.956355486695905,6.83513073430051E-15,-0.292205720455024));
#2629=DIRECTION('center_axis',(7.14706072102444E-15,-1.,-8.752624653391E-31));
#2630=DIRECTION('ref_axis',(-0.242006098783809,-1.54465812121761E-15,0.970274728183436));
#2631=DIRECTION('center_axis',(0.707106781186546,5.2336415289459E-15,0.707106781186549));
#2632=DIRECTION('ref_axis',(7.40148683083437E-15,-1.,0.));
#2633=DIRECTION('center_axis',(-7.14706072102444E-15,1.,8.752624653391E-31));
#2634=DIRECTION('ref_axis',(-0.242006098783808,-1.72604985859692E-15,0.970274728183437));
#2635=DIRECTION('center_axis',(0.707106781186547,5.05373510138839E-15,0.707106781186548));
#2636=DIRECTION('ref_axis',(0.500000000000011,-0.707106781186547,-0.49999999999999));
#2637=DIRECTION('center_axis',(0.707106781186548,5.23364152894595E-15,0.707106781186548));
#2638=DIRECTION('ref_axis',(7.40148683083442E-15,-1.,0.));
#2639=DIRECTION('',(0.707106781186547,5.05373510138839E-15,0.707106781186548));
#2640=DIRECTION('center_axis',(-7.14706072102444E-15,1.,8.752624653391E-31));
#2641=DIRECTION('ref_axis',(1.1438627822713E-12,0.,-1.));
#2642=DIRECTION('center_axis',(0.707106781188167,5.2336415289579E-15,-0.707106781184928));
#2643=DIRECTION('ref_axis',(7.40148683083437E-15,-1.,0.));
#2644=DIRECTION('center_axis',(7.14706072102444E-15,-1.,-8.752624653391E-31));
#2645=DIRECTION('ref_axis',(1.14410390883446E-12,0.,-1.));
#2646=DIRECTION('center_axis',(0.707106781188165,5.05373510139995E-15,-0.707106781184931));
#2647=DIRECTION('ref_axis',(-0.499999999998855,-0.707106781186553,-0.500000000001137));
#2648=DIRECTION('center_axis',(0.707106781188165,5.23364152895788E-15,-0.70710678118493));
#2649=DIRECTION('ref_axis',(7.40148683083437E-15,-1.,0.));
#2650=DIRECTION('',(0.707106781188165,5.05373510139995E-15,-0.707106781184931));
#2651=DIRECTION('center_axis',(-7.14706072102444E-15,1.,8.752624653391E-31));
#2652=DIRECTION('ref_axis',(0.,0.,1.));
#2653=DIRECTION('center_axis',(0.807158435035128,5.97417252730792E-15,-0.59033487170558));
#2654=DIRECTION('ref_axis',(7.40148683083256E-15,-1.,0.));
#2655=DIRECTION('center_axis',(-7.14706072102444E-15,1.,8.752624653391E-31));
#2656=DIRECTION('ref_axis',(0.650646827413453,4.64905891561784E-15,0.759380475109025));
#2657=DIRECTION('center_axis',(-7.14706072102444E-15,1.,8.752624653391E-31));
#2658=DIRECTION('ref_axis',(0.,0.,1.));
#2659=DIRECTION('center_axis',(-1.85037170770854E-15,0.,-1.));
#2660=DIRECTION('ref_axis',(0.,-1.,0.));
#2661=DIRECTION('center_axis',(7.14706072102444E-15,-1.,-8.752624653391E-31));
#2662=DIRECTION('ref_axis',(-0.891721613426965,-6.37510877421477E-15,-0.452584317168868));
#2663=DIRECTION('center_axis',(0.,-8.752624653391E-31,1.));
#2664=DIRECTION('ref_axis',(-0.707106781186542,-0.707106781186553,0.));
#2665=DIRECTION('center_axis',(4.62592926927148E-16,3.42387545668841E-30,
-1.));
#2666=DIRECTION('ref_axis',(7.40148683083437E-15,-1.,0.));
#2667=DIRECTION('',(0.,8.752624653391E-31,-1.));
#2668=DIRECTION('center_axis',(-7.14706072102444E-15,1.,8.752624653391E-31));
#2669=DIRECTION('ref_axis',(0.,0.,1.));
#2670=DIRECTION('center_axis',(7.14706072102444E-15,-1.,-8.752624653391E-31));
#2671=DIRECTION('ref_axis',(-0.707106781174836,-5.05671893247239E-15,0.707106781198259));
#2672=DIRECTION('center_axis',(-7.14706072102444E-15,1.,8.752624653391E-31));
#2673=DIRECTION('ref_axis',(0.,0.,1.));
#2674=DIRECTION('center_axis',(-0.707106781186523,-5.2336415289457E-15,
0.707106781186572));
#2675=DIRECTION('ref_axis',(7.40148683083432E-15,-1.,0.));
#2676=DIRECTION('center_axis',(7.14706072102444E-15,-1.,-8.752624653391E-31));
#2677=DIRECTION('ref_axis',(0.382683432380408,2.73218947466347E-15,0.923879532504942));
#2678=DIRECTION('center_axis',(-0.707106781186524,-5.05373510138823E-15,
0.707106781186571));
#2679=DIRECTION('ref_axis',(0.500000000000026,-0.70710678118654,0.499999999999984));
#2680=DIRECTION('center_axis',(3.49676543187427E-15,-1.,3.49676543189026E-15));
#2681=DIRECTION('ref_axis',(-0.891721613426965,-4.9801328482259E-15,-0.452584317168868));
#2682=DIRECTION('',(0.,1.,-3.49676543189026E-15));
#2683=DIRECTION('center_axis',(7.14706072102444E-15,-1.,-8.752624653391E-31));
#2684=DIRECTION('ref_axis',(-0.891721613426965,-4.9801328482259E-15,-0.452584317168868));
#2685=DIRECTION('',(3.49676543187427E-15,-1.,3.49676543189026E-15));
#2686=DIRECTION('center_axis',(-1.,0.,0.));
#2687=DIRECTION('ref_axis',(0.,0.,1.));
#2688=DIRECTION('',(0.,-1.,2.3167690204013E-25));
#2689=DIRECTION('',(0.,-1.31649051139778E-30,-1.));
#2690=DIRECTION('',(0.,1.,-1.29406316473263E-30));
#2691=DIRECTION('',(0.,8.752624653391E-31,-1.));
#2692=DIRECTION('center_axis',(0.,1.,-2.3167690204013E-25));
#2693=DIRECTION('ref_axis',(-0.707106781174835,0.,0.70710678119826));
#2694=DIRECTION('',(0.,1.,-2.3167690204013E-25));
#2695=DIRECTION('center_axis',(7.14706072102444E-15,-1.,-8.752624653391E-31));
#2696=DIRECTION('ref_axis',(-0.707106781174835,0.,0.70710678119826));
#2697=DIRECTION('',(0.,-1.,2.3167690204013E-25));
#2698=DIRECTION('center_axis',(0.,-1.,1.31649051139778E-30));
#2699=DIRECTION('ref_axis',(-0.707106781174835,0.,0.70710678119826));
#2700=DIRECTION('center_axis',(3.31273153079204E-11,2.3167690204013E-25,
1.));
#2701=DIRECTION('ref_axis',(-1.,-7.14706072102444E-15,3.31273153079204E-11));
#2702=DIRECTION('',(6.99353086378052E-15,-1.,-4.59177480789956E-41));
#2703=DIRECTION('',(-1.,0.,0.));
#2704=DIRECTION('center_axis',(6.99353086378052E-15,-1.,0.));
#2705=DIRECTION('ref_axis',(0.382683432380408,3.00424185607766E-15,0.923879532504942));
#2706=DIRECTION('center_axis',(7.14706072102444E-15,-1.,-8.752624653391E-31));
#2707=DIRECTION('ref_axis',(0.382683432380408,3.00424185607766E-15,0.923879532504942));
#2708=DIRECTION('center_axis',(0.707106781186524,1.01074702027765E-14,-0.707106781186571));
#2709=DIRECTION('ref_axis',(0.500000000000015,0.707106781186548,0.499999999999984));
#2710=DIRECTION('center_axis',(-0.707106781186524,1.68014215033801E-30,
0.707106781186571));
#2711=DIRECTION('ref_axis',(0.500000000000015,0.707106781186548,0.499999999999984));
#2712=DIRECTION('',(0.707106781186524,1.01074702027765E-14,-0.707106781186571));
#2713=DIRECTION('',(-0.707106781186524,-1.01074702027765E-14,0.707106781186571));
#2714=DIRECTION('center_axis',(-1.42941214420489E-14,1.,8.06518841578962E-31));
#2715=DIRECTION('ref_axis',(0.,-8.06518841578962E-31,1.));
#2716=DIRECTION('',(-0.707106781186571,-1.01074702027771E-14,-0.707106781186524));
#2717=DIRECTION('center_axis',(-1.42941214420489E-14,1.,8.06518841578962E-31));
#2718=DIRECTION('ref_axis',(0.382683432380408,2.70381767046989E-15,0.923879532504942));
#2719=DIRECTION('',(-1.,-1.42941214420489E-14,3.31273153079204E-11));
#2720=DIRECTION('center_axis',(-1.42941214420489E-14,1.,8.06518841578962E-31));
#2721=DIRECTION('ref_axis',(-0.707106781174835,0.,0.70710678119826));
#2722=DIRECTION('',(-1.,0.,0.));
#2723=DIRECTION('center_axis',(-1.42941214420489E-14,1.,8.06518841578962E-31));
#2724=DIRECTION('ref_axis',(9.25658236223652E-45,6.47361944434275E-59,1.));
#2725=DIRECTION('',(-1.,-1.42941214420489E-14,9.24874801518515E-45));
#2726=DIRECTION('',(0.,-8.06518841578962E-31,1.));
#2727=DIRECTION('center_axis',(-1.42941214420489E-14,1.,8.06518841578962E-31));
#2728=DIRECTION('ref_axis',(-0.891721613426965,-8.4039741813812E-15,-0.452584317168868));
#2729=DIRECTION('center_axis',(1.42941214420489E-14,-1.,-8.06518841578962E-31));
#2730=DIRECTION('ref_axis',(0.180669743411159,-2.77555756156289E-15,0.983543818960674));
#2731=DIRECTION('center_axis',(-1.42941214420489E-14,1.,8.06518841578962E-31));
#2732=DIRECTION('ref_axis',(1.,6.99353086378051E-15,0.));
#2733=DIRECTION('center_axis',(-1.42941214420489E-14,1.,8.06518841578962E-31));
#2734=DIRECTION('ref_axis',(1.,6.99353086378051E-15,0.));
#2735=DIRECTION('center_axis',(-1.42941214420489E-14,1.,8.06518841578962E-31));
#2736=DIRECTION('ref_axis',(1.,6.99353086378051E-15,0.));
#2737=DIRECTION('center_axis',(-0.707106781186524,-5.05373510138823E-15,
0.707106781186571));
#2738=DIRECTION('ref_axis',(0.500000000000022,-0.707106781186543,0.499999999999985));
#2739=DIRECTION('center_axis',(-0.707106781186524,1.68014215033801E-30,
0.707106781186571));
#2740=DIRECTION('ref_axis',(0.500000000000022,-0.707106781186543,0.499999999999985));
#2741=DIRECTION('',(0.707106781186524,5.05373510138823E-15,-0.707106781186571));
#2742=DIRECTION('',(-0.707106781186524,-5.05373510138823E-15,0.707106781186571));
#2743=DIRECTION('center_axis',(-0.707106781186571,-1.6801421503379E-30,
-0.707106781186524));
#2744=DIRECTION('ref_axis',(-0.707106781186524,-2.91433133995906E-31,0.707106781186571));
#2745=DIRECTION('',(6.55643518479421E-15,-1.,0.));
#2746=DIRECTION('center_axis',(-3.49676543187427E-15,1.,-3.49676543189026E-15));
#2747=DIRECTION('ref_axis',(0.180669743411157,3.88578058618805E-15,0.983543818960674));
#2748=DIRECTION('center_axis',(-7.14706072102444E-15,1.,8.752624653391E-31));
#2749=DIRECTION('ref_axis',(0.180669743411157,3.88578058618805E-15,0.983543818960674));
#2750=DIRECTION('',(3.49676543187427E-15,-1.,3.49676543189026E-15));
#2751=DIRECTION('center_axis',(7.14706072102444E-15,-1.,-8.752624653391E-31));
#2752=DIRECTION('ref_axis',(1.,7.14706072102444E-15,5.343781785202E-24));
#2753=DIRECTION('',(-0.956355486695905,-6.83513073430051E-15,0.292205720455024));
#2754=DIRECTION('center_axis',(-7.14706072102444E-15,1.,8.752624653391E-31));
#2755=DIRECTION('ref_axis',(-0.242006098783809,-1.29515572939619E-15,0.970274728183436));
#2756=DIRECTION('',(-0.707106781186547,-5.05373510138839E-15,-0.707106781186548));
#2757=DIRECTION('center_axis',(7.14706072102444E-15,-1.,-8.752624653391E-31));
#2758=DIRECTION('ref_axis',(1.14332170225649E-12,0.,-1.));
#2759=DIRECTION('',(-0.707106781188165,-5.05373510139995E-15,0.707106781184931));
#2760=DIRECTION('',(-1.,0.,0.));
#2761=DIRECTION('center_axis',(7.14706072102444E-15,-1.,-8.752624653391E-31));
#2762=DIRECTION('ref_axis',(0.,1.29406316473263E-30,1.));
#2763=DIRECTION('',(-1.,-7.14706072102444E-15,9.24874801518515E-45));
#2764=DIRECTION('',(0.707106781186571,5.05373510138856E-15,0.707106781186524));
#2765=DIRECTION('center_axis',(7.14706072102444E-15,-1.,-8.752624653391E-31));
#2766=DIRECTION('ref_axis',(1.,6.99353086378051E-15,0.));
#2767=DIRECTION('center_axis',(7.14706072102444E-15,-1.,-8.752624653391E-31));
#2768=DIRECTION('ref_axis',(1.,7.1392294234426E-15,0.));
#2769=DIRECTION('center_axis',(7.14706072102444E-15,-1.,-8.752624653391E-31));
#2770=DIRECTION('ref_axis',(1.,6.99353086378051E-15,0.));
#2771=DIRECTION('center_axis',(1.22386790116399E-14,-1.,-5.24514814783539E-15));
#2772=DIRECTION('ref_axis',(-0.891721613426965,-8.4039741813812E-15,-0.452584317168868));
#2773=DIRECTION('',(1.22386790116399E-14,-1.,-5.24514814783539E-15));
#2774=DIRECTION('',(0.,1.,5.24514814783539E-15));
#2775=DIRECTION('center_axis',(-1.,0.,0.));
#2776=DIRECTION('ref_axis',(0.,0.,1.));
#2777=DIRECTION('',(-1.74838271594513E-14,1.,0.));
#2778=DIRECTION('',(0.,1.29659981408888E-45,1.));
#2779=DIRECTION('',(0.,-1.,2.3167690204013E-25));
#2780=DIRECTION('center_axis',(6.99353086378052E-15,-1.,0.));
#2781=DIRECTION('ref_axis',(-0.242006098783809,-1.29515572939619E-15,0.970274728183436));
#2782=DIRECTION('',(-6.99353086378052E-15,1.,0.));
#2783=DIRECTION('',(6.99353086378052E-15,-1.,0.));
#2784=DIRECTION('center_axis',(-0.292205720455024,-2.04354972457543E-15,
-0.956355486695905));
#2785=DIRECTION('ref_axis',(0.956355486695905,6.83513073430051E-15,-0.292205720455024));
#2786=DIRECTION('center_axis',(6.99353086378052E-15,-1.,3.94430452610506E-31));
#2787=DIRECTION('ref_axis',(1.14332170225649E-12,0.,-1.));
#2788=DIRECTION('',(-6.99353086378052E-15,1.,-1.97215226304351E-31));
#2789=DIRECTION('',(6.99353086378052E-15,-1.,7.55024121799989E-31));
#2790=DIRECTION('center_axis',(0.707106781186548,4.94517309821662E-15,-0.707106781186547));
#2791=DIRECTION('ref_axis',(0.707106781186547,5.05373510138839E-15,0.707106781186548));
#2792=DIRECTION('center_axis',(0.,1.,-1.31649051139778E-30));
#2793=DIRECTION('ref_axis',(-1.,0.,0.));
#2794=DIRECTION('',(-1.,0.,0.));
#2795=DIRECTION('center_axis',(0.,-1.,0.));
#2796=DIRECTION('ref_axis',(0.,0.,1.));
#2797=DIRECTION('',(1.,0.,0.));
#2798=DIRECTION('center_axis',(0.,1.29406316473263E-30,1.));
#2799=DIRECTION('ref_axis',(-1.,0.,0.));
#2800=DIRECTION('',(0.,-1.,1.29406316473263E-30));
#2801=DIRECTION('center_axis',(-1.22386790116399E-14,1.,5.24514814783539E-15));
#2802=DIRECTION('ref_axis',(0.180669743411159,-2.77555756156289E-15,0.983543818960674));
#2803=DIRECTION('center_axis',(-6.99353086378052E-15,1.,1.6234375522274E-40));
#2804=DIRECTION('ref_axis',(0.382683432380408,2.70381767046989E-15,0.923879532504942));
#2805=DIRECTION('',(6.99353086378052E-15,-1.,-1.83670992315982E-40));
#2806=DIRECTION('center_axis',(3.31273153079204E-11,2.3167690204013E-25,
1.));
#2807=DIRECTION('ref_axis',(1.,1.42941214420489E-14,-3.31273153079204E-11));
#2808=DIRECTION('',(0.,1.,-2.3167690204013E-25));
#2809=DIRECTION('center_axis',(0.,1.,-2.3167690204013E-25));
#2810=DIRECTION('ref_axis',(-0.707106781174835,0.,0.70710678119826));
#2811=DIRECTION('center_axis',(-3.15544362088405E-30,1.,-1.29659981408888E-45));
#2812=DIRECTION('ref_axis',(-0.707106781174835,0.,0.70710678119826));
#2813=DIRECTION('',(0.,-1.,2.3167690204013E-25));
#2814=DIRECTION('center_axis',(-0.707106781186524,1.68014215033801E-30,
0.707106781186571));
#2815=DIRECTION('ref_axis',(0.707106781186571,0.,0.707106781186524));
#2816=DIRECTION('center_axis',(0.,-1.29406316473263E-30,-1.));
#2817=DIRECTION('ref_axis',(1.,0.,0.));
#2818=DIRECTION('',(0.,-1.,1.29406316473263E-30));
#2819=DIRECTION('center_axis',(-9.24874801518515E-45,-6.46814046955261E-59,
-1.));
#2820=DIRECTION('ref_axis',(-1.,-1.42941214420489E-14,9.24874801518515E-45));
#2821=DIRECTION('',(1.,3.15544362088405E-30,-9.24874801518515E-45));
#2822=DIRECTION('',(-6.99353086378051E-15,1.,0.));
#2823=DIRECTION('center_axis',(0.,1.,0.));
#2824=DIRECTION('ref_axis',(-1.,0.,0.));
#2825=DIRECTION('center_axis',(0.,1.,0.));
#2826=DIRECTION('ref_axis',(1.,6.99353086378051E-15,0.));
#2827=DIRECTION('center_axis',(0.,1.,0.));
#2828=DIRECTION('ref_axis',(-1.,0.,0.));
#2829=DIRECTION('center_axis',(0.,1.,0.));
#2830=DIRECTION('ref_axis',(1.,6.99353086378051E-15,0.));
#2831=DIRECTION('center_axis',(0.,1.,0.));
#2832=DIRECTION('ref_axis',(-1.,0.,0.));
#2833=DIRECTION('center_axis',(0.,1.,0.));
#2834=DIRECTION('ref_axis',(1.,6.99353086378051E-15,0.));
#2835=DIRECTION('center_axis',(-3.15544362088405E-30,1.,-1.29659981408888E-45));
#2836=DIRECTION('ref_axis',(-1.,-3.15544362088405E-30,0.));
#2837=DIRECTION('',(-1.,-3.15544362088405E-30,9.24874801518515E-45));
#2838=DIRECTION('center_axis',(-3.15544362088405E-30,1.,-1.29659981408888E-45));
#2839=DIRECTION('ref_axis',(9.25658236223652E-45,6.47361944434275E-59,1.));
#2840=DIRECTION('center_axis',(-6.99353086378051E-15,1.,0.));
#2841=DIRECTION('ref_axis',(1.,6.99353086378051E-15,0.));
#2842=DIRECTION('',(6.99353086378051E-15,-1.,0.));
#2843=DIRECTION('center_axis',(-6.99353086378051E-15,1.,0.));
#2844=DIRECTION('ref_axis',(1.,6.99353086378051E-15,0.));
#2845=DIRECTION('',(6.99353086378051E-15,-1.,0.));
#2846=DIRECTION('center_axis',(-6.99353086378051E-15,1.,0.));
#2847=DIRECTION('ref_axis',(1.,6.99353086378051E-15,0.));
#2848=DIRECTION('',(6.99353086378051E-15,-1.,0.));
#2849=DIRECTION('center_axis',(9.24874801518515E-45,6.46814046955261E-59,
1.));
#2850=DIRECTION('ref_axis',(1.,1.42941214420489E-14,-9.24874801518515E-45));
#2851=DIRECTION('',(-6.99353086378051E-15,1.,0.));
#2852=DIRECTION('center_axis',(-6.99353086378051E-15,1.,0.));
#2853=DIRECTION('ref_axis',(9.25658236223652E-45,6.47361944434275E-59,1.));
#2854=DIRECTION('center_axis',(0.,1.,0.));
#2855=DIRECTION('ref_axis',(0.173024388185894,0.,0.984917540250399));
#2856=DIRECTION('center_axis',(0.,-1.,0.));
#2857=DIRECTION('ref_axis',(0.210378180082831,0.,0.977620080268933));
#2858=DIRECTION('center_axis',(1.70615219362046E-31,1.,9.59412126233781E-32));
#2859=DIRECTION('ref_axis',(0.173024388185894,-1.24014777090978E-31,0.984917540250399));
#2860=DIRECTION('center_axis',(-1.70615219362046E-31,-1.,-9.5941212623378E-32));
#2861=DIRECTION('ref_axis',(1.,-1.70615219362046E-31,0.));
#2862=DIRECTION('center_axis',(0.,-1.,1.29406316473263E-30));
#2863=DIRECTION('ref_axis',(0.,1.29406316473263E-30,1.));
#2864=DIRECTION('center_axis',(-6.99353086378051E-15,1.,0.));
#2865=DIRECTION('ref_axis',(1.,6.99353086378051E-15,0.));
#2866=DIRECTION('center_axis',(0.,1.,0.));
#2867=DIRECTION('ref_axis',(1.,0.,0.));
#2868=DIRECTION('',(-6.99353086378051E-15,1.,0.));
#2869=DIRECTION('center_axis',(-7.1392294234426E-15,1.,0.));
#2870=DIRECTION('ref_axis',(1.,7.1392294234426E-15,0.));
#2871=DIRECTION('center_axis',(0.,1.,0.));
#2872=DIRECTION('ref_axis',(1.,0.,0.));
#2873=DIRECTION('',(-7.1392294234426E-15,1.,0.));
#2874=DIRECTION('center_axis',(-6.99353086378051E-15,1.,0.));
#2875=DIRECTION('ref_axis',(1.,6.99353086378051E-15,0.));
#2876=DIRECTION('center_axis',(0.,1.,0.));
#2877=DIRECTION('ref_axis',(1.,0.,0.));
#2878=DIRECTION('',(-6.99353086378051E-15,1.,0.));
#2879=DIRECTION('center_axis',(0.,-1.,0.));
#2880=DIRECTION('ref_axis',(1.,0.,0.));
#2881=DIRECTION('center_axis',(0.,-1.,0.));
#2882=DIRECTION('ref_axis',(1.,0.,0.));
#2883=DIRECTION('center_axis',(0.,-1.,0.));
#2884=DIRECTION('ref_axis',(1.,0.,0.));
#2885=DIRECTION('center_axis',(-0.707106781184931,-4.94517309820531E-15,
-0.707106781188165));
#2886=DIRECTION('ref_axis',(0.707106781188165,5.05373510139995E-15,-0.707106781184931));
#2887=CARTESIAN_POINT('',(0.,0.,0.));
#2888=CARTESIAN_POINT('Origin',(-2.02405486417889,12.8100000000004,-37.9716341492897));
#2889=CARTESIAN_POINT('',(-2.0240548641789,13.4100000000003,-35.4666341492897));
#2890=CARTESIAN_POINT('Origin',(-2.0240548641789,13.4100000000003,-37.9716341492897));
#2891=CARTESIAN_POINT('',(-2.02405486417889,12.8100000000004,-36.0666341492897));
#2892=CARTESIAN_POINT('Origin',(-2.02405486417889,12.8100000000004,-35.4666341492897));
#2893=CARTESIAN_POINT('',(-0.119054864178894,12.8100000000004,-37.9716341492897));
#2894=CARTESIAN_POINT('Origin',(-2.02405486417889,12.8100000000004,-37.9716341492897));
#2895=CARTESIAN_POINT('Origin',(-2.02405486417889,12.8100000000004,-37.9716341492897));
#2896=CARTESIAN_POINT('Origin',(1.78745597065319,13.4100000000004,-21.5697875426625));
#2897=CARTESIAN_POINT('',(28.2097131425017,13.4100000000008,-42.7320419335819));
#2898=CARTESIAN_POINT('',(29.7603949501564,13.4100000000008,-38.2597059349765));
#2899=CARTESIAN_POINT('Origin',(29.7603949501564,13.4100000000008,-40.7647059349765));
#2900=CARTESIAN_POINT('',(21.8789224287975,13.4100000000007,-40.7977264125416));
#2901=CARTESIAN_POINT('',(17.3529409312966,13.4100000000006,-39.4148539319199));
#2902=CARTESIAN_POINT('',(13.28483491468,13.4100000000006,-42.9412652799221));
#2903=CARTESIAN_POINT('Origin',(19.3659532328843,13.4100000000007,-49.0223835981264));
#2904=CARTESIAN_POINT('',(9.76764342725867,13.4100000000005,-46.4584567673434));
#2905=CARTESIAN_POINT('',(17.4525160292855,13.4100000000006,-38.7735841653165));
#2906=CARTESIAN_POINT('',(-0.697536934290273,13.4100000000004,-46.4584567673554));
#2907=CARTESIAN_POINT('Origin',(4.53505324647821,13.4100000000004,-41.225866586563));
#2908=CARTESIAN_POINT('',(-31.8991253339897,13.4099999999999,-15.2568683677986));
#2909=CARTESIAN_POINT('',(-3.4700288894786,13.4100000000003,-43.6859648121797));
#2910=CARTESIAN_POINT('',(-32.9033637555121,13.4099999999999,-14.3964241447148));
#2911=CARTESIAN_POINT('Origin',(-37.9802436521801,13.4099999999998,-21.3379866860169));
#2912=CARTESIAN_POINT('',(-35.9348857048908,13.4099999999999,-8.42345172545481));
#2913=CARTESIAN_POINT('Origin',(-28.5348857048908,13.41,-8.42345172545481));
#2914=CARTESIAN_POINT('',(-35.9348857048908,13.4099999999999,1.39999999996056));
#2915=CARTESIAN_POINT('',(-35.9348857048908,13.4099999999999,-12.9742895121567));
#2916=CARTESIAN_POINT('',(-28.5348857046457,13.41,8.79999999996056));
#2917=CARTESIAN_POINT('Origin',(-28.5348857048908,13.41,1.39999999996056));
#2918=CARTESIAN_POINT('',(-27.010792261418,13.41,8.79999999991007));
#2919=CARTESIAN_POINT('',(-17.1357148666259,13.4100000000001,8.79999999958294));
#2920=CARTESIAN_POINT('',(-23.9892077384629,13.41,8.79999999980997));
#2921=CARTESIAN_POINT('Origin',(-25.5000000000001,13.41,6.9999981269));
#2922=CARTESIAN_POINT('',(-15.7091866587062,13.4100000000001,8.79999999953568));
#2923=CARTESIAN_POINT('',(-17.1357148666259,13.4100000000001,8.79999999958294));
#2924=CARTESIAN_POINT('',(-10.4765964781707,13.4100000000002,6.63259018031598));
#2925=CARTESIAN_POINT('Origin',(-15.7091866589513,13.4100000000001,1.39999999953568));
#2926=CARTESIAN_POINT('',(38.7542453315501,13.4100000000009,-42.5982516294081));
#2927=CARTESIAN_POINT('',(24.4830760926078,13.4100000000007,-28.3270823904649));
#2928=CARTESIAN_POINT('',(31.9838065244262,13.4100000000008,-43.8851818392668));
#2929=CARTESIAN_POINT('Origin',(34.1461288557934,13.4100000000009,-36.8081512377171));
#2930=CARTESIAN_POINT('',(29.9467152596949,13.4100000000008,-43.2627671316355));
#2931=CARTESIAN_POINT('',(17.3529409312966,13.4100000000006,-39.4148539319199));
#2932=CARTESIAN_POINT('Origin',(29.7603949501564,13.4100000000008,-40.7647059349765));
#2933=CARTESIAN_POINT('',(12.4716341501453,13.4100000000006,-20.9709451349654));
#2934=CARTESIAN_POINT('Origin',(12.4716341501453,13.4100000000006,-23.4759451349654));
#2935=CARTESIAN_POINT('',(-25.5000000000001,13.41,-4.6499981269));
#2936=CARTESIAN_POINT('Origin',(-25.5000000000001,13.41,-6.9999981269));
#2937=CARTESIAN_POINT('',(-18.5000018731001,13.4100000000001,2.35));
#2938=CARTESIAN_POINT('Origin',(-18.5000018731001,13.4100000000001,-8.57252530014564E-16));
#2939=CARTESIAN_POINT('',(-32.4999981268999,13.4099999999999,2.35));
#2940=CARTESIAN_POINT('Origin',(-32.4999981268999,13.4099999999999,-8.57252530014575E-16));
#2941=CARTESIAN_POINT('Origin',(-2.02405486417889,13.4100000000004,-37.9716341492897));
#2942=CARTESIAN_POINT('',(-0.119054864178894,10.8700000000004,-37.9716341492897));
#2943=CARTESIAN_POINT('',(-0.119054864178894,13.4100000000004,-37.9716341492897));
#2944=CARTESIAN_POINT('Origin',(-2.02405486417889,10.8700000000004,-37.9716341492897));
#2945=CARTESIAN_POINT('Origin',(12.4716341501453,12.8100000000004,-23.4759451349654));
#2946=CARTESIAN_POINT('',(12.4716341501453,12.8100000000004,-21.5709451349654));
#2947=CARTESIAN_POINT('Origin',(12.4716341501453,12.8100000000004,-20.9709451349654));
#2948=CARTESIAN_POINT('',(14.3766341501453,12.8100000000004,-23.4759451349654));
#2949=CARTESIAN_POINT('Origin',(12.4716341501453,12.8100000000004,-23.4759451349654));
#2950=CARTESIAN_POINT('Origin',(12.4716341501453,12.8100000000004,-23.4759451349654));
#2951=CARTESIAN_POINT('Origin',(12.4716341501453,13.4100000000004,-23.4759451349654));
#2952=CARTESIAN_POINT('',(14.3766341501453,10.8700000000004,-23.4759451349654));
#2953=CARTESIAN_POINT('',(14.3766341501453,13.4100000000004,-23.4759451349654));
#2954=CARTESIAN_POINT('Origin',(12.4716341501453,10.8700000000004,-23.4759451349654));
#2955=CARTESIAN_POINT('Origin',(29.7603949501564,12.8100000000004,-40.7647059349765));
#2956=CARTESIAN_POINT('Ctrl Pts',(29.9467152596949,13.4100000000004,-43.2627671316355));
#2957=CARTESIAN_POINT('Ctrl Pts',(29.9423714168529,13.4100000000004,-43.2622827896643));
#2958=CARTESIAN_POINT('Ctrl Pts',(29.9380282465107,13.40999837563,-43.2617928664684));
#2959=CARTESIAN_POINT('Ctrl Pts',(29.8023242771159,13.4098989274228,-43.2463079935547));
#2960=CARTESIAN_POINT('Ctrl Pts',(29.671590771164,13.4084358661787,-43.2262061277796));
#2961=CARTESIAN_POINT('Ctrl Pts',(29.3768712899296,13.4053651810867,-43.1685880893582));
#2962=CARTESIAN_POINT('Ctrl Pts',(29.2141277855078,13.4039193254718,-43.1280247810097));
#2963=CARTESIAN_POINT('Ctrl Pts',(28.8925060360063,13.4039193254718,-43.0297561807513));
#2964=CARTESIAN_POINT('Ctrl Pts',(28.7348829345111,13.4053651810867,-42.9724343865474));
#2965=CARTESIAN_POINT('Ctrl Pts',(28.4582892027097,13.4084358661788,-42.855492869088));
#2966=CARTESIAN_POINT('Ctrl Pts',(28.3386458089077,13.4098989274228,-42.7990943504384));
#2967=CARTESIAN_POINT('Ctrl Pts',(28.2174612103895,13.40999837563,-42.73608925795));
#2968=CARTESIAN_POINT('Ctrl Pts',(28.213585895597,13.4100000000004,-42.7340680977668));
#2969=CARTESIAN_POINT('Ctrl Pts',(28.2097131425017,13.4100000000004,-42.7320419335819));
#2970=CARTESIAN_POINT('',(29.7603949501564,12.8100000000004,-38.8597059349765));
#2971=CARTESIAN_POINT('Origin',(29.7603949501564,12.8100000000004,-38.2597059349765));
#2972=CARTESIAN_POINT('',(31.6653949501564,12.8100000000004,-40.7647059349765));
#2973=CARTESIAN_POINT('Origin',(29.7603949501564,12.8100000000004,-40.7647059349765));
#2974=CARTESIAN_POINT('Origin',(29.7603949501564,12.8100000000004,-40.7647059349765));
#2975=CARTESIAN_POINT('Origin',(17.3529409312966,12.8100000000006,-39.4148539319199));
#2976=CARTESIAN_POINT('',(31.8084830921532,12.8100000000008,-44.4589951312844));
#2977=CARTESIAN_POINT('Origin',(31.9838065244262,12.8100000000008,-43.8851818392668));
#2978=CARTESIAN_POINT('',(21.7035989965245,12.8100000000006,-41.3715397045592));
#2979=CARTESIAN_POINT('',(17.1776174990236,12.8100000000006,-39.9886672239374));
#2980=CARTESIAN_POINT('Origin',(21.8789224287975,12.8100000000006,-40.7977264125416));
#2981=CARTESIAN_POINT('Origin',(29.7603949501564,13.4100000000004,-40.7647059349765));
#2982=CARTESIAN_POINT('',(31.6653949501564,10.8700000000004,-40.7647059349765));
#2983=CARTESIAN_POINT('',(31.6653949501564,13.4100000000004,-40.7647059349765));
#2984=CARTESIAN_POINT('Origin',(29.7603949501564,10.8700000000004,-40.7647059349765));
#2985=CARTESIAN_POINT('Origin',(-32.4999981268999,12.8100000000004,-8.57252530014576E-16));
#2986=CARTESIAN_POINT('',(-32.4999981268999,12.8100000000004,1.75));
#2987=CARTESIAN_POINT('Origin',(-32.4999981268999,12.8100000000004,2.35));
#2988=CARTESIAN_POINT('',(-30.7499981268999,12.8100000000004,-6.42939340163788E-16));
#2989=CARTESIAN_POINT('Origin',(-32.4999981268999,12.8100000000004,-8.57252530014576E-16));
#2990=CARTESIAN_POINT('Origin',(-32.4999981268999,12.8100000000004,-8.57252530014576E-16));
#2991=CARTESIAN_POINT('Origin',(-32.4999981268999,13.4100000000004,-8.57252530014576E-16));
#2992=CARTESIAN_POINT('',(-30.7499981268999,11.8860000000004,-1.07156571986536E-15));
#2993=CARTESIAN_POINT('',(-30.7499981268999,13.4100000000004,-6.42939340163789E-16));
#2994=CARTESIAN_POINT('Origin',(-32.4999981268999,11.8860000000004,-8.57252530014576E-16));
#2995=CARTESIAN_POINT('Origin',(-25.5000000000001,12.8100000000004,6.9999981269));
#2996=CARTESIAN_POINT('',(-25.5000000000046,13.3432687081232,9.07499906337963));
#2997=CARTESIAN_POINT('Ctrl Pts',(-27.010792261418,13.4100000000004,8.79999999991007));
#2998=CARTESIAN_POINT('Ctrl Pts',(-27.0082997052086,13.4100000000004,8.80090740543596));
#2999=CARTESIAN_POINT('Ctrl Pts',(-27.0058063807996,13.4099979414991,8.80181284489573));
#3000=CARTESIAN_POINT('Ctrl Pts',(-26.9770181450502,13.4099507304546,8.81224120456175));
#3001=CARTESIAN_POINT('Ctrl Pts',(-26.9506403355776,13.4096818778923,8.82154642787679));
#3002=CARTESIAN_POINT('Ctrl Pts',(-26.6553511442299,13.4045030263204,8.92288331132927));
#3003=CARTESIAN_POINT('Ctrl Pts',(-26.3791216629127,13.3802780884064,8.99168564318313));
#3004=CARTESIAN_POINT('Ctrl Pts',(-25.8974252410065,13.3513015856334,9.06062006600058));
#3005=CARTESIAN_POINT('Ctrl Pts',(-25.7002534805842,13.3432687081251,9.07499906338251));
#3006=CARTESIAN_POINT('Ctrl Pts',(-25.5000000000092,13.3432687081232,9.07499906337963));
#3007=CARTESIAN_POINT('',(-25.5000000000001,12.8100000000004,8.7499981269));
#3008=CARTESIAN_POINT('Origin',(-25.5000000000001,12.8100000000004,9.3499981269));
#3009=CARTESIAN_POINT('',(-23.7500000000001,12.8100000000004,6.9999981269));
#3010=CARTESIAN_POINT('Origin',(-25.5000000000001,12.8100000000004,6.9999981269));
#3011=CARTESIAN_POINT('Origin',(-25.5000000000001,12.8100000000004,6.9999981269));
#3012=CARTESIAN_POINT('Ctrl Pts',(-25.5000000000092,13.3432687081232,9.07499906337963));
#3013=CARTESIAN_POINT('Ctrl Pts',(-25.2997465194469,13.3432687081212,9.07499906337675));
#3014=CARTESIAN_POINT('Ctrl Pts',(-25.102574759038,13.3513015856247,9.06062006599108));
#3015=CARTESIAN_POINT('Ctrl Pts',(-24.6208783371893,13.3802780883892,8.99168564317149));
#3016=CARTESIAN_POINT('Ctrl Pts',(-24.3446488559161,13.4045030263003,8.92288331132653));
#3017=CARTESIAN_POINT('Ctrl Pts',(-24.0493596645066,13.4096818778902,8.82154642785287));
#3018=CARTESIAN_POINT('Ctrl Pts',(-24.0229818549311,13.4099507304545,8.81224120450055));
#3019=CARTESIAN_POINT('Ctrl Pts',(-23.9941936190828,13.4099979414991,8.80181284479652));
#3020=CARTESIAN_POINT('Ctrl Pts',(-23.9917002946714,13.4100000000004,8.80090740533576));
#3021=CARTESIAN_POINT('Ctrl Pts',(-23.9892077384629,13.4100000000004,8.79999999980997));
#3022=CARTESIAN_POINT('Origin',(-17.1357148666259,12.8100000000001,8.79999999958294));
#3023=CARTESIAN_POINT('',(-28.5348857046258,12.81,9.39999999996056));
#3024=CARTESIAN_POINT('Origin',(-28.5348857046457,12.81,8.79999999996056));
#3025=CARTESIAN_POINT('',(-15.7091866586863,12.8100000000003,9.39999999953568));
#3026=CARTESIAN_POINT('',(-17.135714866606,12.8100000000001,9.39999999958293));
#3027=CARTESIAN_POINT('Origin',(-15.7091866587062,12.8100000000003,8.79999999953568));
#3028=CARTESIAN_POINT('Origin',(-25.5000000000001,13.4100000000004,6.9999981269));
#3029=CARTESIAN_POINT('',(-23.7500000000001,9.85400000000041,6.9999981269));
#3030=CARTESIAN_POINT('',(-23.7500000000001,13.4100000000004,6.9999981269));
#3031=CARTESIAN_POINT('Origin',(-25.5000000000001,9.8540000000004,6.9999981269));
#3032=CARTESIAN_POINT('Origin',(-25.5000000000001,12.8100000000004,-6.9999981269));
#3033=CARTESIAN_POINT('',(-25.5000000000001,12.8100000000004,-5.2499981269));
#3034=CARTESIAN_POINT('Origin',(-25.5000000000001,12.8100000000004,-4.6499981269));
#3035=CARTESIAN_POINT('',(-23.7500000000001,12.8100000000004,-6.9999981269));
#3036=CARTESIAN_POINT('Origin',(-25.5000000000001,12.8100000000004,-6.9999981269));
#3037=CARTESIAN_POINT('Origin',(-25.5000000000001,12.8100000000004,-6.9999981269));
#3038=CARTESIAN_POINT('Origin',(-25.5000000000001,13.4100000000004,-6.9999981269));
#3039=CARTESIAN_POINT('',(-23.7500000000001,9.85400000000041,-6.9999981269));
#3040=CARTESIAN_POINT('',(-23.7500000000001,13.4100000000004,-6.9999981269));
#3041=CARTESIAN_POINT('Origin',(-25.5000000000001,9.8540000000004,-6.9999981269));
#3042=CARTESIAN_POINT('Origin',(-18.5000018731001,12.8100000000004,-8.57252530014565E-16));
#3043=CARTESIAN_POINT('',(-18.5000018731001,12.8100000000004,1.75));
#3044=CARTESIAN_POINT('Origin',(-18.5000018731001,12.8100000000004,2.35));
#3045=CARTESIAN_POINT('',(-16.7500018731001,12.8100000000004,-6.42939340163778E-16));
#3046=CARTESIAN_POINT('Origin',(-18.5000018731001,12.8100000000004,-8.57252530014565E-16));
#3047=CARTESIAN_POINT('Origin',(-18.5000018731001,12.8100000000004,-8.57252530014565E-16));
#3048=CARTESIAN_POINT('Origin',(-18.5000018731001,13.4100000000004,-8.57252530014565E-16));
#3049=CARTESIAN_POINT('',(-16.7500018731001,9.85400000000041,-1.07156571986535E-15));
#3050=CARTESIAN_POINT('',(-16.7500018731001,13.4100000000004,-6.42939340163778E-16));
#3051=CARTESIAN_POINT('Origin',(-18.5000018731001,9.8540000000004,-8.57252530014565E-16));
#3052=CARTESIAN_POINT('Origin',(24.4830760926078,12.8100000000007,-28.3270823904649));
#3053=CARTESIAN_POINT('',(-10.0523324094588,12.8100000000002,7.05685424902788));
#3054=CARTESIAN_POINT('Origin',(-10.4765964781707,12.8100000000002,6.63259018031598));
#3055=CARTESIAN_POINT('',(39.6337976461977,12.8100000000007,-42.6292758066318));
#3056=CARTESIAN_POINT('',(24.9073401613198,12.8100000000007,-27.9028183217529));
#3057=CARTESIAN_POINT('Ctrl Pts',(38.7542453315501,13.4100000000007,-42.5982516294081));
#3058=CARTESIAN_POINT('Ctrl Pts',(38.7559691208742,13.4100000000007,-42.5983492880603));
#3059=CARTESIAN_POINT('Ctrl Pts',(38.7576929286353,13.409996694621,-42.5984467219778));
#3060=CARTESIAN_POINT('Ctrl Pts',(38.8554314385748,13.4096217017541,-42.6039583591815));
#3061=CARTESIAN_POINT('Ctrl Pts',(38.9521910715697,13.3989878737588,-42.6086962123141));
#3062=CARTESIAN_POINT('Ctrl Pts',(39.1329828150727,13.3566955274221,-42.6163250438335));
#3063=CARTESIAN_POINT('Ctrl Pts',(39.218780530857,13.3261348683576,-42.6193700753898));
#3064=CARTESIAN_POINT('Ctrl Pts',(39.3732855856717,13.2439479575035,-42.6240292046862));
#3065=CARTESIAN_POINT('Ctrl Pts',(39.4436297525049,13.1927336367982,-42.6257299288182));
#3066=CARTESIAN_POINT('Ctrl Pts',(39.5436173771001,13.0827892267727,-42.6278049364373));
#3067=CARTESIAN_POINT('Ctrl Pts',(39.5787853691359,13.029546824944,-42.6284093352192));
#3068=CARTESIAN_POINT('Ctrl Pts',(39.6228312627045,12.9193684797824,-42.6291209632146));
#3069=CARTESIAN_POINT('Ctrl Pts',(39.6337976461977,12.8653095881983,-42.6292758066318));
#3070=CARTESIAN_POINT('Ctrl Pts',(39.6337976461977,12.8100000000009,-42.6292758066318));
#3071=CARTESIAN_POINT('Origin',(-15.7091866589513,12.8100000000003,1.39999999953568));
#3072=CARTESIAN_POINT('Origin',(-15.7091866589513,12.8100000000003,1.39999999953568));
#3073=CARTESIAN_POINT('Origin',(-28.5348857048908,12.8100000000004,1.39999999996056));
#3074=CARTESIAN_POINT('',(-36.5348857048908,12.8100000000003,1.39999999996056));
#3075=CARTESIAN_POINT('Origin',(-35.9348857048908,12.8100000000003,1.39999999996056));
#3076=CARTESIAN_POINT('Origin',(-28.5348857048908,12.8100000000004,1.39999999996056));
#3077=CARTESIAN_POINT('Origin',(-35.9348857048908,12.8099999999999,-12.9742895121567));
#3078=CARTESIAN_POINT('',(-36.5348857048908,12.8099999999999,-8.42345172545481));
#3079=CARTESIAN_POINT('Origin',(-35.9348857048908,12.8099999999999,-8.42345172545481));
#3080=CARTESIAN_POINT('',(-36.5348857048908,12.8099999999999,-12.9742895121567));
#3081=CARTESIAN_POINT('Origin',(-28.5348857048908,12.81,-8.42345172545481));
#3082=CARTESIAN_POINT('',(-33.2575646785355,12.8099999999999,-14.8807192057358));
#3083=CARTESIAN_POINT('Origin',(-32.9033637555121,12.8099999999999,-14.3964241447148));
#3084=CARTESIAN_POINT('Origin',(-28.5348857048908,12.81,-8.42345172545481));
#3085=CARTESIAN_POINT('Origin',(-37.9802436521801,12.8099999999999,-21.3379866860169));
#3086=CARTESIAN_POINT('',(-32.3233894027007,12.81,-15.6811324365115));
#3087=CARTESIAN_POINT('Origin',(-31.8991253339897,12.81,-15.2568683677986));
#3088=CARTESIAN_POINT('Origin',(-37.9802436521801,12.8099999999999,-21.3379866860169));
#3089=CARTESIAN_POINT('Origin',(-3.47002888947859,12.8100000000003,-43.6859648121797));
#3090=CARTESIAN_POINT('',(-1.12180100300123,12.8100000000004,-46.8827208360683));
#3091=CARTESIAN_POINT('Origin',(-0.697536934290265,12.8100000000004,-46.4584567673554));
#3092=CARTESIAN_POINT('',(-3.89429295818955,12.8100000000003,-44.1102288808926));
#3093=CARTESIAN_POINT('Origin',(4.53505324647822,12.8100000000004,-41.225866586563));
#3094=CARTESIAN_POINT('',(10.1919074959706,12.8100000000005,-46.8827208360553));
#3095=CARTESIAN_POINT('Origin',(9.76764342725868,12.8100000000005,-46.4584567673434));
#3096=CARTESIAN_POINT('Origin',(4.53505324647822,12.8100000000004,-41.225866586563));
#3097=CARTESIAN_POINT('Origin',(17.4525160292855,12.8100000000006,-38.7735841653165));
#3098=CARTESIAN_POINT('',(13.7090989833919,12.8100000000006,-43.365529348634));
#3099=CARTESIAN_POINT('Origin',(13.28483491468,12.8100000000006,-42.9412652799221));
#3100=CARTESIAN_POINT('',(17.8767800979975,12.8100000000006,-39.1978482340285));
#3101=CARTESIAN_POINT('Origin',(19.3659532328843,12.8100000000005,-49.0223835981264));
#3102=CARTESIAN_POINT('Origin',(19.3659532328843,12.8100000000005,-49.0223835981264));
#3103=CARTESIAN_POINT('Origin',(34.1461288557934,12.8100000000006,-36.8081512377171));
#3104=CARTESIAN_POINT('Origin',(34.1461288557934,12.8100000000006,-36.8081512377171));
#3105=CARTESIAN_POINT('Origin',(4.53505324649118,9.60000000000044,-52.5395750855348));
#3106=CARTESIAN_POINT('',(-1.1218010030012,9.85400000000036,-46.8827208360683));
#3107=CARTESIAN_POINT('',(-1.1218010030012,9.60000000000044,-46.8827208360683));
#3108=CARTESIAN_POINT('',(-32.3233894027006,9.85399999999991,-15.6811324365116));
#3109=CARTESIAN_POINT('',(-3.89429295818952,9.85400000000032,-44.1102288808926));
#3110=CARTESIAN_POINT('',(-32.3233894027006,10.1079999999999,-15.6811324365116));
#3111=CARTESIAN_POINT('Origin',(4.53505324647824,9.60000000000048,-41.225866586563));
#3112=CARTESIAN_POINT('',(10.1919074959706,9.85400000000052,-46.8827208360553));
#3113=CARTESIAN_POINT('',(10.1919074959706,9.60000000000052,-46.8827208360553));
#3114=CARTESIAN_POINT('Origin',(4.53505324647824,9.85400000000042,-41.225866586563));
#3115=CARTESIAN_POINT('Origin',(17.1074118159866,9.60000000000062,-39.9672165160393));
#3116=CARTESIAN_POINT('',(13.7090989833919,9.85400000000057,-43.365529348634));
#3117=CARTESIAN_POINT('',(13.7090989833919,9.60000000000066,-43.365529348634));
#3118=CARTESIAN_POINT('',(17.8767800979975,9.85400000000063,-39.1978482340285));
#3119=CARTESIAN_POINT('Origin',(19.3659532328843,9.6000000000007,-49.0223835981264));
#3120=CARTESIAN_POINT('',(21.7035989965245,9.85400000000068,-41.3715397045592));
#3121=CARTESIAN_POINT('',(21.7035989965245,9.60000000000072,-41.3715397045592));
#3122=CARTESIAN_POINT('Origin',(19.3659532328843,9.85400000000052,-49.0223835981264));
#3123=CARTESIAN_POINT('Origin',(36.4009054426129,9.60000000000089,-45.8621680102167));
#3124=CARTESIAN_POINT('',(31.8084830921532,9.85400000000083,-44.4589951312844));
#3125=CARTESIAN_POINT('',(31.8084830921535,-27.6499999999997,-44.4589951312844));
#3126=CARTESIAN_POINT('',(17.1776174990237,9.85400000000062,-39.9886672239374));
#3127=CARTESIAN_POINT('Origin',(34.1461288557937,-27.6499999999996,-36.8081512377171));
#3128=CARTESIAN_POINT('',(39.633797646198,-30.8599999999996,-42.6292758066318));
#3129=CARTESIAN_POINT('',(39.633797646198,-27.6499999999996,-42.6292758066318));
#3130=CARTESIAN_POINT('',(31.8084830921535,-30.8599999999997,-44.4589951312844));
#3131=CARTESIAN_POINT('Origin',(34.1461288557937,-30.8599999999996,-36.8081512377171));
#3132=CARTESIAN_POINT('',(31.8084830921535,-27.9039999999997,-44.4589951312844));
#3133=CARTESIAN_POINT('',(31.8084830921535,-27.6499999999996,-44.4589951312844));
#3134=CARTESIAN_POINT('',(35.4432612811922,-27.9039999999996,-44.7022913093766));
#3135=CARTESIAN_POINT('Origin',(34.1461288557937,-27.9039999999996,-36.8081512377171));
#3136=CARTESIAN_POINT('',(36.583117376931,-26.9039999999996,-44.4279338427423));
#3137=CARTESIAN_POINT('Ctrl Pts',(36.583117376931,-26.9039999999996,-44.4279338427423));
#3138=CARTESIAN_POINT('Ctrl Pts',(36.583117376931,-27.0334421573458,-44.4279338427423));
#3139=CARTESIAN_POINT('Ctrl Pts',(36.5545674877067,-27.1698807942214,-44.4372330375216));
#3140=CARTESIAN_POINT('Ctrl Pts',(36.4420293445175,-27.4162562335366,-44.4718518347837));
#3141=CARTESIAN_POINT('Ctrl Pts',(36.3579765600049,-27.5261978165733,-44.4969271788668));
#3142=CARTESIAN_POINT('Ctrl Pts',(36.1583059282083,-27.7061418160912,-44.5517357916561));
#3143=CARTESIAN_POINT('Ctrl Pts',(36.0261248395461,-27.7831841065198,-44.5854955537215));
#3144=CARTESIAN_POINT('Ctrl Pts',(35.7400658059017,-27.8820008429597,-44.6491227710942));
#3145=CARTESIAN_POINT('Ctrl Pts',(35.5862233344906,-27.9039999999996,-44.6788003764502));
#3146=CARTESIAN_POINT('Ctrl Pts',(35.4432612811922,-27.9039999999996,-44.7022913093766));
#3147=CARTESIAN_POINT('',(36.5831173769308,8.85400000000089,-44.4279338427423));
#3148=CARTESIAN_POINT('',(36.583117376931,-27.6499999999996,-44.4279338427423));
#3149=CARTESIAN_POINT('',(35.4432612811921,9.85400000000064,-44.7022913093766));
#3150=CARTESIAN_POINT('Ctrl Pts',(35.4432612811922,9.85400000000088,-44.7022913093766));
#3151=CARTESIAN_POINT('Ctrl Pts',(35.5862233344906,9.85400000000087,-44.6788003764502));
#3152=CARTESIAN_POINT('Ctrl Pts',(35.7400658059016,9.83200084296094,-44.6491227710942));
#3153=CARTESIAN_POINT('Ctrl Pts',(36.026124839546,9.73318410652103,-44.5854955537214));
#3154=CARTESIAN_POINT('Ctrl Pts',(36.1583059282083,9.6561418160925,-44.5517357916561));
#3155=CARTESIAN_POINT('Ctrl Pts',(36.3579765600049,9.4761978165746,-44.4969271788668));
#3156=CARTESIAN_POINT('Ctrl Pts',(36.4420293445174,9.36625623353788,-44.4718518347836));
#3157=CARTESIAN_POINT('Ctrl Pts',(36.5545674877066,9.11988079422266,-44.4372330375215));
#3158=CARTESIAN_POINT('Ctrl Pts',(36.5831173769309,8.98344215734709,-44.4279338427423));
#3159=CARTESIAN_POINT('Ctrl Pts',(36.5831173769309,8.85400000000089,-44.4279338427423));
#3160=CARTESIAN_POINT('Origin',(34.1461288557934,9.85400000000062,-36.8081512377171));
#3161=CARTESIAN_POINT('Origin',(39.633797646198,-27.6499999999996,-42.6292758066318));
#3162=CARTESIAN_POINT('',(-10.0523324094587,9.85400000000023,7.05685424902788));
#3163=CARTESIAN_POINT('',(-10.0523324094586,-9.02499999999995,7.05685424902788));
#3164=CARTESIAN_POINT('',(-2.99547816043127,9.85400000000033,-3.33066907387547E-14));
#3165=CARTESIAN_POINT('',(24.9073401613198,9.85400000000073,-27.9028183217529));
#3166=CARTESIAN_POINT('',(-2.99547816043123,-27.9039999999999,0.));
#3167=CARTESIAN_POINT('',(-2.99547816043114,-27.6499999999999,8.9234175604247E-14));
#3168=CARTESIAN_POINT('',(-10.0523324094585,-27.904,7.05685424902788));
#3169=CARTESIAN_POINT('',(24.9073401613202,-27.9039999999997,-27.902818321753));
#3170=CARTESIAN_POINT('',(-10.0523324094584,-30.8599999999999,7.05685424902788));
#3171=CARTESIAN_POINT('',(-10.0523324094585,-27.6499999999999,7.05685424902788));
#3172=CARTESIAN_POINT('',(24.9073401613202,-30.8599999999997,-27.902818321753));
#3173=CARTESIAN_POINT('Origin',(-25.5000000000002,-30.8599999999999,-6.9999981269));
#3174=CARTESIAN_POINT('',(-25.5000000000001,-31.4600000000001,-9.3499981269));
#3175=CARTESIAN_POINT('Origin',(-25.5000000000001,-31.4600000000001,-6.9999981269));
#3176=CARTESIAN_POINT('',(-25.5000000000002,-30.8599999999999,-8.7499981269));
#3177=CARTESIAN_POINT('Origin',(-25.5000000000002,-30.8599999999999,-9.3499981269));
#3178=CARTESIAN_POINT('',(-27.2500000000002,-30.8599999999999,-6.9999981269));
#3179=CARTESIAN_POINT('Origin',(-25.5000000000002,-30.8599999999999,-6.9999981269));
#3180=CARTESIAN_POINT('Origin',(-25.5000000000002,-30.8599999999999,-6.9999981269));
#3181=CARTESIAN_POINT('Origin',(1.78745597065361,-31.4599999999999,-21.5697875426625));
#3182=CARTESIAN_POINT('',(-27.0107922614181,-31.4600000000001,8.79999999991007));
#3183=CARTESIAN_POINT('',(-25.5000000000001,-31.4600000000001,4.6499981269));
#3184=CARTESIAN_POINT('Origin',(-25.5000000000001,-31.4600000000001,6.9999981269));
#3185=CARTESIAN_POINT('',(-28.5348857046457,-31.4600000000001,8.79999999996056));
#3186=CARTESIAN_POINT('',(-5.30401109410825,-31.4599999999999,8.79999999919098));
#3187=CARTESIAN_POINT('',(-35.9348857048908,-31.4600000000001,1.39999999996056));
#3188=CARTESIAN_POINT('Origin',(-28.5348857048908,-31.4600000000001,1.39999999996056));
#3189=CARTESIAN_POINT('',(-35.9348857048908,-31.4600000000001,-8.42345172545453));
#3190=CARTESIAN_POINT('',(-35.9348857048908,-31.4600000000001,-12.4742605601275));
#3191=CARTESIAN_POINT('',(-32.9033637555121,-31.4600000000001,-14.3964241447145));
#3192=CARTESIAN_POINT('Origin',(-28.5348857048908,-31.4600000000001,-8.42345172545453));
#3193=CARTESIAN_POINT('',(-31.8991253339896,-31.4600000000001,-15.2568683677984));
#3194=CARTESIAN_POINT('Origin',(-37.9802436521801,-31.4600000000002,-21.3379866860166));
#3195=CARTESIAN_POINT('',(-0.697536934289941,-31.4599999999999,-46.4584567673554));
#3196=CARTESIAN_POINT('',(-23.7669983651694,-31.46,-23.3889953365814));
#3197=CARTESIAN_POINT('',(9.76764342725899,-31.4599999999998,-46.4584567673434));
#3198=CARTESIAN_POINT('Origin',(4.53505324647854,-31.4599999999998,-41.225866586563));
#3199=CARTESIAN_POINT('',(13.2848349146803,-31.4599999999998,-42.9412652799221));
#3200=CARTESIAN_POINT('',(11.1663367445381,-31.4599999999998,-45.0597634500642));
#3201=CARTESIAN_POINT('',(21.8789224287978,-31.4599999999997,-40.7977264125416));
#3202=CARTESIAN_POINT('Origin',(19.3659532328846,-31.4599999999997,-49.0223835981264));
#3203=CARTESIAN_POINT('',(28.2097131425017,-31.4599999999997,-42.7320419335818));
#3204=CARTESIAN_POINT('',(7.70619411798389,-31.4599999999998,-36.4673781848312));
#3205=CARTESIAN_POINT('',(29.9467152596952,-31.4599999999997,-43.2627671316355));
#3206=CARTESIAN_POINT('Origin',(29.7603949501566,-31.4599999999997,-40.7647059349765));
#3207=CARTESIAN_POINT('',(31.9838065244265,-31.4599999999997,-43.8851818392668));
#3208=CARTESIAN_POINT('',(7.70619411798389,-31.4599999999998,-36.4673781848312));
#3209=CARTESIAN_POINT('',(38.7542453315504,-31.4599999999996,-42.5982516294081));
#3210=CARTESIAN_POINT('Origin',(34.1461288557937,-31.4599999999996,-36.8081512377171));
#3211=CARTESIAN_POINT('',(-10.4765964781704,-31.46,6.63259018031596));
#3212=CARTESIAN_POINT('',(24.4830760926083,-31.4599999999997,-28.327082390465));
#3213=CARTESIAN_POINT('',(-15.7091866587059,-31.46,8.79999999953568));
#3214=CARTESIAN_POINT('Origin',(-15.709186658951,-31.46,1.39999999953568));
#3215=CARTESIAN_POINT('',(-23.989207738463,-31.46,8.79999999980997));
#3216=CARTESIAN_POINT('',(-5.30401109410825,-31.4599999999999,8.79999999919098));
#3217=CARTESIAN_POINT('Origin',(-25.5000000000001,-31.4600000000001,6.9999981269));
#3218=CARTESIAN_POINT('',(-18.5000018731001,-31.46,-2.35));
#3219=CARTESIAN_POINT('Origin',(-18.5000018731001,-31.46,-8.57252530014527E-16));
#3220=CARTESIAN_POINT('',(-2.02405486417876,-31.4599999999999,-40.4766341492897));
#3221=CARTESIAN_POINT('Origin',(-2.02405486417876,-31.4599999999999,-37.9716341492897));
#3222=CARTESIAN_POINT('',(12.4716341501454,-31.4599999999998,-25.9809451349654));
#3223=CARTESIAN_POINT('Origin',(12.4716341501454,-31.4599999999998,-23.4759451349654));
#3224=CARTESIAN_POINT('',(-32.4999981269002,-31.4600000000001,-2.35));
#3225=CARTESIAN_POINT('Origin',(-32.4999981269002,-31.4600000000001,8.57252530014579E-16));
#3226=CARTESIAN_POINT('Origin',(-25.5000000000002,-31.4599999999999,-6.9999981269));
#3227=CARTESIAN_POINT('',(-27.2500000000002,-27.9039999999999,-6.9999981269));
#3228=CARTESIAN_POINT('',(-27.2500000000002,-31.4599999999999,-6.9999981269));
#3229=CARTESIAN_POINT('Origin',(-25.5000000000002,-27.9039999999999,-6.9999981269));
#3230=CARTESIAN_POINT('Origin',(-18.5000018731002,-30.8599999999999,-8.57252530014526E-16));
#3231=CARTESIAN_POINT('',(-18.5000018731002,-30.8599999999999,-1.75));
#3232=CARTESIAN_POINT('Origin',(-18.5000018731002,-30.8599999999999,-2.35));
#3233=CARTESIAN_POINT('',(-20.2500018731002,-30.8599999999999,-6.4293934016374E-16));
#3234=CARTESIAN_POINT('Origin',(-18.5000018731002,-30.8599999999999,-8.57252530014526E-16));
#3235=CARTESIAN_POINT('Origin',(-18.5000018731002,-30.8599999999999,-8.57252530014526E-16));
#3236=CARTESIAN_POINT('Origin',(-18.5000018731002,-31.4599999999999,-8.57252530014526E-16));
#3237=CARTESIAN_POINT('',(-20.2500018731002,-27.9039999999999,0.));
#3238=CARTESIAN_POINT('',(-20.2500018731002,-31.4599999999999,-6.4293934016374E-16));
#3239=CARTESIAN_POINT('Origin',(-18.5000018731002,-27.9039999999999,-8.57252530014526E-16));
#3240=CARTESIAN_POINT('Origin',(-32.4999981269002,-30.8599999999999,8.5725253001458E-16));
#3241=CARTESIAN_POINT('',(-32.4999981269002,-30.8599999999999,-1.75));
#3242=CARTESIAN_POINT('Origin',(-32.4999981269002,-30.8599999999999,-2.35));
#3243=CARTESIAN_POINT('',(-34.2499981269002,-30.8599999999999,1.07156571986537E-15));
#3244=CARTESIAN_POINT('Origin',(-32.4999981269002,-30.8599999999999,8.5725253001458E-16));
#3245=CARTESIAN_POINT('Origin',(-32.4999981269002,-30.8599999999999,8.5725253001458E-16));
#3246=CARTESIAN_POINT('Origin',(-32.4999981269002,-31.4599999999999,8.5725253001458E-16));
#3247=CARTESIAN_POINT('',(-34.2499981269002,-29.9359999999999,6.42939340163793E-16));
#3248=CARTESIAN_POINT('',(-34.2499981269002,-31.4599999999999,1.07156571986537E-15));
#3249=CARTESIAN_POINT('Origin',(-32.4999981269002,-29.9359999999999,8.5725253001458E-16));
#3250=CARTESIAN_POINT('Origin',(-25.5000000000002,-30.8599999999999,6.9999981269));
#3251=CARTESIAN_POINT('Ctrl Pts',(-23.989207738463,-31.4599999999999,8.79999999980997));
#3252=CARTESIAN_POINT('Ctrl Pts',(-23.9917003156438,-31.4599999999999,8.80090741297065));
#3253=CARTESIAN_POINT('Ctrl Pts',(-23.9941935981549,-31.4599979415332,8.80181283731243));
#3254=CARTESIAN_POINT('Ctrl Pts',(-24.0229819079693,-31.4599507303668,8.81224122353036));
#3255=CARTESIAN_POINT('Ctrl Pts',(-24.0493597215677,-31.4596818770176,8.82154644761083));
#3256=CARTESIAN_POINT('Ctrl Pts',(-24.3446488744735,-31.4545030246688,8.92288331597871));
#3257=CARTESIAN_POINT('Ctrl Pts',(-24.620878346907,-31.4302780878043,8.99168564456317));
#3258=CARTESIAN_POINT('Ctrl Pts',(-25.1025747590396,-31.4013015856244,9.0606200659918));
#3259=CARTESIAN_POINT('Ctrl Pts',(-25.2997465194477,-31.393268708121,9.07499906337732));
#3260=CARTESIAN_POINT('Ctrl Pts',(-25.7002534805835,-31.3932687081249,9.07499906338308));
#3261=CARTESIAN_POINT('Ctrl Pts',(-25.8974252410051,-31.4013015856331,9.06062006600129));
#3262=CARTESIAN_POINT('Ctrl Pts',(-26.3791216531203,-31.430278087817,8.99168564458553));
#3263=CARTESIAN_POINT('Ctrl Pts',(-26.6553511255292,-31.4545030246762,8.92288331601731));
#3264=CARTESIAN_POINT('Ctrl Pts',(-26.9506402780697,-31.4596818770129,8.82154644778945));
#3265=CARTESIAN_POINT('Ctrl Pts',(-26.9770180916002,-31.4599507303663,8.81224122373938));
#3266=CARTESIAN_POINT('Ctrl Pts',(-27.0058064018911,-31.4599979415335,8.80181283735314));
#3267=CARTESIAN_POINT('Ctrl Pts',(-27.008299684075,-31.4599999999999,8.80090741312959));
#3268=CARTESIAN_POINT('Ctrl Pts',(-27.0107922614181,-31.4599999999999,8.79999999991007));
#3269=CARTESIAN_POINT('',(-25.5000000000002,-30.8599999999999,5.2499981269));
#3270=CARTESIAN_POINT('Origin',(-25.5000000000002,-30.8599999999999,4.6499981269));
#3271=CARTESIAN_POINT('',(-27.2500000000002,-30.8599999999999,6.9999981269));
#3272=CARTESIAN_POINT('Origin',(-25.5000000000002,-30.8599999999999,6.9999981269));
#3273=CARTESIAN_POINT('Origin',(-25.5000000000002,-30.8599999999999,6.9999981269));
#3274=CARTESIAN_POINT('Origin',(-5.30401109410825,-30.8599999999999,8.79999999919098));
#3275=CARTESIAN_POINT('',(-15.709186658686,-30.86,9.39999999953568));
#3276=CARTESIAN_POINT('Origin',(-15.7091866587059,-30.86,8.79999999953568));
#3277=CARTESIAN_POINT('',(-28.5348857046258,-30.8599999999999,9.39999999996056));
#3278=CARTESIAN_POINT('',(-5.30401109408837,-30.8599999999999,9.39999999919098));
#3279=CARTESIAN_POINT('Origin',(-28.5348857046457,-30.8599999999999,8.79999999996056));
#3280=CARTESIAN_POINT('Origin',(-25.5000000000002,-31.4599999999999,6.9999981269));
#3281=CARTESIAN_POINT('',(-27.2500000000002,-27.9039999999999,6.9999981269));
#3282=CARTESIAN_POINT('',(-27.2500000000002,-31.4599999999999,6.9999981269));
#3283=CARTESIAN_POINT('Origin',(-25.5000000000002,-27.9039999999999,6.9999981269));
#3284=CARTESIAN_POINT('Origin',(29.7603949501566,-30.8599999999999,-40.7647059349765));
#3285=CARTESIAN_POINT('',(29.7603949987637,-31.4591871458546,-43.2384847203541));
#3286=CARTESIAN_POINT('Ctrl Pts',(28.2097131425017,-31.4599999999999,-42.7320419335818));
#3287=CARTESIAN_POINT('Ctrl Pts',(28.2135858712887,-31.4599999999999,-42.734068085049));
#3288=CARTESIAN_POINT('Ctrl Pts',(28.2174612346507,-31.4599983756093,-42.7360892704491));
#3289=CARTESIAN_POINT('Ctrl Pts',(28.3386456389362,-31.4598989275622,-42.7990942628469));
#3290=CARTESIAN_POINT('Ctrl Pts',(28.4582890379051,-31.4584358680077,-42.8554927994051));
#3291=CARTESIAN_POINT('Ctrl Pts',(28.7348829344916,-31.4553651810861,-42.9724343865377));
#3292=CARTESIAN_POINT('Ctrl Pts',(28.8925060359986,-31.4539193254709,-43.0297561807467));
#3293=CARTESIAN_POINT('Ctrl Pts',(29.2141277855169,-31.4539193254709,-43.1280247810103));
#3294=CARTESIAN_POINT('Ctrl Pts',(29.3768712899514,-31.455365181086,-43.1685880893612));
#3295=CARTESIAN_POINT('Ctrl Pts',(29.6142800225505,-31.4578387449403,-43.2150018025585));
#3296=CARTESIAN_POINT('Ctrl Pts',(29.687235821239,-31.4586177720555,-43.2275574921204));
#3297=CARTESIAN_POINT('Ctrl Pts',(29.7603949998272,-31.4591871454845,-43.2384847132529));
#3298=CARTESIAN_POINT('',(29.7603949501566,-30.8599999999999,-42.6697059349765));
#3299=CARTESIAN_POINT('Origin',(29.7603949501566,-30.8599999999999,-43.2697059349765));
#3300=CARTESIAN_POINT('',(27.8553949501566,-30.8599999999999,-40.7647059349765));
#3301=CARTESIAN_POINT('Origin',(29.7603949501566,-30.8599999999999,-40.7647059349765));
#3302=CARTESIAN_POINT('Origin',(29.7603949501566,-30.8599999999999,-40.7647059349765));
#3303=CARTESIAN_POINT('Ctrl Pts',(29.7603949998272,-31.4591871454845,-43.2384847132529));
#3304=CARTESIAN_POINT('Ctrl Pts',(29.8180337293198,-31.4596357284469,-43.2470937648458));
#3305=CARTESIAN_POINT('Ctrl Pts',(29.8757987117433,-31.4599527718371,-43.2546919953175));
#3306=CARTESIAN_POINT('Ctrl Pts',(29.9380282192099,-31.4599983756091,-43.2617928632502));
#3307=CARTESIAN_POINT('Ctrl Pts',(29.9423714443181,-31.4599999999999,-43.2622827927267));
#3308=CARTESIAN_POINT('Ctrl Pts',(29.9467152596952,-31.4599999999999,-43.2627671316355));
#3309=CARTESIAN_POINT('Origin',(29.7603949501566,-28.9273999999994,-40.7647059349765));
#3310=CARTESIAN_POINT('',(30.3686831560948,-28.9273999999994,-42.5699788945359));
#3311=CARTESIAN_POINT('',(27.8553949501566,-28.9273999999994,-40.7647059349765));
#3312=CARTESIAN_POINT('Origin',(29.7603949501566,-28.9273999999994,-40.7647059349765));
#3313=CARTESIAN_POINT('',(30.3686831560946,-28.9199999999999,-42.5699788945359));
#3314=CARTESIAN_POINT('',(30.3686831560946,-31.4599999999999,-42.5699788945359));
#3315=CARTESIAN_POINT('',(28.7900066293788,-28.9199999999999,-42.404026375555));
#3316=CARTESIAN_POINT('Origin',(29.7603949501563,-28.9199999999999,-40.7647059349765));
#3317=CARTESIAN_POINT('',(28.7900066293791,-28.9273999999994,-42.404026375555));
#3318=CARTESIAN_POINT('',(28.7900066293788,-31.4599999999999,-42.404026375555));
#3319=CARTESIAN_POINT('Origin',(29.7603949501566,-28.9273999999994,-40.7647059349765));
#3320=CARTESIAN_POINT('',(27.8553949501566,-28.9273999999994,-40.7647059349765));
#3321=CARTESIAN_POINT('Origin',(12.4716341501454,-30.8599999999999,-23.4759451349654));
#3322=CARTESIAN_POINT('',(12.4716341501454,-30.8599999999999,-25.3809451349654));
#3323=CARTESIAN_POINT('Origin',(12.4716341501454,-30.8599999999999,-25.9809451349654));
#3324=CARTESIAN_POINT('',(10.5666341501454,-30.8599999999999,-23.4759451349654));
#3325=CARTESIAN_POINT('Origin',(12.4716341501454,-30.8599999999999,-23.4759451349654));
#3326=CARTESIAN_POINT('Origin',(12.4716341501454,-30.8599999999999,-23.4759451349654));
#3327=CARTESIAN_POINT('Origin',(12.4716341501454,-28.9273999999994,-23.4759451349654));
#3328=CARTESIAN_POINT('',(10.5666341501454,-28.9273999999994,-23.4759451349654));
#3329=CARTESIAN_POINT('Origin',(12.4716341501454,-28.9273999999994,-23.4759451349654));
#3330=CARTESIAN_POINT('',(10.5666341501454,-28.9273999999994,-23.4759451349654));
#3331=CARTESIAN_POINT('Origin',(-2.02405486417877,-30.8599999999999,-37.9716341492897));
#3332=CARTESIAN_POINT('',(-2.02405486417877,-30.8599999999999,-39.8766341492897));
#3333=CARTESIAN_POINT('Origin',(-2.02405486417877,-30.8599999999999,-40.4766341492897));
#3334=CARTESIAN_POINT('',(-3.92905486417877,-30.8599999999999,-37.9716341492897));
#3335=CARTESIAN_POINT('Origin',(-2.02405486417877,-30.8599999999999,-37.9716341492897));
#3336=CARTESIAN_POINT('Origin',(-2.02405486417877,-30.8599999999999,-37.9716341492897));
#3337=CARTESIAN_POINT('Origin',(-2.02405486417877,-28.9273999999994,-37.9716341492897));
#3338=CARTESIAN_POINT('',(-3.92905486417877,-28.9273999999994,-37.9716341492897));
#3339=CARTESIAN_POINT('Origin',(-2.02405486417877,-28.9273999999994,-37.9716341492897));
#3340=CARTESIAN_POINT('',(-3.92905486417877,-28.9273999999994,-37.9716341492897));
#3341=CARTESIAN_POINT('Origin',(34.1461288557937,-30.8599999999996,-36.8081512377171));
#3342=CARTESIAN_POINT('Origin',(31.9838065244265,-30.8599999999997,-43.8851818392668));
#3343=CARTESIAN_POINT('Ctrl Pts',(38.7542453315504,-31.4599999999996,-42.5982516294081));
#3344=CARTESIAN_POINT('Ctrl Pts',(38.7559691213758,-31.4599999999996,-42.5983492880887));
#3345=CARTESIAN_POINT('Ctrl Pts',(38.7576929281649,-31.4599966946216,-42.5984467219896));
#3346=CARTESIAN_POINT('Ctrl Pts',(38.8554314492245,-31.4596217017098,-42.6039583592779));
#3347=CARTESIAN_POINT('Ctrl Pts',(38.9521910732551,-31.4489878733659,-42.608696212386));
#3348=CARTESIAN_POINT('Ctrl Pts',(39.1329828150923,-31.406695527414,-42.6163250438345));
#3349=CARTESIAN_POINT('Ctrl Pts',(39.2187805308662,-31.3761348683517,-42.6193700753903));
#3350=CARTESIAN_POINT('Ctrl Pts',(39.3732855856721,-31.2939479575022,-42.6240292046864));
#3351=CARTESIAN_POINT('Ctrl Pts',(39.4436297525053,-31.2427336367969,-42.6257299288184));
#3352=CARTESIAN_POINT('Ctrl Pts',(39.5436173771005,-31.1327892267714,-42.6278049364374));
#3353=CARTESIAN_POINT('Ctrl Pts',(39.5787853691362,-31.0795468249427,-42.6284093352193));
#3354=CARTESIAN_POINT('Ctrl Pts',(39.6228312627049,-30.9693684797811,-42.6291209632146));
#3355=CARTESIAN_POINT('Ctrl Pts',(39.633797646198,-30.9153095881969,-42.6292758066318));
#3356=CARTESIAN_POINT('Ctrl Pts',(39.633797646198,-30.8599999999996,-42.6292758066318));
#3357=CARTESIAN_POINT('Origin',(7.70619411798388,-30.8599999999998,-36.4673781848312));
#3358=CARTESIAN_POINT('',(21.7035989965248,-30.8599999999997,-41.3715397045592));
#3359=CARTESIAN_POINT('Origin',(21.8789224287978,-30.8599999999997,-40.7977264125416));
#3360=CARTESIAN_POINT('',(7.53087068571087,-30.8599999999998,-37.0411914768488));
#3361=CARTESIAN_POINT('Origin',(19.3659532328846,-30.8599999999997,-49.0223835981264));
#3362=CARTESIAN_POINT('',(13.7090989833922,-30.8599999999998,-43.365529348634));
#3363=CARTESIAN_POINT('Origin',(13.2848349146803,-30.8599999999998,-42.9412652799221));
#3364=CARTESIAN_POINT('Origin',(19.3659532328846,-30.8599999999997,-49.0223835981264));
#3365=CARTESIAN_POINT('Origin',(11.1663367445381,-30.8599999999998,-45.0597634500642));
#3366=CARTESIAN_POINT('',(10.1919074959709,-30.8599999999998,-46.8827208360553));
#3367=CARTESIAN_POINT('Origin',(9.76764342725899,-30.8599999999998,-46.4584567673434));
#3368=CARTESIAN_POINT('',(11.5906008132501,-30.8599999999998,-45.4840275187762));
#3369=CARTESIAN_POINT('Origin',(4.53505324647854,-30.8599999999998,-41.225866586563));
#3370=CARTESIAN_POINT('',(-1.1218010030009,-30.8599999999999,-46.8827208360683));
#3371=CARTESIAN_POINT('Origin',(-0.697536934289946,-30.8599999999999,-46.4584567673554));
#3372=CARTESIAN_POINT('Origin',(4.53505324647854,-30.8599999999998,-41.225866586563));
#3373=CARTESIAN_POINT('Origin',(-23.7669983651694,-30.86,-23.3889953365814));
#3374=CARTESIAN_POINT('',(-32.3233894027006,-30.8600000000001,-15.6811324365113));
#3375=CARTESIAN_POINT('Origin',(-31.8991253339897,-30.8600000000001,-15.2568683677984));
#3376=CARTESIAN_POINT('',(-24.1912624338803,-30.8600000000001,-23.8132594052943));
#3377=CARTESIAN_POINT('Origin',(-37.9802436521801,-30.86,-21.3379866860166));
#3378=CARTESIAN_POINT('',(-33.2575646785354,-30.86,-14.8807192057356));
#3379=CARTESIAN_POINT('Origin',(-32.9033637555121,-30.86,-14.3964241447145));
#3380=CARTESIAN_POINT('Origin',(-37.9802436521801,-30.86,-21.3379866860166));
#3381=CARTESIAN_POINT('Origin',(-28.5348857048908,-30.8599999999999,-8.42345172545453));
#3382=CARTESIAN_POINT('',(-36.5348857048908,-30.86,-8.42345172545453));
#3383=CARTESIAN_POINT('Origin',(-35.9348857048908,-30.86,-8.42345172545453));
#3384=CARTESIAN_POINT('Origin',(-28.5348857048908,-30.8599999999999,-8.42345172545453));
#3385=CARTESIAN_POINT('Origin',(-35.9348857048908,-30.8600000000001,-12.4742605601275));
#3386=CARTESIAN_POINT('',(-36.5348857048908,-30.8600000000001,1.39999999996056));
#3387=CARTESIAN_POINT('Origin',(-35.9348857048908,-30.8600000000001,1.39999999996056));
#3388=CARTESIAN_POINT('',(-36.5348857048908,-30.8600000000001,-12.4742605601275));
#3389=CARTESIAN_POINT('Origin',(-28.5348857048908,-30.8599999999999,1.39999999996056));
#3390=CARTESIAN_POINT('Origin',(-28.5348857048908,-30.8599999999999,1.39999999996056));
#3391=CARTESIAN_POINT('Origin',(-15.709186658951,-30.86,1.39999999953568));
#3392=CARTESIAN_POINT('Origin',(-10.4765964781704,-30.8599999999999,6.63259018031596));
#3393=CARTESIAN_POINT('Origin',(-15.709186658951,-30.86,1.39999999953568));
#3394=CARTESIAN_POINT('Origin',(24.4830760926083,-30.8599999999997,-28.327082390465));
#3395=CARTESIAN_POINT('Origin',(-28.5348857048908,-28.1579999999998,-8.42345172545454));
#3396=CARTESIAN_POINT('',(-36.5348857048908,-27.9040000000001,-8.42345172545454));
#3397=CARTESIAN_POINT('',(-36.5348857048908,-28.1579999999998,-8.42345172545454));
#3398=CARTESIAN_POINT('',(-33.2575646785354,-27.904,-14.8807192057356));
#3399=CARTESIAN_POINT('Origin',(-28.5348857048908,-27.9039999999999,-8.42345172545454));
#3400=CARTESIAN_POINT('',(-33.2575646785354,-28.1579999999999,-14.8807192057356));
#3401=CARTESIAN_POINT('Origin',(-36.5348857048908,-29.8089999999998,-3.37873357759247));
#3402=CARTESIAN_POINT('',(-36.5348857048908,-29.9359999999999,1.39999999996056));
#3403=CARTESIAN_POINT('',(-36.5348857048908,-28.7294999999999,1.39999999996056));
#3404=CARTESIAN_POINT('',(-36.5348857048908,-29.9359999999996,-3.175));
#3405=CARTESIAN_POINT('',(-36.5348857048908,-29.9359999999999,-1.68936678879623));
#3406=CARTESIAN_POINT('',(-36.5348857048908,-27.9039999999999,-3.175));
#3407=CARTESIAN_POINT('',(-36.5348857048908,-28.7294999999998,-3.175));
#3408=CARTESIAN_POINT('',(-36.5348857048908,-27.9040000000001,-12.4742605601275));
#3409=CARTESIAN_POINT('Origin',(-28.5348857048908,-28.7294999999999,1.39999999996056));
#3410=CARTESIAN_POINT('',(-28.5348857046258,-27.9039999999999,9.4000000002098));
#3411=CARTESIAN_POINT('',(-28.5348857046258,-28.7294999999999,9.39999999996056));
#3412=CARTESIAN_POINT('',(-36.3354866432711,-27.9040000000001,3.175));
#3413=CARTESIAN_POINT('Origin',(-28.5348857048908,-27.9039999999999,1.39999999996056));
#3414=CARTESIAN_POINT('',(-36.3354866432711,-29.9359999999996,3.175));
#3415=CARTESIAN_POINT('',(-36.3354866432711,-28.7294999999999,3.175));
#3416=CARTESIAN_POINT('Origin',(-28.5348857048908,-29.9359999999999,1.39999999996056));
#3417=CARTESIAN_POINT('Origin',(-12.3954781598563,-27.65,9.3999999994259));
#3418=CARTESIAN_POINT('',(-15.709186658686,-27.9039999999999,9.4000000002098));
#3419=CARTESIAN_POINT('',(-15.709186658686,-27.65,9.39999999953568));
#3420=CARTESIAN_POINT('',(-34.5348857048908,-27.9039999999999,9.4000000002098));
#3421=CARTESIAN_POINT('Origin',(-15.709186658951,-27.65,1.39999999953568));
#3422=CARTESIAN_POINT('Origin',(-15.709186658951,-27.904,1.39999999953568));
#3423=CARTESIAN_POINT('Origin',(21.7755642274445,8.85400000000069,-31.034594255628));
#3424=CARTESIAN_POINT('',(-5.42014731312023,8.85400000000029,-2.42466915268859));
#3425=CARTESIAN_POINT('',(-6.12725409430657,9.85400000000029,-3.13177593387512));
#3426=CARTESIAN_POINT('Origin',(-6.12725409430683,8.85400000000029,-3.13177593387485));
#3427=CARTESIAN_POINT('',(21.7755642274445,9.85400000000068,-31.034594255628));
#3428=CARTESIAN_POINT('',(22.4826710086311,8.85400000000069,-30.3274874744415));
#3429=CARTESIAN_POINT('Origin',(1.78745597065322,9.8540000000004,-21.5697875426625));
#3430=CARTESIAN_POINT('',(-8.40452608967018,9.85400000000025,-5.40904792923858));
#3431=CARTESIAN_POINT('',(-15.7091866586863,9.85400000000015,9.39999999953568));
#3432=CARTESIAN_POINT('Origin',(-15.7091866589513,9.85400000000028,1.39999999953568));
#3433=CARTESIAN_POINT('',(-28.5348857046258,9.85399999999997,9.39999999996056));
#3434=CARTESIAN_POINT('',(-17.135714866606,9.85400000000013,9.39999999958293));
#3435=CARTESIAN_POINT('',(-36.3354866432711,9.85399999999988,3.175));
#3436=CARTESIAN_POINT('Origin',(-28.5348857048908,9.8540000000004,1.39999999996056));
#3437=CARTESIAN_POINT('',(-25.5000000000004,9.85400000000001,3.175));
#3438=CARTESIAN_POINT('',(-34.5348857048908,9.85399999999988,3.175));
#3439=CARTESIAN_POINT('',(-25.5000000000004,9.85400000000001,-3.175));
#3440=CARTESIAN_POINT('Origin',(-25.5000000000004,9.85400000000021,-3.61207548800899E-59));
#3441=CARTESIAN_POINT('',(-36.5348857048908,9.85399999999988,-3.175));
#3442=CARTESIAN_POINT('',(-17.135714867119,9.85400000000013,-3.175));
#3443=CARTESIAN_POINT('',(-36.5348857048908,9.85399999999988,-8.42345172545482));
#3444=CARTESIAN_POINT('',(-36.5348857048908,9.85399999999988,-12.9742895121567));
#3445=CARTESIAN_POINT('',(-33.2575646785354,9.85399999999998,-14.8807192057359));
#3446=CARTESIAN_POINT('Origin',(-28.5348857048908,9.85399999999996,-8.42345172545482));
#3447=CARTESIAN_POINT('Origin',(-37.9802436521801,9.85399999999991,-21.3379866860169));
#3448=CARTESIAN_POINT('',(11.4716341501431,9.85400000000047,-23.4759451349654));
#3449=CARTESIAN_POINT('Origin',(12.4716341501451,9.85400000000048,-23.4759451349654));
#3450=CARTESIAN_POINT('',(-3.02405486418106,9.85400000000037,-37.9716341492897));
#3451=CARTESIAN_POINT('Origin',(-2.02405486417906,9.85400000000037,-37.9716341492897));
#3452=CARTESIAN_POINT('',(28.7603949501543,9.85400000000059,-40.7647059349765));
#3453=CARTESIAN_POINT('Origin',(29.7603949501563,9.85400000000059,-40.7647059349765));
#3454=CARTESIAN_POINT('Origin',(21.7755642274447,-26.9039999999997,-31.0345942556282));
#3455=CARTESIAN_POINT('',(-6.12725409430656,-27.9039999999999,-3.13177593387511));
#3456=CARTESIAN_POINT('',(-5.42014731311999,-26.9039999999999,-2.42466915268859));
#3457=CARTESIAN_POINT('Origin',(-6.12725409430657,-26.9039999999999,-3.13177593387511));
#3458=CARTESIAN_POINT('',(22.4826710086313,-26.9039999999997,-30.3274874744417));
#3459=CARTESIAN_POINT('',(21.7755642274448,-27.9039999999997,-31.0345942556282));
#3460=CARTESIAN_POINT('Origin',(37.2091284935091,-27.6499999999999,-45.0539449593205));
#3461=CARTESIAN_POINT('',(-5.42014731311999,-27.6499999999999,-2.42466915268859));
#3462=CARTESIAN_POINT('Origin',(-37.9802436521801,-28.1579999999999,-21.3379866860166));
#3463=CARTESIAN_POINT('',(-32.3233894027006,-27.9040000000001,-15.6811324365113));
#3464=CARTESIAN_POINT('Origin',(-37.9802436521801,-27.904,-21.3379866860166));
#3465=CARTESIAN_POINT('',(-32.3233894027006,-28.1579999999999,-15.6811324365113));
#3466=CARTESIAN_POINT('Origin',(1.78745597065359,-27.9039999999999,-21.5697875426625));
#3467=CARTESIAN_POINT('',(21.7035989965248,-27.9039999999997,-41.3715397045592));
#3468=CARTESIAN_POINT('',(7.53087068571085,-27.9039999999998,-37.0411914768488));
#3469=CARTESIAN_POINT('',(13.7090989833922,-27.9039999999998,-43.365529348634));
#3470=CARTESIAN_POINT('Origin',(19.3659532328846,-27.9039999999997,-49.0223835981264));
#3471=CARTESIAN_POINT('',(10.1919074959709,-27.9039999999998,-46.8827208360553));
#3472=CARTESIAN_POINT('',(11.5906008132501,-27.9039999999998,-45.4840275187762));
#3473=CARTESIAN_POINT('',(-1.12180100300092,-27.9039999999999,-46.8827208360683));
#3474=CARTESIAN_POINT('Origin',(4.53505324647852,-27.9039999999999,-41.225866586563));
#3475=CARTESIAN_POINT('',(-24.1912624338804,-27.9040000000001,-23.8132594052943));
#3476=CARTESIAN_POINT('',(-25.5000000000001,-27.9039999999999,-3.175));
#3477=CARTESIAN_POINT('',(-34.5348857048908,-27.9039999999999,-3.175));
#3478=CARTESIAN_POINT('',(-25.5000000000001,-27.9039999999999,3.175));
#3479=CARTESIAN_POINT('Origin',(-25.5000000000001,-27.9039999999999,6.57384087684178E-31));
#3480=CARTESIAN_POINT('',(-11.8562720146733,-27.904,3.175));
#3481=CARTESIAN_POINT('',(-8.40452608966995,-27.9039999999999,-5.40904792923835));
#3482=CARTESIAN_POINT('',(11.4716341501434,-27.9039999999999,-23.4759451349654));
#3483=CARTESIAN_POINT('Origin',(12.4716341501454,-27.9039999999998,-23.4759451349654));
#3484=CARTESIAN_POINT('',(-3.02405486418079,-27.9039999999999,-37.9716341492897));
#3485=CARTESIAN_POINT('Origin',(-2.02405486417879,-27.9039999999999,-37.9716341492897));
#3486=CARTESIAN_POINT('',(28.7603949501545,-27.9039999999999,-40.7647059349765));
#3487=CARTESIAN_POINT('Origin',(29.7603949501565,-27.9039999999997,-40.7647059349765));
#3488=CARTESIAN_POINT('Origin',(-28.5348857048908,10.108,-8.42345172545482));
#3489=CARTESIAN_POINT('',(-33.2575646785354,10.1079999999999,-14.8807192057359));
#3490=CARTESIAN_POINT('',(-36.5348857048908,10.108,-8.42345172545482));
#3491=CARTESIAN_POINT('Origin',(-36.5348857048908,11.7022627325094,-4.37879148165091));
#3492=CARTESIAN_POINT('',(-36.5348857048908,11.8860000000004,-3.175));
#3493=CARTESIAN_POINT('',(-36.5348857048908,10.1079999999999,-3.175));
#3494=CARTESIAN_POINT('',(-36.5348857048908,11.8860000000004,1.39999999996056));
#3495=CARTESIAN_POINT('',(-36.5348857048908,11.8860000000004,-2.18939574082546));
#3496=CARTESIAN_POINT('',(-36.5348857048908,10.6511313662546,1.39999999996056));
#3497=CARTESIAN_POINT('Origin',(19.3659532328846,-27.6499999999997,-49.0223835981264));
#3498=CARTESIAN_POINT('',(13.7090989833922,-27.6499999999998,-43.365529348634));
#3499=CARTESIAN_POINT('',(21.7035989965248,-27.6499999999997,-41.3715397045592));
#3500=CARTESIAN_POINT('Origin',(17.1074118159869,-27.6499999999998,-39.9672165160393));
#3501=CARTESIAN_POINT('Origin',(4.53505324647852,-27.6499999999999,-41.225866586563));
#3502=CARTESIAN_POINT('',(-1.12180100300093,-27.6499999999999,-46.8827208360683));
#3503=CARTESIAN_POINT('',(10.1919074959709,-27.6499999999998,-46.8827208360553));
#3504=CARTESIAN_POINT('Origin',(4.53505324649144,-27.6499999999998,-52.5395750855348));
#3505=CARTESIAN_POINT('Origin',(-29.1919428524456,-29.9359999999999,2.95822839457879E-30));
#3506=CARTESIAN_POINT('',(-25.5000000000001,-29.9359999999999,3.175));
#3507=CARTESIAN_POINT('',(-34.5348857048908,-29.9359999999996,3.175));
#3508=CARTESIAN_POINT('',(-25.5000000000001,-29.9359999999999,-3.175));
#3509=CARTESIAN_POINT('Origin',(-25.5000000000001,-29.9359999999999,2.95822839457879E-30));
#3510=CARTESIAN_POINT('',(-25.5000000000001,-29.9359999999999,-3.175));
#3511=CARTESIAN_POINT('Origin',(-25.5000000000001,-27.6499999999999,3.175));
#3512=CARTESIAN_POINT('',(-25.5000000000001,-27.6499999999999,3.175));
#3513=CARTESIAN_POINT('Origin',(-37.9802436521801,10.1079999999999,-21.3379866860169));
#3514=CARTESIAN_POINT('Origin',(-15.7091866589512,-9.02499999999999,1.39999999953568));
#3515=CARTESIAN_POINT('',(-15.7091866586861,-9.02499999999999,9.39999999953568));
#3516=CARTESIAN_POINT('Origin',(-36.0588857048911,9.59999999999986,9.40000000020981));
#3517=CARTESIAN_POINT('',(-28.5348857046258,10.6511313662546,9.39999999996056));
#3518=CARTESIAN_POINT('Origin',(-28.5348857048908,10.6511313662546,1.39999999996056));
#3519=CARTESIAN_POINT('',(-36.3354866432711,11.8860000000004,3.175));
#3520=CARTESIAN_POINT('Origin',(-28.5348857048908,11.8860000000004,1.39999999996056));
#3521=CARTESIAN_POINT('',(-36.3354866432711,10.6511313662546,3.175));
#3522=CARTESIAN_POINT('Origin',(-5.42014731311999,-27.6499999999999,-2.42466915268859));
#3523=CARTESIAN_POINT('Origin',(-36.058885704891,-27.6499999999999,-3.175));
#3524=CARTESIAN_POINT('',(-25.5000000000001,-27.6499999999999,-3.175));
#3525=CARTESIAN_POINT('Origin',(-25.5000000000004,9.60000000000001,3.175));
#3526=CARTESIAN_POINT('',(-25.5000000000003,11.8860000000004,3.175));
#3527=CARTESIAN_POINT('',(-27.3459714262231,11.8860000000004,3.175));
#3528=CARTESIAN_POINT('',(-25.5000000000004,9.60000000000001,3.175));
#3529=CARTESIAN_POINT('Origin',(29.7603949501564,10.8700000000004,-40.7647059349765));
#3530=CARTESIAN_POINT('',(28.7603949501543,10.8700000000004,-40.7647059349765));
#3531=CARTESIAN_POINT('Origin',(29.7603949501563,10.8700000000004,-40.7647059349765));
#3532=CARTESIAN_POINT('Origin',(12.4716341501453,10.8700000000004,-23.4759451349654));
#3533=CARTESIAN_POINT('',(11.4716341501431,10.8700000000004,-23.4759451349654));
#3534=CARTESIAN_POINT('Origin',(12.4716341501451,10.8700000000004,-23.4759451349654));
#3535=CARTESIAN_POINT('Origin',(-2.02405486417889,10.8700000000004,-37.9716341492897));
#3536=CARTESIAN_POINT('',(-3.02405486418107,10.8700000000004,-37.9716341492897));
#3537=CARTESIAN_POINT('Origin',(-2.02405486417907,10.8700000000004,-37.9716341492897));
#3538=CARTESIAN_POINT('Origin',(-29.1919428524457,11.8860000000004,2.16000359081317E-74));
#3539=CARTESIAN_POINT('',(-25.5000000000003,11.8860000000004,-3.175));
#3540=CARTESIAN_POINT('',(-32.6254142786685,11.8860000000004,-3.175));
#3541=CARTESIAN_POINT('Origin',(-25.5000000000004,11.8860000000004,-3.61207548800899E-59));
#3542=CARTESIAN_POINT('Origin',(12.4716341501451,9.60000000000047,-23.4759451349654));
#3543=CARTESIAN_POINT('',(11.4716341501431,9.60000000000047,-23.4759451349654));
#3544=CARTESIAN_POINT('Origin',(-2.02405486417906,9.60000000000037,-37.9716341492897));
#3545=CARTESIAN_POINT('',(-3.02405486418106,9.60000000000037,-37.9716341492897));
#3546=CARTESIAN_POINT('Origin',(29.7603949501563,9.6000000000006,-40.7647059349765));
#3547=CARTESIAN_POINT('',(28.7603949501543,9.60000000000059,-40.7647059349765));
#3548=CARTESIAN_POINT('Origin',(-36.0588857048913,9.59999999999986,-3.175));
#3549=CARTESIAN_POINT('',(-25.5000000000004,9.60000000000001,-3.175));
#3550=CARTESIAN_POINT('Origin',(-25.5000000000004,9.6000000000002,-3.61207548800899E-59));
#3551=CARTESIAN_POINT('Origin',(28.3815367268426,-31.4599999999999,-53.881536725987));
#3552=CARTESIAN_POINT('Origin',(28.3815367268428,-28.9273999999994,-53.881536725987));
#3553=CARTESIAN_POINT('Origin',(28.3815367268426,-28.9199999999999,-53.881536725987));
#3554=CARTESIAN_POINT('Origin',(29.5793448927367,-28.9199999999999,-42.5368661552657));
#3555=CARTESIAN_POINT('Origin',(-25.5000000000001,-27.6499999999999,0.));
#3556=CARTESIAN_POINT('Origin',(12.4716341501454,-31.4599999999999,-23.4759451349654));
#3557=CARTESIAN_POINT('',(11.4716341501434,-28.9273999999994,-23.4759451349654));
#3558=CARTESIAN_POINT('Origin',(12.4716341501454,-28.9273999999994,-23.4759451349654));
#3559=CARTESIAN_POINT('',(11.4716341501434,-31.4599999999999,-23.4759451349654));
#3560=CARTESIAN_POINT('Origin',(-2.02405486417877,-31.4599999999999,-37.9716341492897));
#3561=CARTESIAN_POINT('',(-3.02405486418077,-28.9273999999994,-37.9716341492897));
#3562=CARTESIAN_POINT('Origin',(-2.02405486417877,-28.9273999999994,-37.9716341492897));
#3563=CARTESIAN_POINT('',(-3.02405486418077,-31.4599999999999,-37.9716341492897));
#3564=CARTESIAN_POINT('Origin',(29.7603949501566,-31.4599999999999,-40.7647059349765));
#3565=CARTESIAN_POINT('',(28.7603949501546,-28.9273999999994,-40.7647059349765));
#3566=CARTESIAN_POINT('Origin',(29.7603949501566,-28.9273999999994,-40.7647059349765));
#3567=CARTESIAN_POINT('',(28.7603949501546,-31.4599999999999,-40.7647059349765));
#3568=CARTESIAN_POINT('Origin',(-2.02405486417877,-28.9273999999994,-37.9716341492897));
#3569=CARTESIAN_POINT('Origin',(12.4716341501454,-28.9273999999994,-23.4759451349654));
#3570=CARTESIAN_POINT('Origin',(29.7603949501566,-28.9273999999994,-40.7148424147562));
#3571=CARTESIAN_POINT('Origin',(-36.0588857048908,-27.6500000000001,-11.9456361343382));
#3572=UNCERTAINTY_MEASURE_WITH_UNIT(LENGTH_MEASURE(0.01),#3576,
'DISTANCE_ACCURACY_VALUE',
'Maximum model space distance between geometric entities at asserted c
onnectivities');
#3573=UNCERTAINTY_MEASURE_WITH_UNIT(LENGTH_MEASURE(0.01),#3576,
'DISTANCE_ACCURACY_VALUE',
'Maximum model space distance between geometric entities at asserted c
onnectivities');
#3574=(
GEOMETRIC_REPRESENTATION_CONTEXT(3)
GLOBAL_UNCERTAINTY_ASSIGNED_CONTEXT((#3572))
GLOBAL_UNIT_ASSIGNED_CONTEXT((#3576,#3578,#3579))
REPRESENTATION_CONTEXT('','3D')
);
#3575=(
GEOMETRIC_REPRESENTATION_CONTEXT(3)
GLOBAL_UNCERTAINTY_ASSIGNED_CONTEXT((#3573))
GLOBAL_UNIT_ASSIGNED_CONTEXT((#3576,#3578,#3579))
REPRESENTATION_CONTEXT('','3D')
);
#3576=(
LENGTH_UNIT()
NAMED_UNIT(*)
SI_UNIT(.MILLI.,.METRE.)
);
#3577=(
LENGTH_UNIT()
NAMED_UNIT(*)
SI_UNIT($,.METRE.)
);
#3578=(
NAMED_UNIT(*)
PLANE_ANGLE_UNIT()
SI_UNIT($,.RADIAN.)
);
#3579=(
NAMED_UNIT(*)
SI_UNIT($,.STERADIAN.)
SOLID_ANGLE_UNIT()
);
#3580=SHAPE_DEFINITION_REPRESENTATION(#3581,#3582);
#3581=PRODUCT_DEFINITION_SHAPE('',$,#3584);
#3582=SHAPE_REPRESENTATION('',(#1960),#3574);
#3583=PRODUCT_DEFINITION_CONTEXT('part definition',#3588,'design');
#3584=PRODUCT_DEFINITION('Upper Leg','Upper Leg',#3585,#3583);
#3585=PRODUCT_DEFINITION_FORMATION('',$,#3590);
#3586=PRODUCT_RELATED_PRODUCT_CATEGORY('Upper Leg','Upper Leg',(#3590));
#3587=APPLICATION_PROTOCOL_DEFINITION('international standard',
'automotive_design',2009,#3588);
#3588=APPLICATION_CONTEXT(
'Core Data for Automotive Mechanical Design Process');
#3589=PRODUCT_CONTEXT('part definition',#3588,'mechanical');
#3590=PRODUCT('Upper Leg','Upper Leg',$,(#3589));
#3591=PRESENTATION_STYLE_ASSIGNMENT((#3592));
#3592=SURFACE_STYLE_USAGE(.BOTH.,#3593);
#3593=SURFACE_SIDE_STYLE('',(#3594));
#3594=SURFACE_STYLE_FILL_AREA(#3595);
#3595=FILL_AREA_STYLE('Steel - Satin',(#3596));
#3596=FILL_AREA_STYLE_COLOUR('Steel - Satin',#3597);
#3597=COLOUR_RGB('Steel - Satin',0.627450980392157,0.627450980392157,0.627450980392157);
ENDSEC;
END-ISO-10303-21;
